.............................................F...........F.F............ [ 46%]
......................FFFF.............................................F [ 92%]
FFFFF.....F                                                              [100%]
================================== FAILURES ===================================
_ test_v3_migration_preserves_settlement_and_marks_legacy_outcome_unverifiable _

tmp_path = WindowsPath('C:/Users/郑曾波/Projects/invest-quick-scan/runs/n111a/tmp/journal-green-02/test_v3_migration_preserves_se0')

    def test_v3_migration_preserves_settlement_and_marks_legacy_outcome_unverifiable(
        tmp_path,
    ):
        path = tmp_path / "budget-v3-migration.sqlite"
        store = QuickScanWorkStore(path)
        policy = _policy(max_cost=10, max_cost_per_attempt=2)
        _reserve(store, policy, "DISPATCH_legacy_settled")
        store.reconcile_budget_attempt(
            "DISPATCH_legacy_settled",
            resolved_outcome="completed",
            actual_cost=0.5,
            cost_source_ref="fixture-legacy-reconciliation",
        )
        with closing(sqlite3.connect(path)) as connection, connection:
            before = connection.execute(
                "SELECT status,actual_cost_micros,request_counted FROM quick_scan_budget_attempt "
                "WHERE budget_attempt_id='DISPATCH_legacy_settled'"
            ).fetchone()
            connection.execute("DROP TRIGGER quick_scan_budget_terminal_no_update")
            connection.execute("DROP TRIGGER quick_scan_budget_terminal_no_delete")
            connection.execute("DROP TABLE quick_scan_budget_terminal")
            for trigger in (
                "quick_scan_delivery_package_immutable",
                "quick_scan_delivery_state_transition",
                "quick_scan_delivery_no_delete",
                "quick_scan_delivery_event_no_update",
                "quick_scan_delivery_event_no_delete",
                "quick_scan_delivery_ack_immutable",
            ):
                connection.execute(f"DROP TRIGGER {trigger}")
            connection.execute("DROP TABLE quick_scan_result_delivery_event")
            connection.execute("DROP TABLE quick_scan_result_delivery")
            # strip the v5/v6 objects too: this fixture must be a real v3 database
            for table in (
                "quick_scan_work_context",
                "quick_scan_standard_answer",
                "quick_scan_delivery_revision",
                "quick_scan_observation_context",
            ):
                connection.execute(f"DROP TABLE {table}")
            connection.execute("PRAGMA user_version=3")
    
>       migrated = QuickScanWorkStore(path)
                   ^^^^^^^^^^^^^^^^^^^^^^^^

tests\unit\test_quick_scan_budget.py:413: 
_ _ _ _ _ _ _ _ _ _ _ _ _ _ _ _ _ _ _ _ _ _ _ _ _ _ _ _ _ _ _ _ _ _ _ _ _ _ _ _
src\utils\quick_scan_work_store.py:1031: in __init__
    self._initialize(connection)
src\utils\quick_scan_work_store.py:1080: in _initialize
    cls._validate_schema(connection, schema_version=3)
_ _ _ _ _ _ _ _ _ _ _ _ _ _ _ _ _ _ _ _ _ _ _ _ _ _ _ _ _ _ _ _ _ _ _ _ _ _ _ _

cls = <class 'src.utils.quick_scan_work_store.QuickScanWorkStore'>
connection = <sqlite3.Connection object at 0x000001A9AFA00D60>
schema_version = 3

    @classmethod
    def _validate_schema(
        cls, connection: sqlite3.Connection, *, schema_version: int = SCHEMA_VERSION
    ) -> None:
        actual = cls._schema_objects(connection)
        expected = {
            ("table", "work_item"): _DDL_V1[0],
            ("table", "work_run_ref"): _DDL_V1[1],
            ("table", "attempt"): _DDL_V1[2],
            ("table", "work_event"): _DDL_V1[3],
            ("index", "work_item_status_expiry_idx"): _DDL_V1[4],
            ("index", "attempt_work_phase_idx"): _DDL_V1[5],
            ("index", "attempt_request_cache_key_idx"): _DDL_V1[6],
        }
        if schema_version >= 2:
            expected.update(
                {
                    ("table", "answer_checkpoint"): _DDL_V2_ADDITIONS[0],
                    ("trigger", "answer_checkpoint_no_update"): _DDL_V2_ADDITIONS[1],
                    ("trigger", "answer_checkpoint_no_delete"): _DDL_V2_ADDITIONS[2],
                }
            )
        if schema_version >= 3:
            expected.update(
                {
                    ("table", "quick_scan_budget_policy"): _DDL_V3_ADDITIONS[0],
                    ("table", "quick_scan_budget_attempt"): _DDL_V3_ADDITIONS[1],
                    (
                        "index",
                        "quick_scan_budget_attempt_policy_idx",
                    ): _DDL_V3_ADDITIONS[2],
                    ("index", "quick_scan_budget_attempt_slots_idx"): _DDL_V3_ADDITIONS[3],
                }
            )
        if schema_version >= 4:
            expected.update(
                {
                    ("table", "quick_scan_budget_terminal"): _DDL_V4_ADDITIONS[0],
                    (
                        "trigger",
                        "quick_scan_budget_terminal_no_update",
                    ): _DDL_V4_ADDITIONS[1],
                    (
                        "trigger",
                        "quick_scan_budget_terminal_no_delete",
                    ): _DDL_V4_ADDITIONS[2],
                }
            )
        if schema_version >= 5:
            expected.update(
                {
                    ("table", "quick_scan_result_delivery"): _DDL_V5_ADDITIONS[0],
                    ("index", "quick_scan_delivery_state_idx"): _DDL_V5_ADDITIONS[1],
                    ("table", "quick_scan_result_delivery_event"): _DDL_V5_ADDITIONS[2],
                    (
                        "trigger",
                        "quick_scan_delivery_package_immutable",
                    ): (_DDL_V6_ADDITIONS[1] if schema_version >= 6 else _DDL_V5_ADDITIONS[3]),
                    (
                        "trigger",
                        "quick_scan_delivery_state_transition",
                    ): _DDL_V5_ADDITIONS[4],
                    ("trigger", "quick_scan_delivery_no_delete"): _DDL_V5_ADDITIONS[5],
                    (
                        "trigger",
                        "quick_scan_delivery_event_no_update",
                    ): _DDL_V5_ADDITIONS[6],
                    (
                        "trigger",
                        "quick_scan_delivery_event_no_delete",
                    ): _DDL_V5_ADDITIONS[7],
                    ("trigger", "quick_scan_delivery_ack_immutable"): _DDL_V5_ADDITIONS[8],
                }
            )
        elif schema_version not in {1, 2, 3, 4}:
            raise ValueError("unsupported quick-scan work database schema version")
        if schema_version >= 6:
            expected.update(
                {
                    ("table", "quick_scan_observation_context"): _DDL_V6_ADDITIONS[2],
                    ("table", "quick_scan_work_context"): _DDL_V6_ADDITIONS[3],
                    ("table", "quick_scan_standard_answer"): _DDL_V6_ADDITIONS[4],
                    ("table", "quick_scan_delivery_revision"): _DDL_V6_ADDITIONS[5],
                    (
                        "index",
                        "quick_scan_delivery_revision_head_idx",
                    ): _DDL_V6_ADDITIONS[6],
                    (
                        "trigger",
                        "quick_scan_observation_context_no_update",
                    ): _DDL_V6_ADDITIONS[7],
                    (
                        "trigger",
                        "quick_scan_observation_context_no_delete",
                    ): _DDL_V6_ADDITIONS[8],
                    ("trigger", "quick_scan_work_context_no_update"): _DDL_V6_ADDITIONS[9],
                    ("trigger", "quick_scan_work_context_no_delete"): _DDL_V6_ADDITIONS[10],
                    (
                        "trigger",
                        "quick_scan_standard_answer_no_update",
                    ): _DDL_V6_ADDITIONS[11],
                    (
                        "trigger",
                        "quick_scan_standard_answer_no_delete",
                    ): _DDL_V6_ADDITIONS[12],
                    (
                        "trigger",
                        "quick_scan_delivery_revision_no_update",
                    ): _DDL_V6_ADDITIONS[13],
                    (
                        "trigger",
                        "quick_scan_delivery_revision_no_delete",
                    ): _DDL_V6_ADDITIONS[14],
                }
            )
        if schema_version >= 7:
            expected.update(
                {
                    ("table", "quick_scan_delivery_consumer_binding"): _DDL_V7_ADDITIONS[0],
                    ("trigger", "quick_scan_consumer_binding_insert_guard"): _DDL_V7_ADDITIONS[1],
                    ("trigger", "quick_scan_consumer_binding_no_update"): _DDL_V7_ADDITIONS[2],
                    ("trigger", "quick_scan_consumer_binding_no_delete"): _DDL_V7_ADDITIONS[3],
                    ("trigger", "quick_scan_delivery_consumer_guard"): _DDL_V7_ADDITIONS[4],
                }
            )
        if schema_version >= 8:
            for statement in _DDL_V8_ADDITIONS:
                match = re.match(r"CREATE (TABLE|TRIGGER) ([A-Za-z_]+)", statement)
                assert match is not None
                expected[(match[1].lower(), match[2])] = statement
        if schema_version >= 9:
            for statement in _DDL_V9_ADDITIONS:
                match = re.match(r"CREATE (TABLE|TRIGGER) ([A-Za-z_]+)", statement)
                assert match is not None
                expected[(match[1].lower(), match[2])] = statement
        if actual.keys() != expected.keys() or any(
            _normalized_sql(actual[key]) != _normalized_sql(statement)
            for key, statement in expected.items()
        ):
>           raise ValueError("quick-scan work database schema mismatch")
E           ValueError: quick-scan work database schema mismatch

src\utils\quick_scan_work_store.py:1313: ValueError
_______ test_two_processes_race_on_one_lease_and_stale_epoch_is_fenced ________

tmp_path = WindowsPath('C:/Users/郑曾波/Projects/invest-quick-scan/runs/n111a/tmp/journal-green-02/test_two_processes_race_on_one0')

    def test_two_processes_race_on_one_lease_and_stale_epoch_is_fenced(tmp_path):
        clock = [1_800_000_000.0]
        store = _store(tmp_path, clock)
        item = _created(store)
        work_id = item["work_item_id"]
        start = tmp_path / "start"
        processes = [
            _claim_process(
                str(store.path),
                work_id,
                str(tmp_path / f"ready-{i}"),
                str(start),
                str(tmp_path / f"result-{i}"),
            )
            for i in range(2)
        ]
        try:
            deadline = time.monotonic() + 15
            while not all((tmp_path / f"ready-{i}").exists() for i in range(2)):
>               assert time.monotonic() < deadline, "child workers did not reach the barrier"
E               AssertionError: child workers did not reach the barrier
E               assert 156438.9247053 < 156438.921432
E                +  where 156438.9247053 = <built-in function monotonic>()
E                +    where <built-in function monotonic> = time.monotonic

tests\unit\test_quick_scan_work_store.py:287: AssertionError
______ test_send_intent_survives_immediate_process_exit_before_any_http _______

tmp_path = WindowsPath('C:/Users/郑曾波/Projects/invest-quick-scan/runs/n111a/tmp/journal-green-02/test_send_intent_survives_imme0')

    def test_send_intent_survives_immediate_process_exit_before_any_http(tmp_path):
        clock = [1_800_000_000.0]
        store = _store(tmp_path, clock)
        work_id = _created(store)["work_item_id"]
        lease = store.claim(work_id, lease_seconds=10)
        attempt = _prepared(store, work_id, lease)
        program = (
            "import os,sys; from pathlib import Path; "
            "from src.utils.quick_scan_work_store import QuickScanWorkStore,Lease; "
            "s=QuickScanWorkStore(Path(sys.argv[1]),clock=lambda:1800000000.0); "
            "s.mark_send_intent(sys.argv[2],Lease(sys.argv[3],int(sys.argv[4])),sys.argv[5]); "
            "os._exit(0)"
        )
        child = subprocess.run(
            [
                sys.executable,
                "-B",
                "-c",
                program,
                str(store.path),
                work_id,
                lease.lease_token,
                str(lease.lease_epoch),
                attempt["attempt_id"],
            ],
            cwd=REPO_ROOT,
            env={
                **os.environ,
                "PYTHONPATH": str(REPO_ROOT),
                "PYTHONDONTWRITEBYTECODE": "1",
            },
            capture_output=True,
            text=True,
            timeout=15,
            check=False,
        )
>       assert child.returncode == 0, child.stderr
E       AssertionError: Traceback (most recent call last):
E           File "<string>", line 1, in <module>
E             import os,sys; from pathlib import Path; from src.utils.quick_scan_work_store import QuickScanWorkStore,Lease; s=QuickScanWorkStore(Path(sys.argv[1]),clock=lambda:1800000000.0); s.mark_send_intent(sys.argv[2],Lease(sys.argv[3],int(sys.argv[4])),sys.argv[5]); os._exit(0)
E                                                      ^^^^^^^^^^^^^^^^^^^^^^^^^^^^^^^^^^^^^^^^^^^^^^^^^^^^^^^^^^^^^^^^^^^^
E           File "C:\Users\郑曾波\Projects\invest-quick-scan\runs\n111a\qa\src\utils\quick_scan_work_store.py", line 26, in <module>
E             from src.utils.quick_scan_external_journal import DDL_V9_ADDITIONS as _DDL_V9_ADDITIONS
E           File "C:\Users\郑曾波\Projects\invest-quick-scan\runs\n111a\qa\src\utils\quick_scan_external_journal.py", line 17, in <module>
E             from src.providers.external_search_parsers import strict_search_json
E           File "C:\Users\郑曾波\Projects\invest-quick-scan\runs\n111a\qa\src\providers\__init__.py", line 8, in <module>
E             from src.providers.async_llm_provider import AsyncLLMProvider
E           File "C:\Users\郑曾波\Projects\invest-quick-scan\runs\n111a\qa\src\providers\async_llm_provider.py", line 16, in <module>
E             from src.utils.quick_scan_work_transport import (
E             ...<4 lines>...
E             )
E           File "C:\Users\郑曾波\Projects\invest-quick-scan\runs\n111a\qa\src\utils\quick_scan_work_transport.py", line 21, in <module>
E             from src.utils.quick_scan_work_store import (
E             ...<8 lines>...
E             )
E         ImportError: cannot import name 'BudgetAdmissionError' from partially initialized module 'src.utils.quick_scan_work_store' (most likely due to a circular import) (C:\Users\郑曾波\Projects\invest-quick-scan\runs\n111a\qa\src\utils\quick_scan_work_store.py)
E         
E       assert 1 == 0
E        +  where 1 = CompletedProcess(args=['C:\\Miniconda\\python.exe', '-B', '-c', 'import os,sys; from pathlib import Path; from src.uti...rcular import) (C:\\Users\\郑曾波\\Projects\\invest-quick-scan\\runs\\n111a\\qa\\src\\utils\\quick_scan_work_store.py)\n').returncode

tests\unit\test_quick_scan_work_store.py:383: AssertionError
__ test_q10_v7_migration_adds_empty_tables_without_backfilling_bare_attempt ___

tmp_path = WindowsPath('C:/Users/郑曾波/Projects/invest-quick-scan/runs/n111a/tmp/journal-green-02/test_q10_v7_migration_adds_emp0')

    def test_q10_v7_migration_adds_empty_tables_without_backfilling_bare_attempt(tmp_path):
        store = _store(tmp_path, [1_800_000_000.0])
        item = _created(store)
        lease, attempt, receipt = _successful_search_attempt(store, item["work_item_id"], durable=False)
        with closing(store._connect()) as connection, connection:
            _q10_reconstruct_old_schema(connection, 7)
            before = tuple(connection.execute("SELECT * FROM attempt").fetchone())
>       migrated = _store(tmp_path, [1_800_000_000.0])
                   ^^^^^^^^^^^^^^^^^^^^^^^^^^^^^^^^^^^

tests\unit\test_quick_scan_work_store.py:1276: 
_ _ _ _ _ _ _ _ _ _ _ _ _ _ _ _ _ _ _ _ _ _ _ _ _ _ _ _ _ _ _ _ _ _ _ _ _ _ _ _
tests\unit\test_quick_scan_work_store.py:33: in _store
    return QuickScanWorkStore(tmp_path / "quick_scan_work.sqlite", clock=lambda: clock[0])
           ^^^^^^^^^^^^^^^^^^^^^^^^^^^^^^^^^^^^^^^^^^^^^^^^^^^^^^^^^^^^^^^^^^^^^^^^^^^^^^^
src\utils\quick_scan_work_store.py:1031: in __init__
    self._initialize(connection)
src\utils\quick_scan_work_store.py:1102: in _initialize
    cls._validate_schema(connection, schema_version=7)
_ _ _ _ _ _ _ _ _ _ _ _ _ _ _ _ _ _ _ _ _ _ _ _ _ _ _ _ _ _ _ _ _ _ _ _ _ _ _ _

cls = <class 'src.utils.quick_scan_work_store.QuickScanWorkStore'>
connection = <sqlite3.Connection object at 0x000001A9AFA03880>
schema_version = 7

    @classmethod
    def _validate_schema(
        cls, connection: sqlite3.Connection, *, schema_version: int = SCHEMA_VERSION
    ) -> None:
        actual = cls._schema_objects(connection)
        expected = {
            ("table", "work_item"): _DDL_V1[0],
            ("table", "work_run_ref"): _DDL_V1[1],
            ("table", "attempt"): _DDL_V1[2],
            ("table", "work_event"): _DDL_V1[3],
            ("index", "work_item_status_expiry_idx"): _DDL_V1[4],
            ("index", "attempt_work_phase_idx"): _DDL_V1[5],
            ("index", "attempt_request_cache_key_idx"): _DDL_V1[6],
        }
        if schema_version >= 2:
            expected.update(
                {
                    ("table", "answer_checkpoint"): _DDL_V2_ADDITIONS[0],
                    ("trigger", "answer_checkpoint_no_update"): _DDL_V2_ADDITIONS[1],
                    ("trigger", "answer_checkpoint_no_delete"): _DDL_V2_ADDITIONS[2],
                }
            )
        if schema_version >= 3:
            expected.update(
                {
                    ("table", "quick_scan_budget_policy"): _DDL_V3_ADDITIONS[0],
                    ("table", "quick_scan_budget_attempt"): _DDL_V3_ADDITIONS[1],
                    (
                        "index",
                        "quick_scan_budget_attempt_policy_idx",
                    ): _DDL_V3_ADDITIONS[2],
                    ("index", "quick_scan_budget_attempt_slots_idx"): _DDL_V3_ADDITIONS[3],
                }
            )
        if schema_version >= 4:
            expected.update(
                {
                    ("table", "quick_scan_budget_terminal"): _DDL_V4_ADDITIONS[0],
                    (
                        "trigger",
                        "quick_scan_budget_terminal_no_update",
                    ): _DDL_V4_ADDITIONS[1],
                    (
                        "trigger",
                        "quick_scan_budget_terminal_no_delete",
                    ): _DDL_V4_ADDITIONS[2],
                }
            )
        if schema_version >= 5:
            expected.update(
                {
                    ("table", "quick_scan_result_delivery"): _DDL_V5_ADDITIONS[0],
                    ("index", "quick_scan_delivery_state_idx"): _DDL_V5_ADDITIONS[1],
                    ("table", "quick_scan_result_delivery_event"): _DDL_V5_ADDITIONS[2],
                    (
                        "trigger",
                        "quick_scan_delivery_package_immutable",
                    ): (_DDL_V6_ADDITIONS[1] if schema_version >= 6 else _DDL_V5_ADDITIONS[3]),
                    (
                        "trigger",
                        "quick_scan_delivery_state_transition",
                    ): _DDL_V5_ADDITIONS[4],
                    ("trigger", "quick_scan_delivery_no_delete"): _DDL_V5_ADDITIONS[5],
                    (
                        "trigger",
                        "quick_scan_delivery_event_no_update",
                    ): _DDL_V5_ADDITIONS[6],
                    (
                        "trigger",
                        "quick_scan_delivery_event_no_delete",
                    ): _DDL_V5_ADDITIONS[7],
                    ("trigger", "quick_scan_delivery_ack_immutable"): _DDL_V5_ADDITIONS[8],
                }
            )
        elif schema_version not in {1, 2, 3, 4}:
            raise ValueError("unsupported quick-scan work database schema version")
        if schema_version >= 6:
            expected.update(
                {
                    ("table", "quick_scan_observation_context"): _DDL_V6_ADDITIONS[2],
                    ("table", "quick_scan_work_context"): _DDL_V6_ADDITIONS[3],
                    ("table", "quick_scan_standard_answer"): _DDL_V6_ADDITIONS[4],
                    ("table", "quick_scan_delivery_revision"): _DDL_V6_ADDITIONS[5],
                    (
                        "index",
                        "quick_scan_delivery_revision_head_idx",
                    ): _DDL_V6_ADDITIONS[6],
                    (
                        "trigger",
                        "quick_scan_observation_context_no_update",
                    ): _DDL_V6_ADDITIONS[7],
                    (
                        "trigger",
                        "quick_scan_observation_context_no_delete",
                    ): _DDL_V6_ADDITIONS[8],
                    ("trigger", "quick_scan_work_context_no_update"): _DDL_V6_ADDITIONS[9],
                    ("trigger", "quick_scan_work_context_no_delete"): _DDL_V6_ADDITIONS[10],
                    (
                        "trigger",
                        "quick_scan_standard_answer_no_update",
                    ): _DDL_V6_ADDITIONS[11],
                    (
                        "trigger",
                        "quick_scan_standard_answer_no_delete",
                    ): _DDL_V6_ADDITIONS[12],
                    (
                        "trigger",
                        "quick_scan_delivery_revision_no_update",
                    ): _DDL_V6_ADDITIONS[13],
                    (
                        "trigger",
                        "quick_scan_delivery_revision_no_delete",
                    ): _DDL_V6_ADDITIONS[14],
                }
            )
        if schema_version >= 7:
            expected.update(
                {
                    ("table", "quick_scan_delivery_consumer_binding"): _DDL_V7_ADDITIONS[0],
                    ("trigger", "quick_scan_consumer_binding_insert_guard"): _DDL_V7_ADDITIONS[1],
                    ("trigger", "quick_scan_consumer_binding_no_update"): _DDL_V7_ADDITIONS[2],
                    ("trigger", "quick_scan_consumer_binding_no_delete"): _DDL_V7_ADDITIONS[3],
                    ("trigger", "quick_scan_delivery_consumer_guard"): _DDL_V7_ADDITIONS[4],
                }
            )
        if schema_version >= 8:
            for statement in _DDL_V8_ADDITIONS:
                match = re.match(r"CREATE (TABLE|TRIGGER) ([A-Za-z_]+)", statement)
                assert match is not None
                expected[(match[1].lower(), match[2])] = statement
        if schema_version >= 9:
            for statement in _DDL_V9_ADDITIONS:
                match = re.match(r"CREATE (TABLE|TRIGGER) ([A-Za-z_]+)", statement)
                assert match is not None
                expected[(match[1].lower(), match[2])] = statement
        if actual.keys() != expected.keys() or any(
            _normalized_sql(actual[key]) != _normalized_sql(statement)
            for key, statement in expected.items()
        ):
>           raise ValueError("quick-scan work database schema mismatch")
E           ValueError: quick-scan work database schema mismatch

src\utils\quick_scan_work_store.py:1313: ValueError
___ test_q10_v7_exact_checkpoint_remains_readable_without_new_response_rows ___

tmp_path = WindowsPath('C:/Users/郑曾波/Projects/invest-quick-scan/runs/n111a/tmp/journal-green-02/test_q10_v7_exact_checkpoint_r0')

    def test_q10_v7_exact_checkpoint_remains_readable_without_new_response_rows(tmp_path):
        store = _store(tmp_path, [1_800_000_000.0])
        item = _created(store)
        lease, attempt, receipt = _successful_search_attempt(store, item["work_item_id"])
        store.save_answer_checkpoint(
            item["work_item_id"],
            lease,
            attempt["attempt_id"],
            answer=_answer_for(item),
            execution_receipt=receipt,
        )
        with closing(store._connect()) as connection, connection:
            legacy_hash = _q10_reconstruct_old_schema(connection, 7)[item["work_item_id"]]
>       migrated = _store(tmp_path, [1_800_000_000.0])
                   ^^^^^^^^^^^^^^^^^^^^^^^^^^^^^^^^^^^

tests\unit\test_quick_scan_work_store.py:1307: 
_ _ _ _ _ _ _ _ _ _ _ _ _ _ _ _ _ _ _ _ _ _ _ _ _ _ _ _ _ _ _ _ _ _ _ _ _ _ _ _
tests\unit\test_quick_scan_work_store.py:33: in _store
    return QuickScanWorkStore(tmp_path / "quick_scan_work.sqlite", clock=lambda: clock[0])
           ^^^^^^^^^^^^^^^^^^^^^^^^^^^^^^^^^^^^^^^^^^^^^^^^^^^^^^^^^^^^^^^^^^^^^^^^^^^^^^^
src\utils\quick_scan_work_store.py:1031: in __init__
    self._initialize(connection)
src\utils\quick_scan_work_store.py:1102: in _initialize
    cls._validate_schema(connection, schema_version=7)
_ _ _ _ _ _ _ _ _ _ _ _ _ _ _ _ _ _ _ _ _ _ _ _ _ _ _ _ _ _ _ _ _ _ _ _ _ _ _ _

cls = <class 'src.utils.quick_scan_work_store.QuickScanWorkStore'>
connection = <sqlite3.Connection object at 0x000001A9AF87E6B0>
schema_version = 7

    @classmethod
    def _validate_schema(
        cls, connection: sqlite3.Connection, *, schema_version: int = SCHEMA_VERSION
    ) -> None:
        actual = cls._schema_objects(connection)
        expected = {
            ("table", "work_item"): _DDL_V1[0],
            ("table", "work_run_ref"): _DDL_V1[1],
            ("table", "attempt"): _DDL_V1[2],
            ("table", "work_event"): _DDL_V1[3],
            ("index", "work_item_status_expiry_idx"): _DDL_V1[4],
            ("index", "attempt_work_phase_idx"): _DDL_V1[5],
            ("index", "attempt_request_cache_key_idx"): _DDL_V1[6],
        }
        if schema_version >= 2:
            expected.update(
                {
                    ("table", "answer_checkpoint"): _DDL_V2_ADDITIONS[0],
                    ("trigger", "answer_checkpoint_no_update"): _DDL_V2_ADDITIONS[1],
                    ("trigger", "answer_checkpoint_no_delete"): _DDL_V2_ADDITIONS[2],
                }
            )
        if schema_version >= 3:
            expected.update(
                {
                    ("table", "quick_scan_budget_policy"): _DDL_V3_ADDITIONS[0],
                    ("table", "quick_scan_budget_attempt"): _DDL_V3_ADDITIONS[1],
                    (
                        "index",
                        "quick_scan_budget_attempt_policy_idx",
                    ): _DDL_V3_ADDITIONS[2],
                    ("index", "quick_scan_budget_attempt_slots_idx"): _DDL_V3_ADDITIONS[3],
                }
            )
        if schema_version >= 4:
            expected.update(
                {
                    ("table", "quick_scan_budget_terminal"): _DDL_V4_ADDITIONS[0],
                    (
                        "trigger",
                        "quick_scan_budget_terminal_no_update",
                    ): _DDL_V4_ADDITIONS[1],
                    (
                        "trigger",
                        "quick_scan_budget_terminal_no_delete",
                    ): _DDL_V4_ADDITIONS[2],
                }
            )
        if schema_version >= 5:
            expected.update(
                {
                    ("table", "quick_scan_result_delivery"): _DDL_V5_ADDITIONS[0],
                    ("index", "quick_scan_delivery_state_idx"): _DDL_V5_ADDITIONS[1],
                    ("table", "quick_scan_result_delivery_event"): _DDL_V5_ADDITIONS[2],
                    (
                        "trigger",
                        "quick_scan_delivery_package_immutable",
                    ): (_DDL_V6_ADDITIONS[1] if schema_version >= 6 else _DDL_V5_ADDITIONS[3]),
                    (
                        "trigger",
                        "quick_scan_delivery_state_transition",
                    ): _DDL_V5_ADDITIONS[4],
                    ("trigger", "quick_scan_delivery_no_delete"): _DDL_V5_ADDITIONS[5],
                    (
                        "trigger",
                        "quick_scan_delivery_event_no_update",
                    ): _DDL_V5_ADDITIONS[6],
                    (
                        "trigger",
                        "quick_scan_delivery_event_no_delete",
                    ): _DDL_V5_ADDITIONS[7],
                    ("trigger", "quick_scan_delivery_ack_immutable"): _DDL_V5_ADDITIONS[8],
                }
            )
        elif schema_version not in {1, 2, 3, 4}:
            raise ValueError("unsupported quick-scan work database schema version")
        if schema_version >= 6:
            expected.update(
                {
                    ("table", "quick_scan_observation_context"): _DDL_V6_ADDITIONS[2],
                    ("table", "quick_scan_work_context"): _DDL_V6_ADDITIONS[3],
                    ("table", "quick_scan_standard_answer"): _DDL_V6_ADDITIONS[4],
                    ("table", "quick_scan_delivery_revision"): _DDL_V6_ADDITIONS[5],
                    (
                        "index",
                        "quick_scan_delivery_revision_head_idx",
                    ): _DDL_V6_ADDITIONS[6],
                    (
                        "trigger",
                        "quick_scan_observation_context_no_update",
                    ): _DDL_V6_ADDITIONS[7],
                    (
                        "trigger",
                        "quick_scan_observation_context_no_delete",
                    ): _DDL_V6_ADDITIONS[8],
                    ("trigger", "quick_scan_work_context_no_update"): _DDL_V6_ADDITIONS[9],
                    ("trigger", "quick_scan_work_context_no_delete"): _DDL_V6_ADDITIONS[10],
                    (
                        "trigger",
                        "quick_scan_standard_answer_no_update",
                    ): _DDL_V6_ADDITIONS[11],
                    (
                        "trigger",
                        "quick_scan_standard_answer_no_delete",
                    ): _DDL_V6_ADDITIONS[12],
                    (
                        "trigger",
                        "quick_scan_delivery_revision_no_update",
                    ): _DDL_V6_ADDITIONS[13],
                    (
                        "trigger",
                        "quick_scan_delivery_revision_no_delete",
                    ): _DDL_V6_ADDITIONS[14],
                }
            )
        if schema_version >= 7:
            expected.update(
                {
                    ("table", "quick_scan_delivery_consumer_binding"): _DDL_V7_ADDITIONS[0],
                    ("trigger", "quick_scan_consumer_binding_insert_guard"): _DDL_V7_ADDITIONS[1],
                    ("trigger", "quick_scan_consumer_binding_no_update"): _DDL_V7_ADDITIONS[2],
                    ("trigger", "quick_scan_consumer_binding_no_delete"): _DDL_V7_ADDITIONS[3],
                    ("trigger", "quick_scan_delivery_consumer_guard"): _DDL_V7_ADDITIONS[4],
                }
            )
        if schema_version >= 8:
            for statement in _DDL_V8_ADDITIONS:
                match = re.match(r"CREATE (TABLE|TRIGGER) ([A-Za-z_]+)", statement)
                assert match is not None
                expected[(match[1].lower(), match[2])] = statement
        if schema_version >= 9:
            for statement in _DDL_V9_ADDITIONS:
                match = re.match(r"CREATE (TABLE|TRIGGER) ([A-Za-z_]+)", statement)
                assert match is not None
                expected[(match[1].lower(), match[2])] = statement
        if actual.keys() != expected.keys() or any(
            _normalized_sql(actual[key]) != _normalized_sql(statement)
            for key, statement in expected.items()
        ):
>           raise ValueError("quick-scan work database schema mismatch")
E           ValueError: quick-scan work database schema mismatch

src\utils\quick_scan_work_store.py:1313: ValueError
______ test_q10_v7_old_request_cannot_be_authorized_by_new_alias_config _______

tmp_path = WindowsPath('C:/Users/郑曾波/Projects/invest-quick-scan/runs/n111a/tmp/journal-green-02/test_q10_v7_old_request_cannot0')

    def test_q10_v7_old_request_cannot_be_authorized_by_new_alias_config(tmp_path):
        store = _store(tmp_path, [1_800_000_000.0])
        item = _created(store)
        lease = store.claim(item["work_item_id"], lease_seconds=60)
        first = _prepared(store, item["work_item_id"], lease, model="model-a")
        store.mark_send_intent(item["work_item_id"], lease, first["attempt_id"])
        store.record_attempt_outcome(
            item["work_item_id"],
            lease,
            first["attempt_id"],
            outcome="confirmed_failure",
            http_status_code=429,
            receipt_sha256="f" * 64,
            failure_category="rate_limited",
            provider_error_code="rate_limit_exceeded",
        )
        with closing(store._connect()) as connection, connection:
            _q10_reconstruct_old_schema(connection, 7)
>       migrated = _store(tmp_path, [1_800_000_000.0])
                   ^^^^^^^^^^^^^^^^^^^^^^^^^^^^^^^^^^^

tests\unit\test_quick_scan_work_store.py:1333: 
_ _ _ _ _ _ _ _ _ _ _ _ _ _ _ _ _ _ _ _ _ _ _ _ _ _ _ _ _ _ _ _ _ _ _ _ _ _ _ _
tests\unit\test_quick_scan_work_store.py:33: in _store
    return QuickScanWorkStore(tmp_path / "quick_scan_work.sqlite", clock=lambda: clock[0])
           ^^^^^^^^^^^^^^^^^^^^^^^^^^^^^^^^^^^^^^^^^^^^^^^^^^^^^^^^^^^^^^^^^^^^^^^^^^^^^^^
src\utils\quick_scan_work_store.py:1031: in __init__
    self._initialize(connection)
src\utils\quick_scan_work_store.py:1102: in _initialize
    cls._validate_schema(connection, schema_version=7)
_ _ _ _ _ _ _ _ _ _ _ _ _ _ _ _ _ _ _ _ _ _ _ _ _ _ _ _ _ _ _ _ _ _ _ _ _ _ _ _

cls = <class 'src.utils.quick_scan_work_store.QuickScanWorkStore'>
connection = <sqlite3.Connection object at 0x000001A9AF87F1F0>
schema_version = 7

    @classmethod
    def _validate_schema(
        cls, connection: sqlite3.Connection, *, schema_version: int = SCHEMA_VERSION
    ) -> None:
        actual = cls._schema_objects(connection)
        expected = {
            ("table", "work_item"): _DDL_V1[0],
            ("table", "work_run_ref"): _DDL_V1[1],
            ("table", "attempt"): _DDL_V1[2],
            ("table", "work_event"): _DDL_V1[3],
            ("index", "work_item_status_expiry_idx"): _DDL_V1[4],
            ("index", "attempt_work_phase_idx"): _DDL_V1[5],
            ("index", "attempt_request_cache_key_idx"): _DDL_V1[6],
        }
        if schema_version >= 2:
            expected.update(
                {
                    ("table", "answer_checkpoint"): _DDL_V2_ADDITIONS[0],
                    ("trigger", "answer_checkpoint_no_update"): _DDL_V2_ADDITIONS[1],
                    ("trigger", "answer_checkpoint_no_delete"): _DDL_V2_ADDITIONS[2],
                }
            )
        if schema_version >= 3:
            expected.update(
                {
                    ("table", "quick_scan_budget_policy"): _DDL_V3_ADDITIONS[0],
                    ("table", "quick_scan_budget_attempt"): _DDL_V3_ADDITIONS[1],
                    (
                        "index",
                        "quick_scan_budget_attempt_policy_idx",
                    ): _DDL_V3_ADDITIONS[2],
                    ("index", "quick_scan_budget_attempt_slots_idx"): _DDL_V3_ADDITIONS[3],
                }
            )
        if schema_version >= 4:
            expected.update(
                {
                    ("table", "quick_scan_budget_terminal"): _DDL_V4_ADDITIONS[0],
                    (
                        "trigger",
                        "quick_scan_budget_terminal_no_update",
                    ): _DDL_V4_ADDITIONS[1],
                    (
                        "trigger",
                        "quick_scan_budget_terminal_no_delete",
                    ): _DDL_V4_ADDITIONS[2],
                }
            )
        if schema_version >= 5:
            expected.update(
                {
                    ("table", "quick_scan_result_delivery"): _DDL_V5_ADDITIONS[0],
                    ("index", "quick_scan_delivery_state_idx"): _DDL_V5_ADDITIONS[1],
                    ("table", "quick_scan_result_delivery_event"): _DDL_V5_ADDITIONS[2],
                    (
                        "trigger",
                        "quick_scan_delivery_package_immutable",
                    ): (_DDL_V6_ADDITIONS[1] if schema_version >= 6 else _DDL_V5_ADDITIONS[3]),
                    (
                        "trigger",
                        "quick_scan_delivery_state_transition",
                    ): _DDL_V5_ADDITIONS[4],
                    ("trigger", "quick_scan_delivery_no_delete"): _DDL_V5_ADDITIONS[5],
                    (
                        "trigger",
                        "quick_scan_delivery_event_no_update",
                    ): _DDL_V5_ADDITIONS[6],
                    (
                        "trigger",
                        "quick_scan_delivery_event_no_delete",
                    ): _DDL_V5_ADDITIONS[7],
                    ("trigger", "quick_scan_delivery_ack_immutable"): _DDL_V5_ADDITIONS[8],
                }
            )
        elif schema_version not in {1, 2, 3, 4}:
            raise ValueError("unsupported quick-scan work database schema version")
        if schema_version >= 6:
            expected.update(
                {
                    ("table", "quick_scan_observation_context"): _DDL_V6_ADDITIONS[2],
                    ("table", "quick_scan_work_context"): _DDL_V6_ADDITIONS[3],
                    ("table", "quick_scan_standard_answer"): _DDL_V6_ADDITIONS[4],
                    ("table", "quick_scan_delivery_revision"): _DDL_V6_ADDITIONS[5],
                    (
                        "index",
                        "quick_scan_delivery_revision_head_idx",
                    ): _DDL_V6_ADDITIONS[6],
                    (
                        "trigger",
                        "quick_scan_observation_context_no_update",
                    ): _DDL_V6_ADDITIONS[7],
                    (
                        "trigger",
                        "quick_scan_observation_context_no_delete",
                    ): _DDL_V6_ADDITIONS[8],
                    ("trigger", "quick_scan_work_context_no_update"): _DDL_V6_ADDITIONS[9],
                    ("trigger", "quick_scan_work_context_no_delete"): _DDL_V6_ADDITIONS[10],
                    (
                        "trigger",
                        "quick_scan_standard_answer_no_update",
                    ): _DDL_V6_ADDITIONS[11],
                    (
                        "trigger",
                        "quick_scan_standard_answer_no_delete",
                    ): _DDL_V6_ADDITIONS[12],
                    (
                        "trigger",
                        "quick_scan_delivery_revision_no_update",
                    ): _DDL_V6_ADDITIONS[13],
                    (
                        "trigger",
                        "quick_scan_delivery_revision_no_delete",
                    ): _DDL_V6_ADDITIONS[14],
                }
            )
        if schema_version >= 7:
            expected.update(
                {
                    ("table", "quick_scan_delivery_consumer_binding"): _DDL_V7_ADDITIONS[0],
                    ("trigger", "quick_scan_consumer_binding_insert_guard"): _DDL_V7_ADDITIONS[1],
                    ("trigger", "quick_scan_consumer_binding_no_update"): _DDL_V7_ADDITIONS[2],
                    ("trigger", "quick_scan_consumer_binding_no_delete"): _DDL_V7_ADDITIONS[3],
                    ("trigger", "quick_scan_delivery_consumer_guard"): _DDL_V7_ADDITIONS[4],
                }
            )
        if schema_version >= 8:
            for statement in _DDL_V8_ADDITIONS:
                match = re.match(r"CREATE (TABLE|TRIGGER) ([A-Za-z_]+)", statement)
                assert match is not None
                expected[(match[1].lower(), match[2])] = statement
        if schema_version >= 9:
            for statement in _DDL_V9_ADDITIONS:
                match = re.match(r"CREATE (TABLE|TRIGGER) ([A-Za-z_]+)", statement)
                assert match is not None
                expected[(match[1].lower(), match[2])] = statement
        if actual.keys() != expected.keys() or any(
            _normalized_sql(actual[key]) != _normalized_sql(statement)
            for key, statement in expected.items()
        ):
>           raise ValueError("quick-scan work database schema mismatch")
E           ValueError: quick-scan work database schema mismatch

src\utils\quick_scan_work_store.py:1313: ValueError
_________ test_q10_failed_v8_migration_rolls_back_original_v7_schema __________

tmp_path = WindowsPath('C:/Users/郑曾波/Projects/invest-quick-scan/runs/n111a/tmp/journal-green-02/test_q10_failed_v8_migration_r0')
monkeypatch = <_pytest.monkeypatch.MonkeyPatch object at 0x000001A9AF861EF0>

    def test_q10_failed_v8_migration_rolls_back_original_v7_schema(tmp_path, monkeypatch):
        from src.utils import quick_scan_work_store as module
    
        store = _store(tmp_path, [1_800_000_000.0])
        _created(store)
        with closing(store._connect()) as connection, connection:
            _q10_reconstruct_old_schema(connection, 7)
            before = tuple(connection.iterdump())
        monkeypatch.setattr(
            module, "_DDL_V8_ADDITIONS", (*module._DDL_V8_ADDITIONS, "CREATE TABLE broken(")
        )
        with pytest.raises(sqlite3.DatabaseError):
>           _store(tmp_path, [1_800_000_000.0])

tests\unit\test_quick_scan_work_store.py:1359: 
_ _ _ _ _ _ _ _ _ _ _ _ _ _ _ _ _ _ _ _ _ _ _ _ _ _ _ _ _ _ _ _ _ _ _ _ _ _ _ _
tests\unit\test_quick_scan_work_store.py:33: in _store
    return QuickScanWorkStore(tmp_path / "quick_scan_work.sqlite", clock=lambda: clock[0])
           ^^^^^^^^^^^^^^^^^^^^^^^^^^^^^^^^^^^^^^^^^^^^^^^^^^^^^^^^^^^^^^^^^^^^^^^^^^^^^^^
src\utils\quick_scan_work_store.py:1031: in __init__
    self._initialize(connection)
src\utils\quick_scan_work_store.py:1102: in _initialize
    cls._validate_schema(connection, schema_version=7)
_ _ _ _ _ _ _ _ _ _ _ _ _ _ _ _ _ _ _ _ _ _ _ _ _ _ _ _ _ _ _ _ _ _ _ _ _ _ _ _

cls = <class 'src.utils.quick_scan_work_store.QuickScanWorkStore'>
connection = <sqlite3.Connection object at 0x000001A9AF86DA80>
schema_version = 7

    @classmethod
    def _validate_schema(
        cls, connection: sqlite3.Connection, *, schema_version: int = SCHEMA_VERSION
    ) -> None:
        actual = cls._schema_objects(connection)
        expected = {
            ("table", "work_item"): _DDL_V1[0],
            ("table", "work_run_ref"): _DDL_V1[1],
            ("table", "attempt"): _DDL_V1[2],
            ("table", "work_event"): _DDL_V1[3],
            ("index", "work_item_status_expiry_idx"): _DDL_V1[4],
            ("index", "attempt_work_phase_idx"): _DDL_V1[5],
            ("index", "attempt_request_cache_key_idx"): _DDL_V1[6],
        }
        if schema_version >= 2:
            expected.update(
                {
                    ("table", "answer_checkpoint"): _DDL_V2_ADDITIONS[0],
                    ("trigger", "answer_checkpoint_no_update"): _DDL_V2_ADDITIONS[1],
                    ("trigger", "answer_checkpoint_no_delete"): _DDL_V2_ADDITIONS[2],
                }
            )
        if schema_version >= 3:
            expected.update(
                {
                    ("table", "quick_scan_budget_policy"): _DDL_V3_ADDITIONS[0],
                    ("table", "quick_scan_budget_attempt"): _DDL_V3_ADDITIONS[1],
                    (
                        "index",
                        "quick_scan_budget_attempt_policy_idx",
                    ): _DDL_V3_ADDITIONS[2],
                    ("index", "quick_scan_budget_attempt_slots_idx"): _DDL_V3_ADDITIONS[3],
                }
            )
        if schema_version >= 4:
            expected.update(
                {
                    ("table", "quick_scan_budget_terminal"): _DDL_V4_ADDITIONS[0],
                    (
                        "trigger",
                        "quick_scan_budget_terminal_no_update",
                    ): _DDL_V4_ADDITIONS[1],
                    (
                        "trigger",
                        "quick_scan_budget_terminal_no_delete",
                    ): _DDL_V4_ADDITIONS[2],
                }
            )
        if schema_version >= 5:
            expected.update(
                {
                    ("table", "quick_scan_result_delivery"): _DDL_V5_ADDITIONS[0],
                    ("index", "quick_scan_delivery_state_idx"): _DDL_V5_ADDITIONS[1],
                    ("table", "quick_scan_result_delivery_event"): _DDL_V5_ADDITIONS[2],
                    (
                        "trigger",
                        "quick_scan_delivery_package_immutable",
                    ): (_DDL_V6_ADDITIONS[1] if schema_version >= 6 else _DDL_V5_ADDITIONS[3]),
                    (
                        "trigger",
                        "quick_scan_delivery_state_transition",
                    ): _DDL_V5_ADDITIONS[4],
                    ("trigger", "quick_scan_delivery_no_delete"): _DDL_V5_ADDITIONS[5],
                    (
                        "trigger",
                        "quick_scan_delivery_event_no_update",
                    ): _DDL_V5_ADDITIONS[6],
                    (
                        "trigger",
                        "quick_scan_delivery_event_no_delete",
                    ): _DDL_V5_ADDITIONS[7],
                    ("trigger", "quick_scan_delivery_ack_immutable"): _DDL_V5_ADDITIONS[8],
                }
            )
        elif schema_version not in {1, 2, 3, 4}:
            raise ValueError("unsupported quick-scan work database schema version")
        if schema_version >= 6:
            expected.update(
                {
                    ("table", "quick_scan_observation_context"): _DDL_V6_ADDITIONS[2],
                    ("table", "quick_scan_work_context"): _DDL_V6_ADDITIONS[3],
                    ("table", "quick_scan_standard_answer"): _DDL_V6_ADDITIONS[4],
                    ("table", "quick_scan_delivery_revision"): _DDL_V6_ADDITIONS[5],
                    (
                        "index",
                        "quick_scan_delivery_revision_head_idx",
                    ): _DDL_V6_ADDITIONS[6],
                    (
                        "trigger",
                        "quick_scan_observation_context_no_update",
                    ): _DDL_V6_ADDITIONS[7],
                    (
                        "trigger",
                        "quick_scan_observation_context_no_delete",
                    ): _DDL_V6_ADDITIONS[8],
                    ("trigger", "quick_scan_work_context_no_update"): _DDL_V6_ADDITIONS[9],
                    ("trigger", "quick_scan_work_context_no_delete"): _DDL_V6_ADDITIONS[10],
                    (
                        "trigger",
                        "quick_scan_standard_answer_no_update",
                    ): _DDL_V6_ADDITIONS[11],
                    (
                        "trigger",
                        "quick_scan_standard_answer_no_delete",
                    ): _DDL_V6_ADDITIONS[12],
                    (
                        "trigger",
                        "quick_scan_delivery_revision_no_update",
                    ): _DDL_V6_ADDITIONS[13],
                    (
                        "trigger",
                        "quick_scan_delivery_revision_no_delete",
                    ): _DDL_V6_ADDITIONS[14],
                }
            )
        if schema_version >= 7:
            expected.update(
                {
                    ("table", "quick_scan_delivery_consumer_binding"): _DDL_V7_ADDITIONS[0],
                    ("trigger", "quick_scan_consumer_binding_insert_guard"): _DDL_V7_ADDITIONS[1],
                    ("trigger", "quick_scan_consumer_binding_no_update"): _DDL_V7_ADDITIONS[2],
                    ("trigger", "quick_scan_consumer_binding_no_delete"): _DDL_V7_ADDITIONS[3],
                    ("trigger", "quick_scan_delivery_consumer_guard"): _DDL_V7_ADDITIONS[4],
                }
            )
        if schema_version >= 8:
            for statement in _DDL_V8_ADDITIONS:
                match = re.match(r"CREATE (TABLE|TRIGGER) ([A-Za-z_]+)", statement)
                assert match is not None
                expected[(match[1].lower(), match[2])] = statement
        if schema_version >= 9:
            for statement in _DDL_V9_ADDITIONS:
                match = re.match(r"CREATE (TABLE|TRIGGER) ([A-Za-z_]+)", statement)
                assert match is not None
                expected[(match[1].lower(), match[2])] = statement
        if actual.keys() != expected.keys() or any(
            _normalized_sql(actual[key]) != _normalized_sql(statement)
            for key, statement in expected.items()
        ):
>           raise ValueError("quick-scan work database schema mismatch")
E           ValueError: quick-scan work database schema mismatch

src\utils\quick_scan_work_store.py:1313: ValueError
___ test_schema_v4_upgrade_preserves_checkpoint_and_creates_delivery_ledger ___

tmp_path = WindowsPath('C:/Users/郑曾波/Projects/invest-quick-scan/runs/n111a/tmp/journal-green-02/test_schema_v4_upgrade_preserv0')

    def test_schema_v4_upgrade_preserves_checkpoint_and_creates_delivery_ledger(tmp_path):
        store, item, checkpoint, clock = _checkpointed_work_item(tmp_path)
        with closing(store._connect()) as connection, connection:
            legacy_checkpoint_hash = _q10_reconstruct_old_schema(connection, 4)[item["work_item_id"]]
            connection.execute("DROP TABLE quick_scan_delivery_consumer_binding")
            connection.execute("DROP TABLE quick_scan_result_delivery_event")
            connection.execute("DROP TABLE quick_scan_result_delivery")
            # strip the v5/v6 objects too: this fixture must be a real v4 database
            for table in (
                "quick_scan_work_context",
                "quick_scan_standard_answer",
                "quick_scan_delivery_revision",
                "quick_scan_observation_context",
            ):
                connection.execute(f"DROP TABLE {table}")
            connection.execute("PRAGMA user_version=4")
>       migrated = _store(tmp_path, clock)
                   ^^^^^^^^^^^^^^^^^^^^^^^

tests\unit\test_quick_scan_work_store.py:2502: 
_ _ _ _ _ _ _ _ _ _ _ _ _ _ _ _ _ _ _ _ _ _ _ _ _ _ _ _ _ _ _ _ _ _ _ _ _ _ _ _
tests\unit\test_quick_scan_work_store.py:33: in _store
    return QuickScanWorkStore(tmp_path / "quick_scan_work.sqlite", clock=lambda: clock[0])
           ^^^^^^^^^^^^^^^^^^^^^^^^^^^^^^^^^^^^^^^^^^^^^^^^^^^^^^^^^^^^^^^^^^^^^^^^^^^^^^^
src\utils\quick_scan_work_store.py:1031: in __init__
    self._initialize(connection)
src\utils\quick_scan_work_store.py:1087: in _initialize
    cls._validate_schema(connection, schema_version=4)
_ _ _ _ _ _ _ _ _ _ _ _ _ _ _ _ _ _ _ _ _ _ _ _ _ _ _ _ _ _ _ _ _ _ _ _ _ _ _ _

cls = <class 'src.utils.quick_scan_work_store.QuickScanWorkStore'>
connection = <sqlite3.Connection object at 0x000001A9AF86EA70>
schema_version = 4

    @classmethod
    def _validate_schema(
        cls, connection: sqlite3.Connection, *, schema_version: int = SCHEMA_VERSION
    ) -> None:
        actual = cls._schema_objects(connection)
        expected = {
            ("table", "work_item"): _DDL_V1[0],
            ("table", "work_run_ref"): _DDL_V1[1],
            ("table", "attempt"): _DDL_V1[2],
            ("table", "work_event"): _DDL_V1[3],
            ("index", "work_item_status_expiry_idx"): _DDL_V1[4],
            ("index", "attempt_work_phase_idx"): _DDL_V1[5],
            ("index", "attempt_request_cache_key_idx"): _DDL_V1[6],
        }
        if schema_version >= 2:
            expected.update(
                {
                    ("table", "answer_checkpoint"): _DDL_V2_ADDITIONS[0],
                    ("trigger", "answer_checkpoint_no_update"): _DDL_V2_ADDITIONS[1],
                    ("trigger", "answer_checkpoint_no_delete"): _DDL_V2_ADDITIONS[2],
                }
            )
        if schema_version >= 3:
            expected.update(
                {
                    ("table", "quick_scan_budget_policy"): _DDL_V3_ADDITIONS[0],
                    ("table", "quick_scan_budget_attempt"): _DDL_V3_ADDITIONS[1],
                    (
                        "index",
                        "quick_scan_budget_attempt_policy_idx",
                    ): _DDL_V3_ADDITIONS[2],
                    ("index", "quick_scan_budget_attempt_slots_idx"): _DDL_V3_ADDITIONS[3],
                }
            )
        if schema_version >= 4:
            expected.update(
                {
                    ("table", "quick_scan_budget_terminal"): _DDL_V4_ADDITIONS[0],
                    (
                        "trigger",
                        "quick_scan_budget_terminal_no_update",
                    ): _DDL_V4_ADDITIONS[1],
                    (
                        "trigger",
                        "quick_scan_budget_terminal_no_delete",
                    ): _DDL_V4_ADDITIONS[2],
                }
            )
        if schema_version >= 5:
            expected.update(
                {
                    ("table", "quick_scan_result_delivery"): _DDL_V5_ADDITIONS[0],
                    ("index", "quick_scan_delivery_state_idx"): _DDL_V5_ADDITIONS[1],
                    ("table", "quick_scan_result_delivery_event"): _DDL_V5_ADDITIONS[2],
                    (
                        "trigger",
                        "quick_scan_delivery_package_immutable",
                    ): (_DDL_V6_ADDITIONS[1] if schema_version >= 6 else _DDL_V5_ADDITIONS[3]),
                    (
                        "trigger",
                        "quick_scan_delivery_state_transition",
                    ): _DDL_V5_ADDITIONS[4],
                    ("trigger", "quick_scan_delivery_no_delete"): _DDL_V5_ADDITIONS[5],
                    (
                        "trigger",
                        "quick_scan_delivery_event_no_update",
                    ): _DDL_V5_ADDITIONS[6],
                    (
                        "trigger",
                        "quick_scan_delivery_event_no_delete",
                    ): _DDL_V5_ADDITIONS[7],
                    ("trigger", "quick_scan_delivery_ack_immutable"): _DDL_V5_ADDITIONS[8],
                }
            )
        elif schema_version not in {1, 2, 3, 4}:
            raise ValueError("unsupported quick-scan work database schema version")
        if schema_version >= 6:
            expected.update(
                {
                    ("table", "quick_scan_observation_context"): _DDL_V6_ADDITIONS[2],
                    ("table", "quick_scan_work_context"): _DDL_V6_ADDITIONS[3],
                    ("table", "quick_scan_standard_answer"): _DDL_V6_ADDITIONS[4],
                    ("table", "quick_scan_delivery_revision"): _DDL_V6_ADDITIONS[5],
                    (
                        "index",
                        "quick_scan_delivery_revision_head_idx",
                    ): _DDL_V6_ADDITIONS[6],
                    (
                        "trigger",
                        "quick_scan_observation_context_no_update",
                    ): _DDL_V6_ADDITIONS[7],
                    (
                        "trigger",
                        "quick_scan_observation_context_no_delete",
                    ): _DDL_V6_ADDITIONS[8],
                    ("trigger", "quick_scan_work_context_no_update"): _DDL_V6_ADDITIONS[9],
                    ("trigger", "quick_scan_work_context_no_delete"): _DDL_V6_ADDITIONS[10],
                    (
                        "trigger",
                        "quick_scan_standard_answer_no_update",
                    ): _DDL_V6_ADDITIONS[11],
                    (
                        "trigger",
                        "quick_scan_standard_answer_no_delete",
                    ): _DDL_V6_ADDITIONS[12],
                    (
                        "trigger",
                        "quick_scan_delivery_revision_no_update",
                    ): _DDL_V6_ADDITIONS[13],
                    (
                        "trigger",
                        "quick_scan_delivery_revision_no_delete",
                    ): _DDL_V6_ADDITIONS[14],
                }
            )
        if schema_version >= 7:
            expected.update(
                {
                    ("table", "quick_scan_delivery_consumer_binding"): _DDL_V7_ADDITIONS[0],
                    ("trigger", "quick_scan_consumer_binding_insert_guard"): _DDL_V7_ADDITIONS[1],
                    ("trigger", "quick_scan_consumer_binding_no_update"): _DDL_V7_ADDITIONS[2],
                    ("trigger", "quick_scan_consumer_binding_no_delete"): _DDL_V7_ADDITIONS[3],
                    ("trigger", "quick_scan_delivery_consumer_guard"): _DDL_V7_ADDITIONS[4],
                }
            )
        if schema_version >= 8:
            for statement in _DDL_V8_ADDITIONS:
                match = re.match(r"CREATE (TABLE|TRIGGER) ([A-Za-z_]+)", statement)
                assert match is not None
                expected[(match[1].lower(), match[2])] = statement
        if schema_version >= 9:
            for statement in _DDL_V9_ADDITIONS:
                match = re.match(r"CREATE (TABLE|TRIGGER) ([A-Za-z_]+)", statement)
                assert match is not None
                expected[(match[1].lower(), match[2])] = statement
        if actual.keys() != expected.keys() or any(
            _normalized_sql(actual[key]) != _normalized_sql(statement)
            for key, statement in expected.items()
        ):
>           raise ValueError("quick-scan work database schema mismatch")
E           ValueError: quick-scan work database schema mismatch

src\utils\quick_scan_work_store.py:1313: ValueError
________ test_jr2_v6_migration_never_learns_target_from_old_ack[ready] ________

tmp_path = WindowsPath('C:/Users/郑曾波/Projects/invest-quick-scan/runs/n111a/tmp/journal-green-02/test_jr2_v6_migration_never_le0')
state = 'ready'

    @pytest.mark.parametrize("state", ["ready", "send_uncertain", "delivered", "rejected", "conflict"])
    def test_jr2_v6_migration_never_learns_target_from_old_ack(tmp_path, state):
        store, wid, ack, clock = _jr2_legacy_v6_delivery(tmp_path, state)
        with closing(store._connect()) as connection:
            before = dict(
                connection.execute(
                    "SELECT * FROM quick_scan_result_delivery WHERE work_item_id=?", (wid,)
                ).fetchone()
            )
>       migrated = _store(tmp_path, clock)
                   ^^^^^^^^^^^^^^^^^^^^^^^

tests\unit\test_quick_scan_work_store.py:2579: 
_ _ _ _ _ _ _ _ _ _ _ _ _ _ _ _ _ _ _ _ _ _ _ _ _ _ _ _ _ _ _ _ _ _ _ _ _ _ _ _
tests\unit\test_quick_scan_work_store.py:33: in _store
    return QuickScanWorkStore(tmp_path / "quick_scan_work.sqlite", clock=lambda: clock[0])
           ^^^^^^^^^^^^^^^^^^^^^^^^^^^^^^^^^^^^^^^^^^^^^^^^^^^^^^^^^^^^^^^^^^^^^^^^^^^^^^^
src\utils\quick_scan_work_store.py:1031: in __init__
    self._initialize(connection)
src\utils\quick_scan_work_store.py:1098: in _initialize
    cls._validate_schema(connection, schema_version=6)
_ _ _ _ _ _ _ _ _ _ _ _ _ _ _ _ _ _ _ _ _ _ _ _ _ _ _ _ _ _ _ _ _ _ _ _ _ _ _ _

cls = <class 'src.utils.quick_scan_work_store.QuickScanWorkStore'>
connection = <sqlite3.Connection object at 0x000001A9AF87D7B0>
schema_version = 6

    @classmethod
    def _validate_schema(
        cls, connection: sqlite3.Connection, *, schema_version: int = SCHEMA_VERSION
    ) -> None:
        actual = cls._schema_objects(connection)
        expected = {
            ("table", "work_item"): _DDL_V1[0],
            ("table", "work_run_ref"): _DDL_V1[1],
            ("table", "attempt"): _DDL_V1[2],
            ("table", "work_event"): _DDL_V1[3],
            ("index", "work_item_status_expiry_idx"): _DDL_V1[4],
            ("index", "attempt_work_phase_idx"): _DDL_V1[5],
            ("index", "attempt_request_cache_key_idx"): _DDL_V1[6],
        }
        if schema_version >= 2:
            expected.update(
                {
                    ("table", "answer_checkpoint"): _DDL_V2_ADDITIONS[0],
                    ("trigger", "answer_checkpoint_no_update"): _DDL_V2_ADDITIONS[1],
                    ("trigger", "answer_checkpoint_no_delete"): _DDL_V2_ADDITIONS[2],
                }
            )
        if schema_version >= 3:
            expected.update(
                {
                    ("table", "quick_scan_budget_policy"): _DDL_V3_ADDITIONS[0],
                    ("table", "quick_scan_budget_attempt"): _DDL_V3_ADDITIONS[1],
                    (
                        "index",
                        "quick_scan_budget_attempt_policy_idx",
                    ): _DDL_V3_ADDITIONS[2],
                    ("index", "quick_scan_budget_attempt_slots_idx"): _DDL_V3_ADDITIONS[3],
                }
            )
        if schema_version >= 4:
            expected.update(
                {
                    ("table", "quick_scan_budget_terminal"): _DDL_V4_ADDITIONS[0],
                    (
                        "trigger",
                        "quick_scan_budget_terminal_no_update",
                    ): _DDL_V4_ADDITIONS[1],
                    (
                        "trigger",
                        "quick_scan_budget_terminal_no_delete",
                    ): _DDL_V4_ADDITIONS[2],
                }
            )
        if schema_version >= 5:
            expected.update(
                {
                    ("table", "quick_scan_result_delivery"): _DDL_V5_ADDITIONS[0],
                    ("index", "quick_scan_delivery_state_idx"): _DDL_V5_ADDITIONS[1],
                    ("table", "quick_scan_result_delivery_event"): _DDL_V5_ADDITIONS[2],
                    (
                        "trigger",
                        "quick_scan_delivery_package_immutable",
                    ): (_DDL_V6_ADDITIONS[1] if schema_version >= 6 else _DDL_V5_ADDITIONS[3]),
                    (
                        "trigger",
                        "quick_scan_delivery_state_transition",
                    ): _DDL_V5_ADDITIONS[4],
                    ("trigger", "quick_scan_delivery_no_delete"): _DDL_V5_ADDITIONS[5],
                    (
                        "trigger",
                        "quick_scan_delivery_event_no_update",
                    ): _DDL_V5_ADDITIONS[6],
                    (
                        "trigger",
                        "quick_scan_delivery_event_no_delete",
                    ): _DDL_V5_ADDITIONS[7],
                    ("trigger", "quick_scan_delivery_ack_immutable"): _DDL_V5_ADDITIONS[8],
                }
            )
        elif schema_version not in {1, 2, 3, 4}:
            raise ValueError("unsupported quick-scan work database schema version")
        if schema_version >= 6:
            expected.update(
                {
                    ("table", "quick_scan_observation_context"): _DDL_V6_ADDITIONS[2],
                    ("table", "quick_scan_work_context"): _DDL_V6_ADDITIONS[3],
                    ("table", "quick_scan_standard_answer"): _DDL_V6_ADDITIONS[4],
                    ("table", "quick_scan_delivery_revision"): _DDL_V6_ADDITIONS[5],
                    (
                        "index",
                        "quick_scan_delivery_revision_head_idx",
                    ): _DDL_V6_ADDITIONS[6],
                    (
                        "trigger",
                        "quick_scan_observation_context_no_update",
                    ): _DDL_V6_ADDITIONS[7],
                    (
                        "trigger",
                        "quick_scan_observation_context_no_delete",
                    ): _DDL_V6_ADDITIONS[8],
                    ("trigger", "quick_scan_work_context_no_update"): _DDL_V6_ADDITIONS[9],
                    ("trigger", "quick_scan_work_context_no_delete"): _DDL_V6_ADDITIONS[10],
                    (
                        "trigger",
                        "quick_scan_standard_answer_no_update",
                    ): _DDL_V6_ADDITIONS[11],
                    (
                        "trigger",
                        "quick_scan_standard_answer_no_delete",
                    ): _DDL_V6_ADDITIONS[12],
                    (
                        "trigger",
                        "quick_scan_delivery_revision_no_update",
                    ): _DDL_V6_ADDITIONS[13],
                    (
                        "trigger",
                        "quick_scan_delivery_revision_no_delete",
                    ): _DDL_V6_ADDITIONS[14],
                }
            )
        if schema_version >= 7:
            expected.update(
                {
                    ("table", "quick_scan_delivery_consumer_binding"): _DDL_V7_ADDITIONS[0],
                    ("trigger", "quick_scan_consumer_binding_insert_guard"): _DDL_V7_ADDITIONS[1],
                    ("trigger", "quick_scan_consumer_binding_no_update"): _DDL_V7_ADDITIONS[2],
                    ("trigger", "quick_scan_consumer_binding_no_delete"): _DDL_V7_ADDITIONS[3],
                    ("trigger", "quick_scan_delivery_consumer_guard"): _DDL_V7_ADDITIONS[4],
                }
            )
        if schema_version >= 8:
            for statement in _DDL_V8_ADDITIONS:
                match = re.match(r"CREATE (TABLE|TRIGGER) ([A-Za-z_]+)", statement)
                assert match is not None
                expected[(match[1].lower(), match[2])] = statement
        if schema_version >= 9:
            for statement in _DDL_V9_ADDITIONS:
                match = re.match(r"CREATE (TABLE|TRIGGER) ([A-Za-z_]+)", statement)
                assert match is not None
                expected[(match[1].lower(), match[2])] = statement
        if actual.keys() != expected.keys() or any(
            _normalized_sql(actual[key]) != _normalized_sql(statement)
            for key, statement in expected.items()
        ):
>           raise ValueError("quick-scan work database schema mismatch")
E           ValueError: quick-scan work database schema mismatch

src\utils\quick_scan_work_store.py:1313: ValueError
___ test_jr2_v6_migration_never_learns_target_from_old_ack[send_uncertain] ____

tmp_path = WindowsPath('C:/Users/郑曾波/Projects/invest-quick-scan/runs/n111a/tmp/journal-green-02/test_jr2_v6_migration_never_le1')
state = 'send_uncertain'

    @pytest.mark.parametrize("state", ["ready", "send_uncertain", "delivered", "rejected", "conflict"])
    def test_jr2_v6_migration_never_learns_target_from_old_ack(tmp_path, state):
        store, wid, ack, clock = _jr2_legacy_v6_delivery(tmp_path, state)
        with closing(store._connect()) as connection:
            before = dict(
                connection.execute(
                    "SELECT * FROM quick_scan_result_delivery WHERE work_item_id=?", (wid,)
                ).fetchone()
            )
>       migrated = _store(tmp_path, clock)
                   ^^^^^^^^^^^^^^^^^^^^^^^

tests\unit\test_quick_scan_work_store.py:2579: 
_ _ _ _ _ _ _ _ _ _ _ _ _ _ _ _ _ _ _ _ _ _ _ _ _ _ _ _ _ _ _ _ _ _ _ _ _ _ _ _
tests\unit\test_quick_scan_work_store.py:33: in _store
    return QuickScanWorkStore(tmp_path / "quick_scan_work.sqlite", clock=lambda: clock[0])
           ^^^^^^^^^^^^^^^^^^^^^^^^^^^^^^^^^^^^^^^^^^^^^^^^^^^^^^^^^^^^^^^^^^^^^^^^^^^^^^^
src\utils\quick_scan_work_store.py:1031: in __init__
    self._initialize(connection)
src\utils\quick_scan_work_store.py:1098: in _initialize
    cls._validate_schema(connection, schema_version=6)
_ _ _ _ _ _ _ _ _ _ _ _ _ _ _ _ _ _ _ _ _ _ _ _ _ _ _ _ _ _ _ _ _ _ _ _ _ _ _ _

cls = <class 'src.utils.quick_scan_work_store.QuickScanWorkStore'>
connection = <sqlite3.Connection object at 0x000001A9AF87D120>
schema_version = 6

    @classmethod
    def _validate_schema(
        cls, connection: sqlite3.Connection, *, schema_version: int = SCHEMA_VERSION
    ) -> None:
        actual = cls._schema_objects(connection)
        expected = {
            ("table", "work_item"): _DDL_V1[0],
            ("table", "work_run_ref"): _DDL_V1[1],
            ("table", "attempt"): _DDL_V1[2],
            ("table", "work_event"): _DDL_V1[3],
            ("index", "work_item_status_expiry_idx"): _DDL_V1[4],
            ("index", "attempt_work_phase_idx"): _DDL_V1[5],
            ("index", "attempt_request_cache_key_idx"): _DDL_V1[6],
        }
        if schema_version >= 2:
            expected.update(
                {
                    ("table", "answer_checkpoint"): _DDL_V2_ADDITIONS[0],
                    ("trigger", "answer_checkpoint_no_update"): _DDL_V2_ADDITIONS[1],
                    ("trigger", "answer_checkpoint_no_delete"): _DDL_V2_ADDITIONS[2],
                }
            )
        if schema_version >= 3:
            expected.update(
                {
                    ("table", "quick_scan_budget_policy"): _DDL_V3_ADDITIONS[0],
                    ("table", "quick_scan_budget_attempt"): _DDL_V3_ADDITIONS[1],
                    (
                        "index",
                        "quick_scan_budget_attempt_policy_idx",
                    ): _DDL_V3_ADDITIONS[2],
                    ("index", "quick_scan_budget_attempt_slots_idx"): _DDL_V3_ADDITIONS[3],
                }
            )
        if schema_version >= 4:
            expected.update(
                {
                    ("table", "quick_scan_budget_terminal"): _DDL_V4_ADDITIONS[0],
                    (
                        "trigger",
                        "quick_scan_budget_terminal_no_update",
                    ): _DDL_V4_ADDITIONS[1],
                    (
                        "trigger",
                        "quick_scan_budget_terminal_no_delete",
                    ): _DDL_V4_ADDITIONS[2],
                }
            )
        if schema_version >= 5:
            expected.update(
                {
                    ("table", "quick_scan_result_delivery"): _DDL_V5_ADDITIONS[0],
                    ("index", "quick_scan_delivery_state_idx"): _DDL_V5_ADDITIONS[1],
                    ("table", "quick_scan_result_delivery_event"): _DDL_V5_ADDITIONS[2],
                    (
                        "trigger",
                        "quick_scan_delivery_package_immutable",
                    ): (_DDL_V6_ADDITIONS[1] if schema_version >= 6 else _DDL_V5_ADDITIONS[3]),
                    (
                        "trigger",
                        "quick_scan_delivery_state_transition",
                    ): _DDL_V5_ADDITIONS[4],
                    ("trigger", "quick_scan_delivery_no_delete"): _DDL_V5_ADDITIONS[5],
                    (
                        "trigger",
                        "quick_scan_delivery_event_no_update",
                    ): _DDL_V5_ADDITIONS[6],
                    (
                        "trigger",
                        "quick_scan_delivery_event_no_delete",
                    ): _DDL_V5_ADDITIONS[7],
                    ("trigger", "quick_scan_delivery_ack_immutable"): _DDL_V5_ADDITIONS[8],
                }
            )
        elif schema_version not in {1, 2, 3, 4}:
            raise ValueError("unsupported quick-scan work database schema version")
        if schema_version >= 6:
            expected.update(
                {
                    ("table", "quick_scan_observation_context"): _DDL_V6_ADDITIONS[2],
                    ("table", "quick_scan_work_context"): _DDL_V6_ADDITIONS[3],
                    ("table", "quick_scan_standard_answer"): _DDL_V6_ADDITIONS[4],
                    ("table", "quick_scan_delivery_revision"): _DDL_V6_ADDITIONS[5],
                    (
                        "index",
                        "quick_scan_delivery_revision_head_idx",
                    ): _DDL_V6_ADDITIONS[6],
                    (
                        "trigger",
                        "quick_scan_observation_context_no_update",
                    ): _DDL_V6_ADDITIONS[7],
                    (
                        "trigger",
                        "quick_scan_observation_context_no_delete",
                    ): _DDL_V6_ADDITIONS[8],
                    ("trigger", "quick_scan_work_context_no_update"): _DDL_V6_ADDITIONS[9],
                    ("trigger", "quick_scan_work_context_no_delete"): _DDL_V6_ADDITIONS[10],
                    (
                        "trigger",
                        "quick_scan_standard_answer_no_update",
                    ): _DDL_V6_ADDITIONS[11],
                    (
                        "trigger",
                        "quick_scan_standard_answer_no_delete",
                    ): _DDL_V6_ADDITIONS[12],
                    (
                        "trigger",
                        "quick_scan_delivery_revision_no_update",
                    ): _DDL_V6_ADDITIONS[13],
                    (
                        "trigger",
                        "quick_scan_delivery_revision_no_delete",
                    ): _DDL_V6_ADDITIONS[14],
                }
            )
        if schema_version >= 7:
            expected.update(
                {
                    ("table", "quick_scan_delivery_consumer_binding"): _DDL_V7_ADDITIONS[0],
                    ("trigger", "quick_scan_consumer_binding_insert_guard"): _DDL_V7_ADDITIONS[1],
                    ("trigger", "quick_scan_consumer_binding_no_update"): _DDL_V7_ADDITIONS[2],
                    ("trigger", "quick_scan_consumer_binding_no_delete"): _DDL_V7_ADDITIONS[3],
                    ("trigger", "quick_scan_delivery_consumer_guard"): _DDL_V7_ADDITIONS[4],
                }
            )
        if schema_version >= 8:
            for statement in _DDL_V8_ADDITIONS:
                match = re.match(r"CREATE (TABLE|TRIGGER) ([A-Za-z_]+)", statement)
                assert match is not None
                expected[(match[1].lower(), match[2])] = statement
        if schema_version >= 9:
            for statement in _DDL_V9_ADDITIONS:
                match = re.match(r"CREATE (TABLE|TRIGGER) ([A-Za-z_]+)", statement)
                assert match is not None
                expected[(match[1].lower(), match[2])] = statement
        if actual.keys() != expected.keys() or any(
            _normalized_sql(actual[key]) != _normalized_sql(statement)
            for key, statement in expected.items()
        ):
>           raise ValueError("quick-scan work database schema mismatch")
E           ValueError: quick-scan work database schema mismatch

src\utils\quick_scan_work_store.py:1313: ValueError
______ test_jr2_v6_migration_never_learns_target_from_old_ack[delivered] ______

tmp_path = WindowsPath('C:/Users/郑曾波/Projects/invest-quick-scan/runs/n111a/tmp/journal-green-02/test_jr2_v6_migration_never_le2')
state = 'delivered'

    @pytest.mark.parametrize("state", ["ready", "send_uncertain", "delivered", "rejected", "conflict"])
    def test_jr2_v6_migration_never_learns_target_from_old_ack(tmp_path, state):
        store, wid, ack, clock = _jr2_legacy_v6_delivery(tmp_path, state)
        with closing(store._connect()) as connection:
            before = dict(
                connection.execute(
                    "SELECT * FROM quick_scan_result_delivery WHERE work_item_id=?", (wid,)
                ).fetchone()
            )
>       migrated = _store(tmp_path, clock)
                   ^^^^^^^^^^^^^^^^^^^^^^^

tests\unit\test_quick_scan_work_store.py:2579: 
_ _ _ _ _ _ _ _ _ _ _ _ _ _ _ _ _ _ _ _ _ _ _ _ _ _ _ _ _ _ _ _ _ _ _ _ _ _ _ _
tests\unit\test_quick_scan_work_store.py:33: in _store
    return QuickScanWorkStore(tmp_path / "quick_scan_work.sqlite", clock=lambda: clock[0])
           ^^^^^^^^^^^^^^^^^^^^^^^^^^^^^^^^^^^^^^^^^^^^^^^^^^^^^^^^^^^^^^^^^^^^^^^^^^^^^^^
src\utils\quick_scan_work_store.py:1031: in __init__
    self._initialize(connection)
src\utils\quick_scan_work_store.py:1098: in _initialize
    cls._validate_schema(connection, schema_version=6)
_ _ _ _ _ _ _ _ _ _ _ _ _ _ _ _ _ _ _ _ _ _ _ _ _ _ _ _ _ _ _ _ _ _ _ _ _ _ _ _

cls = <class 'src.utils.quick_scan_work_store.QuickScanWorkStore'>
connection = <sqlite3.Connection object at 0x000001A9AF87E200>
schema_version = 6

    @classmethod
    def _validate_schema(
        cls, connection: sqlite3.Connection, *, schema_version: int = SCHEMA_VERSION
    ) -> None:
        actual = cls._schema_objects(connection)
        expected = {
            ("table", "work_item"): _DDL_V1[0],
            ("table", "work_run_ref"): _DDL_V1[1],
            ("table", "attempt"): _DDL_V1[2],
            ("table", "work_event"): _DDL_V1[3],
            ("index", "work_item_status_expiry_idx"): _DDL_V1[4],
            ("index", "attempt_work_phase_idx"): _DDL_V1[5],
            ("index", "attempt_request_cache_key_idx"): _DDL_V1[6],
        }
        if schema_version >= 2:
            expected.update(
                {
                    ("table", "answer_checkpoint"): _DDL_V2_ADDITIONS[0],
                    ("trigger", "answer_checkpoint_no_update"): _DDL_V2_ADDITIONS[1],
                    ("trigger", "answer_checkpoint_no_delete"): _DDL_V2_ADDITIONS[2],
                }
            )
        if schema_version >= 3:
            expected.update(
                {
                    ("table", "quick_scan_budget_policy"): _DDL_V3_ADDITIONS[0],
                    ("table", "quick_scan_budget_attempt"): _DDL_V3_ADDITIONS[1],
                    (
                        "index",
                        "quick_scan_budget_attempt_policy_idx",
                    ): _DDL_V3_ADDITIONS[2],
                    ("index", "quick_scan_budget_attempt_slots_idx"): _DDL_V3_ADDITIONS[3],
                }
            )
        if schema_version >= 4:
            expected.update(
                {
                    ("table", "quick_scan_budget_terminal"): _DDL_V4_ADDITIONS[0],
                    (
                        "trigger",
                        "quick_scan_budget_terminal_no_update",
                    ): _DDL_V4_ADDITIONS[1],
                    (
                        "trigger",
                        "quick_scan_budget_terminal_no_delete",
                    ): _DDL_V4_ADDITIONS[2],
                }
            )
        if schema_version >= 5:
            expected.update(
                {
                    ("table", "quick_scan_result_delivery"): _DDL_V5_ADDITIONS[0],
                    ("index", "quick_scan_delivery_state_idx"): _DDL_V5_ADDITIONS[1],
                    ("table", "quick_scan_result_delivery_event"): _DDL_V5_ADDITIONS[2],
                    (
                        "trigger",
                        "quick_scan_delivery_package_immutable",
                    ): (_DDL_V6_ADDITIONS[1] if schema_version >= 6 else _DDL_V5_ADDITIONS[3]),
                    (
                        "trigger",
                        "quick_scan_delivery_state_transition",
                    ): _DDL_V5_ADDITIONS[4],
                    ("trigger", "quick_scan_delivery_no_delete"): _DDL_V5_ADDITIONS[5],
                    (
                        "trigger",
                        "quick_scan_delivery_event_no_update",
                    ): _DDL_V5_ADDITIONS[6],
                    (
                        "trigger",
                        "quick_scan_delivery_event_no_delete",
                    ): _DDL_V5_ADDITIONS[7],
                    ("trigger", "quick_scan_delivery_ack_immutable"): _DDL_V5_ADDITIONS[8],
                }
            )
        elif schema_version not in {1, 2, 3, 4}:
            raise ValueError("unsupported quick-scan work database schema version")
        if schema_version >= 6:
            expected.update(
                {
                    ("table", "quick_scan_observation_context"): _DDL_V6_ADDITIONS[2],
                    ("table", "quick_scan_work_context"): _DDL_V6_ADDITIONS[3],
                    ("table", "quick_scan_standard_answer"): _DDL_V6_ADDITIONS[4],
                    ("table", "quick_scan_delivery_revision"): _DDL_V6_ADDITIONS[5],
                    (
                        "index",
                        "quick_scan_delivery_revision_head_idx",
                    ): _DDL_V6_ADDITIONS[6],
                    (
                        "trigger",
                        "quick_scan_observation_context_no_update",
                    ): _DDL_V6_ADDITIONS[7],
                    (
                        "trigger",
                        "quick_scan_observation_context_no_delete",
                    ): _DDL_V6_ADDITIONS[8],
                    ("trigger", "quick_scan_work_context_no_update"): _DDL_V6_ADDITIONS[9],
                    ("trigger", "quick_scan_work_context_no_delete"): _DDL_V6_ADDITIONS[10],
                    (
                        "trigger",
                        "quick_scan_standard_answer_no_update",
                    ): _DDL_V6_ADDITIONS[11],
                    (
                        "trigger",
                        "quick_scan_standard_answer_no_delete",
                    ): _DDL_V6_ADDITIONS[12],
                    (
                        "trigger",
                        "quick_scan_delivery_revision_no_update",
                    ): _DDL_V6_ADDITIONS[13],
                    (
                        "trigger",
                        "quick_scan_delivery_revision_no_delete",
                    ): _DDL_V6_ADDITIONS[14],
                }
            )
        if schema_version >= 7:
            expected.update(
                {
                    ("table", "quick_scan_delivery_consumer_binding"): _DDL_V7_ADDITIONS[0],
                    ("trigger", "quick_scan_consumer_binding_insert_guard"): _DDL_V7_ADDITIONS[1],
                    ("trigger", "quick_scan_consumer_binding_no_update"): _DDL_V7_ADDITIONS[2],
                    ("trigger", "quick_scan_consumer_binding_no_delete"): _DDL_V7_ADDITIONS[3],
                    ("trigger", "quick_scan_delivery_consumer_guard"): _DDL_V7_ADDITIONS[4],
                }
            )
        if schema_version >= 8:
            for statement in _DDL_V8_ADDITIONS:
                match = re.match(r"CREATE (TABLE|TRIGGER) ([A-Za-z_]+)", statement)
                assert match is not None
                expected[(match[1].lower(), match[2])] = statement
        if schema_version >= 9:
            for statement in _DDL_V9_ADDITIONS:
                match = re.match(r"CREATE (TABLE|TRIGGER) ([A-Za-z_]+)", statement)
                assert match is not None
                expected[(match[1].lower(), match[2])] = statement
        if actual.keys() != expected.keys() or any(
            _normalized_sql(actual[key]) != _normalized_sql(statement)
            for key, statement in expected.items()
        ):
>           raise ValueError("quick-scan work database schema mismatch")
E           ValueError: quick-scan work database schema mismatch

src\utils\quick_scan_work_store.py:1313: ValueError
______ test_jr2_v6_migration_never_learns_target_from_old_ack[rejected] _______

tmp_path = WindowsPath('C:/Users/郑曾波/Projects/invest-quick-scan/runs/n111a/tmp/journal-green-02/test_jr2_v6_migration_never_le3')
state = 'rejected'

    @pytest.mark.parametrize("state", ["ready", "send_uncertain", "delivered", "rejected", "conflict"])
    def test_jr2_v6_migration_never_learns_target_from_old_ack(tmp_path, state):
        store, wid, ack, clock = _jr2_legacy_v6_delivery(tmp_path, state)
        with closing(store._connect()) as connection:
            before = dict(
                connection.execute(
                    "SELECT * FROM quick_scan_result_delivery WHERE work_item_id=?", (wid,)
                ).fetchone()
            )
>       migrated = _store(tmp_path, clock)
                   ^^^^^^^^^^^^^^^^^^^^^^^

tests\unit\test_quick_scan_work_store.py:2579: 
_ _ _ _ _ _ _ _ _ _ _ _ _ _ _ _ _ _ _ _ _ _ _ _ _ _ _ _ _ _ _ _ _ _ _ _ _ _ _ _
tests\unit\test_quick_scan_work_store.py:33: in _store
    return QuickScanWorkStore(tmp_path / "quick_scan_work.sqlite", clock=lambda: clock[0])
           ^^^^^^^^^^^^^^^^^^^^^^^^^^^^^^^^^^^^^^^^^^^^^^^^^^^^^^^^^^^^^^^^^^^^^^^^^^^^^^^
src\utils\quick_scan_work_store.py:1031: in __init__
    self._initialize(connection)
src\utils\quick_scan_work_store.py:1098: in _initialize
    cls._validate_schema(connection, schema_version=6)
_ _ _ _ _ _ _ _ _ _ _ _ _ _ _ _ _ _ _ _ _ _ _ _ _ _ _ _ _ _ _ _ _ _ _ _ _ _ _ _

cls = <class 'src.utils.quick_scan_work_store.QuickScanWorkStore'>
connection = <sqlite3.Connection object at 0x000001A9AFA01C60>
schema_version = 6

    @classmethod
    def _validate_schema(
        cls, connection: sqlite3.Connection, *, schema_version: int = SCHEMA_VERSION
    ) -> None:
        actual = cls._schema_objects(connection)
        expected = {
            ("table", "work_item"): _DDL_V1[0],
            ("table", "work_run_ref"): _DDL_V1[1],
            ("table", "attempt"): _DDL_V1[2],
            ("table", "work_event"): _DDL_V1[3],
            ("index", "work_item_status_expiry_idx"): _DDL_V1[4],
            ("index", "attempt_work_phase_idx"): _DDL_V1[5],
            ("index", "attempt_request_cache_key_idx"): _DDL_V1[6],
        }
        if schema_version >= 2:
            expected.update(
                {
                    ("table", "answer_checkpoint"): _DDL_V2_ADDITIONS[0],
                    ("trigger", "answer_checkpoint_no_update"): _DDL_V2_ADDITIONS[1],
                    ("trigger", "answer_checkpoint_no_delete"): _DDL_V2_ADDITIONS[2],
                }
            )
        if schema_version >= 3:
            expected.update(
                {
                    ("table", "quick_scan_budget_policy"): _DDL_V3_ADDITIONS[0],
                    ("table", "quick_scan_budget_attempt"): _DDL_V3_ADDITIONS[1],
                    (
                        "index",
                        "quick_scan_budget_attempt_policy_idx",
                    ): _DDL_V3_ADDITIONS[2],
                    ("index", "quick_scan_budget_attempt_slots_idx"): _DDL_V3_ADDITIONS[3],
                }
            )
        if schema_version >= 4:
            expected.update(
                {
                    ("table", "quick_scan_budget_terminal"): _DDL_V4_ADDITIONS[0],
                    (
                        "trigger",
                        "quick_scan_budget_terminal_no_update",
                    ): _DDL_V4_ADDITIONS[1],
                    (
                        "trigger",
                        "quick_scan_budget_terminal_no_delete",
                    ): _DDL_V4_ADDITIONS[2],
                }
            )
        if schema_version >= 5:
            expected.update(
                {
                    ("table", "quick_scan_result_delivery"): _DDL_V5_ADDITIONS[0],
                    ("index", "quick_scan_delivery_state_idx"): _DDL_V5_ADDITIONS[1],
                    ("table", "quick_scan_result_delivery_event"): _DDL_V5_ADDITIONS[2],
                    (
                        "trigger",
                        "quick_scan_delivery_package_immutable",
                    ): (_DDL_V6_ADDITIONS[1] if schema_version >= 6 else _DDL_V5_ADDITIONS[3]),
                    (
                        "trigger",
                        "quick_scan_delivery_state_transition",
                    ): _DDL_V5_ADDITIONS[4],
                    ("trigger", "quick_scan_delivery_no_delete"): _DDL_V5_ADDITIONS[5],
                    (
                        "trigger",
                        "quick_scan_delivery_event_no_update",
                    ): _DDL_V5_ADDITIONS[6],
                    (
                        "trigger",
                        "quick_scan_delivery_event_no_delete",
                    ): _DDL_V5_ADDITIONS[7],
                    ("trigger", "quick_scan_delivery_ack_immutable"): _DDL_V5_ADDITIONS[8],
                }
            )
        elif schema_version not in {1, 2, 3, 4}:
            raise ValueError("unsupported quick-scan work database schema version")
        if schema_version >= 6:
            expected.update(
                {
                    ("table", "quick_scan_observation_context"): _DDL_V6_ADDITIONS[2],
                    ("table", "quick_scan_work_context"): _DDL_V6_ADDITIONS[3],
                    ("table", "quick_scan_standard_answer"): _DDL_V6_ADDITIONS[4],
                    ("table", "quick_scan_delivery_revision"): _DDL_V6_ADDITIONS[5],
                    (
                        "index",
                        "quick_scan_delivery_revision_head_idx",
                    ): _DDL_V6_ADDITIONS[6],
                    (
                        "trigger",
                        "quick_scan_observation_context_no_update",
                    ): _DDL_V6_ADDITIONS[7],
                    (
                        "trigger",
                        "quick_scan_observation_context_no_delete",
                    ): _DDL_V6_ADDITIONS[8],
                    ("trigger", "quick_scan_work_context_no_update"): _DDL_V6_ADDITIONS[9],
                    ("trigger", "quick_scan_work_context_no_delete"): _DDL_V6_ADDITIONS[10],
                    (
                        "trigger",
                        "quick_scan_standard_answer_no_update",
                    ): _DDL_V6_ADDITIONS[11],
                    (
                        "trigger",
                        "quick_scan_standard_answer_no_delete",
                    ): _DDL_V6_ADDITIONS[12],
                    (
                        "trigger",
                        "quick_scan_delivery_revision_no_update",
                    ): _DDL_V6_ADDITIONS[13],
                    (
                        "trigger",
                        "quick_scan_delivery_revision_no_delete",
                    ): _DDL_V6_ADDITIONS[14],
                }
            )
        if schema_version >= 7:
            expected.update(
                {
                    ("table", "quick_scan_delivery_consumer_binding"): _DDL_V7_ADDITIONS[0],
                    ("trigger", "quick_scan_consumer_binding_insert_guard"): _DDL_V7_ADDITIONS[1],
                    ("trigger", "quick_scan_consumer_binding_no_update"): _DDL_V7_ADDITIONS[2],
                    ("trigger", "quick_scan_consumer_binding_no_delete"): _DDL_V7_ADDITIONS[3],
                    ("trigger", "quick_scan_delivery_consumer_guard"): _DDL_V7_ADDITIONS[4],
                }
            )
        if schema_version >= 8:
            for statement in _DDL_V8_ADDITIONS:
                match = re.match(r"CREATE (TABLE|TRIGGER) ([A-Za-z_]+)", statement)
                assert match is not None
                expected[(match[1].lower(), match[2])] = statement
        if schema_version >= 9:
            for statement in _DDL_V9_ADDITIONS:
                match = re.match(r"CREATE (TABLE|TRIGGER) ([A-Za-z_]+)", statement)
                assert match is not None
                expected[(match[1].lower(), match[2])] = statement
        if actual.keys() != expected.keys() or any(
            _normalized_sql(actual[key]) != _normalized_sql(statement)
            for key, statement in expected.items()
        ):
>           raise ValueError("quick-scan work database schema mismatch")
E           ValueError: quick-scan work database schema mismatch

src\utils\quick_scan_work_store.py:1313: ValueError
______ test_jr2_v6_migration_never_learns_target_from_old_ack[conflict] _______

tmp_path = WindowsPath('C:/Users/郑曾波/Projects/invest-quick-scan/runs/n111a/tmp/journal-green-02/test_jr2_v6_migration_never_le4')
state = 'conflict'

    @pytest.mark.parametrize("state", ["ready", "send_uncertain", "delivered", "rejected", "conflict"])
    def test_jr2_v6_migration_never_learns_target_from_old_ack(tmp_path, state):
        store, wid, ack, clock = _jr2_legacy_v6_delivery(tmp_path, state)
        with closing(store._connect()) as connection:
            before = dict(
                connection.execute(
                    "SELECT * FROM quick_scan_result_delivery WHERE work_item_id=?", (wid,)
                ).fetchone()
            )
>       migrated = _store(tmp_path, clock)
                   ^^^^^^^^^^^^^^^^^^^^^^^

tests\unit\test_quick_scan_work_store.py:2579: 
_ _ _ _ _ _ _ _ _ _ _ _ _ _ _ _ _ _ _ _ _ _ _ _ _ _ _ _ _ _ _ _ _ _ _ _ _ _ _ _
tests\unit\test_quick_scan_work_store.py:33: in _store
    return QuickScanWorkStore(tmp_path / "quick_scan_work.sqlite", clock=lambda: clock[0])
           ^^^^^^^^^^^^^^^^^^^^^^^^^^^^^^^^^^^^^^^^^^^^^^^^^^^^^^^^^^^^^^^^^^^^^^^^^^^^^^^
src\utils\quick_scan_work_store.py:1031: in __init__
    self._initialize(connection)
src\utils\quick_scan_work_store.py:1098: in _initialize
    cls._validate_schema(connection, schema_version=6)
_ _ _ _ _ _ _ _ _ _ _ _ _ _ _ _ _ _ _ _ _ _ _ _ _ _ _ _ _ _ _ _ _ _ _ _ _ _ _ _

cls = <class 'src.utils.quick_scan_work_store.QuickScanWorkStore'>
connection = <sqlite3.Connection object at 0x000001A9AF86D8A0>
schema_version = 6

    @classmethod
    def _validate_schema(
        cls, connection: sqlite3.Connection, *, schema_version: int = SCHEMA_VERSION
    ) -> None:
        actual = cls._schema_objects(connection)
        expected = {
            ("table", "work_item"): _DDL_V1[0],
            ("table", "work_run_ref"): _DDL_V1[1],
            ("table", "attempt"): _DDL_V1[2],
            ("table", "work_event"): _DDL_V1[3],
            ("index", "work_item_status_expiry_idx"): _DDL_V1[4],
            ("index", "attempt_work_phase_idx"): _DDL_V1[5],
            ("index", "attempt_request_cache_key_idx"): _DDL_V1[6],
        }
        if schema_version >= 2:
            expected.update(
                {
                    ("table", "answer_checkpoint"): _DDL_V2_ADDITIONS[0],
                    ("trigger", "answer_checkpoint_no_update"): _DDL_V2_ADDITIONS[1],
                    ("trigger", "answer_checkpoint_no_delete"): _DDL_V2_ADDITIONS[2],
                }
            )
        if schema_version >= 3:
            expected.update(
                {
                    ("table", "quick_scan_budget_policy"): _DDL_V3_ADDITIONS[0],
                    ("table", "quick_scan_budget_attempt"): _DDL_V3_ADDITIONS[1],
                    (
                        "index",
                        "quick_scan_budget_attempt_policy_idx",
                    ): _DDL_V3_ADDITIONS[2],
                    ("index", "quick_scan_budget_attempt_slots_idx"): _DDL_V3_ADDITIONS[3],
                }
            )
        if schema_version >= 4:
            expected.update(
                {
                    ("table", "quick_scan_budget_terminal"): _DDL_V4_ADDITIONS[0],
                    (
                        "trigger",
                        "quick_scan_budget_terminal_no_update",
                    ): _DDL_V4_ADDITIONS[1],
                    (
                        "trigger",
                        "quick_scan_budget_terminal_no_delete",
                    ): _DDL_V4_ADDITIONS[2],
                }
            )
        if schema_version >= 5:
            expected.update(
                {
                    ("table", "quick_scan_result_delivery"): _DDL_V5_ADDITIONS[0],
                    ("index", "quick_scan_delivery_state_idx"): _DDL_V5_ADDITIONS[1],
                    ("table", "quick_scan_result_delivery_event"): _DDL_V5_ADDITIONS[2],
                    (
                        "trigger",
                        "quick_scan_delivery_package_immutable",
                    ): (_DDL_V6_ADDITIONS[1] if schema_version >= 6 else _DDL_V5_ADDITIONS[3]),
                    (
                        "trigger",
                        "quick_scan_delivery_state_transition",
                    ): _DDL_V5_ADDITIONS[4],
                    ("trigger", "quick_scan_delivery_no_delete"): _DDL_V5_ADDITIONS[5],
                    (
                        "trigger",
                        "quick_scan_delivery_event_no_update",
                    ): _DDL_V5_ADDITIONS[6],
                    (
                        "trigger",
                        "quick_scan_delivery_event_no_delete",
                    ): _DDL_V5_ADDITIONS[7],
                    ("trigger", "quick_scan_delivery_ack_immutable"): _DDL_V5_ADDITIONS[8],
                }
            )
        elif schema_version not in {1, 2, 3, 4}:
            raise ValueError("unsupported quick-scan work database schema version")
        if schema_version >= 6:
            expected.update(
                {
                    ("table", "quick_scan_observation_context"): _DDL_V6_ADDITIONS[2],
                    ("table", "quick_scan_work_context"): _DDL_V6_ADDITIONS[3],
                    ("table", "quick_scan_standard_answer"): _DDL_V6_ADDITIONS[4],
                    ("table", "quick_scan_delivery_revision"): _DDL_V6_ADDITIONS[5],
                    (
                        "index",
                        "quick_scan_delivery_revision_head_idx",
                    ): _DDL_V6_ADDITIONS[6],
                    (
                        "trigger",
                        "quick_scan_observation_context_no_update",
                    ): _DDL_V6_ADDITIONS[7],
                    (
                        "trigger",
                        "quick_scan_observation_context_no_delete",
                    ): _DDL_V6_ADDITIONS[8],
                    ("trigger", "quick_scan_work_context_no_update"): _DDL_V6_ADDITIONS[9],
                    ("trigger", "quick_scan_work_context_no_delete"): _DDL_V6_ADDITIONS[10],
                    (
                        "trigger",
                        "quick_scan_standard_answer_no_update",
                    ): _DDL_V6_ADDITIONS[11],
                    (
                        "trigger",
                        "quick_scan_standard_answer_no_delete",
                    ): _DDL_V6_ADDITIONS[12],
                    (
                        "trigger",
                        "quick_scan_delivery_revision_no_update",
                    ): _DDL_V6_ADDITIONS[13],
                    (
                        "trigger",
                        "quick_scan_delivery_revision_no_delete",
                    ): _DDL_V6_ADDITIONS[14],
                }
            )
        if schema_version >= 7:
            expected.update(
                {
                    ("table", "quick_scan_delivery_consumer_binding"): _DDL_V7_ADDITIONS[0],
                    ("trigger", "quick_scan_consumer_binding_insert_guard"): _DDL_V7_ADDITIONS[1],
                    ("trigger", "quick_scan_consumer_binding_no_update"): _DDL_V7_ADDITIONS[2],
                    ("trigger", "quick_scan_consumer_binding_no_delete"): _DDL_V7_ADDITIONS[3],
                    ("trigger", "quick_scan_delivery_consumer_guard"): _DDL_V7_ADDITIONS[4],
                }
            )
        if schema_version >= 8:
            for statement in _DDL_V8_ADDITIONS:
                match = re.match(r"CREATE (TABLE|TRIGGER) ([A-Za-z_]+)", statement)
                assert match is not None
                expected[(match[1].lower(), match[2])] = statement
        if schema_version >= 9:
            for statement in _DDL_V9_ADDITIONS:
                match = re.match(r"CREATE (TABLE|TRIGGER) ([A-Za-z_]+)", statement)
                assert match is not None
                expected[(match[1].lower(), match[2])] = statement
        if actual.keys() != expected.keys() or any(
            _normalized_sql(actual[key]) != _normalized_sql(statement)
            for key, statement in expected.items()
        ):
>           raise ValueError("quick-scan work database schema mismatch")
E           ValueError: quick-scan work database schema mismatch

src\utils\quick_scan_work_store.py:1313: ValueError
_________ test_jr2_failed_v7_migration_rolls_back_original_v6_schema __________

tmp_path = WindowsPath('C:/Users/郑曾波/Projects/invest-quick-scan/runs/n111a/tmp/journal-green-02/test_jr2_failed_v7_migration_r0')
monkeypatch = <_pytest.monkeypatch.MonkeyPatch object at 0x000001A9AF892430>

    def test_jr2_failed_v7_migration_rolls_back_original_v6_schema(tmp_path, monkeypatch):
        from src.utils import quick_scan_work_store as module
    
        store, wid, _, clock = _jr2_legacy_v6_delivery(tmp_path, "ready")
        with closing(store._connect()) as connection:
            before = tuple(connection.iterdump())
        monkeypatch.setattr(
            module, "_DDL_V7_ADDITIONS", (*module._DDL_V7_ADDITIONS, "CREATE TABLE broken(")
        )
>       with pytest.raises(ValueError, match="consumer binding migration"):
             ^^^^^^^^^^^^^^^^^^^^^^^^^^^^^^^^^^^^^^^^^^^^^^^^^^^^^^^^^^^^^
E       AssertionError: Regex pattern did not match.
E         Expected regex: 'consumer binding migration'
E         Actual message: 'quick-scan work database schema mismatch'

tests\unit\test_quick_scan_work_store.py:2709: AssertionError
=========================== short test summary info ===========================
FAILED tests/unit/test_quick_scan_budget.py::test_v3_migration_preserves_settlement_and_marks_legacy_outcome_unverifiable
FAILED tests/unit/test_quick_scan_work_store.py::test_two_processes_race_on_one_lease_and_stale_epoch_is_fenced
FAILED tests/unit/test_quick_scan_work_store.py::test_send_intent_survives_immediate_process_exit_before_any_http
FAILED tests/unit/test_quick_scan_work_store.py::test_q10_v7_migration_adds_empty_tables_without_backfilling_bare_attempt
FAILED tests/unit/test_quick_scan_work_store.py::test_q10_v7_exact_checkpoint_remains_readable_without_new_response_rows
FAILED tests/unit/test_quick_scan_work_store.py::test_q10_v7_old_request_cannot_be_authorized_by_new_alias_config
FAILED tests/unit/test_quick_scan_work_store.py::test_q10_failed_v8_migration_rolls_back_original_v7_schema
FAILED tests/unit/test_quick_scan_work_store.py::test_schema_v4_upgrade_preserves_checkpoint_and_creates_delivery_ledger
FAILED tests/unit/test_quick_scan_work_store.py::test_jr2_v6_migration_never_learns_target_from_old_ack[ready]
FAILED tests/unit/test_quick_scan_work_store.py::test_jr2_v6_migration_never_learns_target_from_old_ack[send_uncertain]
FAILED tests/unit/test_quick_scan_work_store.py::test_jr2_v6_migration_never_learns_target_from_old_ack[delivered]
FAILED tests/unit/test_quick_scan_work_store.py::test_jr2_v6_migration_never_learns_target_from_old_ack[rejected]
FAILED tests/unit/test_quick_scan_work_store.py::test_jr2_v6_migration_never_learns_target_from_old_ack[conflict]
FAILED tests/unit/test_quick_scan_work_store.py::test_jr2_failed_v7_migration_rolls_back_original_v6_schema
14 failed, 141 passed in 35.31s
