[master a0b4838] Archive JR1 JR3 verified candidate and publication handoff
 3101 files changed, 120389 insertions(+), 1 deletion(-)
 create mode 100644 docs/implementation/intake/G3/2026-10-09-jr13/acceptance.json
 create mode 100644 docs/implementation/intake/G3/2026-10-09-jr13/affected-backup-green-01/junit.xml
 create mode 100644 docs/implementation/intake/G3/2026-10-09-jr13/affected-backup-green-01/process.json
 create mode 100644 docs/implementation/intake/G3/2026-10-09-jr13/affected-backup-green-01/stderr.log
 create mode 100644 docs/implementation/intake/G3/2026-10-09-jr13/affected-backup-green-01/stdout.log
 create mode 100644 docs/implementation/intake/G3/2026-10-09-jr13/affected-backup-red-01/junit.xml
 create mode 100644 docs/implementation/intake/G3/2026-10-09-jr13/affected-backup-red-01/process.json
 create mode 100644 docs/implementation/intake/G3/2026-10-09-jr13/affected-backup-red-01/stderr.log
 create mode 100644 docs/implementation/intake/G3/2026-10-09-jr13/affected-backup-red-01/stdout.log
 create mode 100644 docs/implementation/intake/G3/2026-10-09-jr13/affected-final-01/junit.xml
 create mode 100644 docs/implementation/intake/G3/2026-10-09-jr13/affected-final-01/process.json
 create mode 100644 docs/implementation/intake/G3/2026-10-09-jr13/affected-final-01/source-before.json
 create mode 100644 docs/implementation/intake/G3/2026-10-09-jr13/affected-final-01/stderr.log
 create mode 100644 docs/implementation/intake/G3/2026-10-09-jr13/affected-final-01/stdout.log
 create mode 100644 docs/implementation/intake/G3/2026-10-09-jr13/affected-final-02/junit.xml
 create mode 100644 docs/implementation/intake/G3/2026-10-09-jr13/affected-final-02/key-opens.jsonl
 create mode 100644 docs/implementation/intake/G3/2026-10-09-jr13/affected-final-02/process.json
 create mode 100644 docs/implementation/intake/G3/2026-10-09-jr13/affected-final-02/source-before.json
 create mode 100644 docs/implementation/intake/G3/2026-10-09-jr13/affected-final-02/stderr.log
 create mode 100644 docs/implementation/intake/G3/2026-10-09-jr13/affected-final-02/stdout.log
 create mode 100644 docs/implementation/intake/G3/2026-10-09-jr13/affected-final-03/junit.xml
 create mode 100644 docs/implementation/intake/G3/2026-10-09-jr13/affected-final-03/key-opens.jsonl
 create mode 100644 docs/implementation/intake/G3/2026-10-09-jr13/affected-final-03/process.json
 create mode 100644 docs/implementation/intake/G3/2026-10-09-jr13/affected-final-03/source-before.json
 create mode 100644 docs/implementation/intake/G3/2026-10-09-jr13/affected-final-03/stderr.log
 create mode 100644 docs/implementation/intake/G3/2026-10-09-jr13/affected-final-03/stdout.log
 create mode 100644 docs/implementation/intake/G3/2026-10-09-jr13/affected-final-04/junit.xml
 create mode 100644 docs/implementation/intake/G3/2026-10-09-jr13/affected-final-04/key-opens.jsonl
 create mode 100644 docs/implementation/intake/G3/2026-10-09-jr13/affected-final-04/process.json
 create mode 100644 docs/implementation/intake/G3/2026-10-09-jr13/affected-final-04/source-before.json
 create mode 100644 docs/implementation/intake/G3/2026-10-09-jr13/affected-final-04/stderr.log
 create mode 100644 docs/implementation/intake/G3/2026-10-09-jr13/affected-final-04/stdout.log
 create mode 100644 docs/implementation/intake/G3/2026-10-09-jr13/cleanup-baseline.json
 create mode 100644 docs/implementation/intake/G3/2026-10-09-jr13/cleanup-dry-run.json
 create mode 100644 docs/implementation/intake/G3/2026-10-09-jr13/cleanup-lstat.json
 create mode 100644 docs/implementation/intake/G3/2026-10-09-jr13/cleanup-receipt.json
 create mode 100644 docs/implementation/intake/G3/2026-10-09-jr13/compatibility-green-01/junit.xml
 create mode 100644 docs/implementation/intake/G3/2026-10-09-jr13/compatibility-green-01/key-opens.jsonl
 create mode 100644 docs/implementation/intake/G3/2026-10-09-jr13/compatibility-green-01/process.json
 create mode 100644 docs/implementation/intake/G3/2026-10-09-jr13/compatibility-green-01/source-before.json
 create mode 100644 docs/implementation/intake/G3/2026-10-09-jr13/compatibility-green-01/stderr.log
 create mode 100644 docs/implementation/intake/G3/2026-10-09-jr13/compatibility-green-01/stdout.log
 create mode 100644 docs/implementation/intake/G3/2026-10-09-jr13/compatibility-red-01/junit.xml
 create mode 100644 docs/implementation/intake/G3/2026-10-09-jr13/compatibility-red-01/key-opens.jsonl
 create mode 100644 docs/implementation/intake/G3/2026-10-09-jr13/compatibility-red-01/process.json
 create mode 100644 docs/implementation/intake/G3/2026-10-09-jr13/compatibility-red-01/source-before.json
 create mode 100644 docs/implementation/intake/G3/2026-10-09-jr13/compatibility-red-01/stderr.log
 create mode 100644 docs/implementation/intake/G3/2026-10-09-jr13/compatibility-red-01/stdout.log
 create mode 100644 docs/implementation/intake/G3/2026-10-09-jr13/final-snapshot/candidate/stockwiki/quick_scan_backup_manifest.py
 create mode 100644 docs/implementation/intake/G3/2026-10-09-jr13/final-snapshot/candidate/stockwiki/quick_scan_import.py
 create mode 100644 docs/implementation/intake/G3/2026-10-09-jr13/final-snapshot/candidate/stockwiki/quick_scan_observations.py
 create mode 100644 docs/implementation/intake/G3/2026-10-09-jr13/final-snapshot/candidate/tests/test_quick_scan_delivery.py
 create mode 100644 docs/implementation/intake/G3/2026-10-09-jr13/final-snapshot/candidate/tests/test_quick_scan_observations.py
 create mode 100644 docs/implementation/intake/G3/2026-10-09-jr13/final-snapshot/executed/guard/sitecustomize.py
 create mode 100644 docs/implementation/intake/G3/2026-10-09-jr13/final-snapshot/executed/independent-release.json
 create mode 100644 docs/implementation/intake/G3/2026-10-09-jr13/final-snapshot/executed/joint_harness.py
 create mode 100644 docs/implementation/intake/G3/2026-10-09-jr13/final-snapshot/executed/legacy_qa_actor.py
 create mode 100644 docs/implementation/intake/G3/2026-10-09-jr13/final-snapshot/executed/legacy_sw_actor.py
 create mode 100644 docs/implementation/intake/G3/2026-10-09-jr13/final-snapshot/executed/qa-manifest.json
 create mode 100644 docs/implementation/intake/G3/2026-10-09-jr13/final-snapshot/executed/qa_actor.py
 create mode 100644 docs/implementation/intake/G3/2026-10-09-jr13/final-snapshot/executed/sw_actor.py
 create mode 100644 docs/implementation/intake/G3/2026-10-09-jr13/final-snapshot/executed/test_joint.py
 create mode 100644 docs/implementation/intake/G3/2026-10-09-jr13/final-snapshot/execution-lock.json
 create mode 100644 docs/implementation/intake/G3/2026-10-09-jr13/final-snapshot/synthetic-packages/independent-model/CROSS_BORDER_01.json
 create mode 100644 docs/implementation/intake/G3/2026-10-09-jr13/final-snapshot/synthetic-packages/independent-model/CYCLICAL_01.json
 create mode 100644 docs/implementation/intake/G3/2026-10-09-jr13/final-snapshot/synthetic-packages/independent-model/CYCLICAL_02.json
 create mode 100644 docs/implementation/intake/G3/2026-10-09-jr13/final-snapshot/synthetic-packages/independent-model/INDUSTRIAL_01.json
 create mode 100644 docs/implementation/intake/G3/2026-10-09-jr13/final-snapshot/synthetic-packages/independent-model/INDUSTRIAL_02.json
 create mode 100644 docs/implementation/intake/G3/2026-10-09-jr13/final-snapshot/synthetic-packages/independent-model/IQS_01.json
 create mode 100644 docs/implementation/intake/G3/2026-10-09-jr13/final-snapshot/synthetic-packages/independent-model/IQS_02.json
 create mode 100644 docs/implementation/intake/G3/2026-10-09-jr13/final-snapshot/synthetic-packages/independent-model/IQS_04.json
 create mode 100644 docs/implementation/intake/G3/2026-10-09-jr13/final-snapshot/synthetic-packages/independent-model/IQS_05.json
 create mode 100644 docs/implementation/intake/G3/2026-10-09-jr13/final-snapshot/synthetic-packages/independent-model/IQS_06.json
 create mode 100644 docs/implementation/intake/G3/2026-10-09-jr13/final-snapshot/synthetic-packages/independent-model/IQS_07.json
 create mode 100644 docs/implementation/intake/G3/2026-10-09-jr13/final-snapshot/synthetic-packages/independent-model/IQS_08.json
 create mode 100644 docs/implementation/intake/G3/2026-10-09-jr13/final-snapshot/synthetic-packages/independent-model/IQS_09.json
 create mode 100644 docs/implementation/intake/G3/2026-10-09-jr13/final-snapshot/synthetic-packages/independent-model/IQS_10.json
 create mode 100644 docs/implementation/intake/G3/2026-10-09-jr13/final-snapshot/synthetic-packages/independent-model/IQS_12.json
 create mode 100644 docs/implementation/intake/G3/2026-10-09-jr13/final-snapshot/synthetic-packages/independent-model/IQS_13.json
 create mode 100644 docs/implementation/intake/G3/2026-10-09-jr13/final-snapshot/synthetic-packages/independent-model/IQS_14.json
 create mode 100644 docs/implementation/intake/G3/2026-10-09-jr13/final-snapshot/synthetic-packages/independent-model/IQS_15.json
 create mode 100644 docs/implementation/intake/G3/2026-10-09-jr13/final-snapshot/synthetic-packages/independent-model/IQS_16.json
 create mode 100644 docs/implementation/intake/G3/2026-10-09-jr13/final-snapshot/synthetic-packages/independent-model/IQS_17.json
 create mode 100644 docs/implementation/intake/G3/2026-10-09-jr13/final-snapshot/synthetic-packages/independent-model/IQS_18.json
 create mode 100644 docs/implementation/intake/G3/2026-10-09-jr13/final-snapshot/synthetic-packages/independent-model/IQS_19.json
 create mode 100644 docs/implementation/intake/G3/2026-10-09-jr13/final-snapshot/synthetic-packages/independent-model/IQS_20.json
 create mode 100644 docs/implementation/intake/G3/2026-10-09-jr13/final-snapshot/synthetic-packages/independent-model/IQS_21.json
 create mode 100644 docs/implementation/intake/G3/2026-10-09-jr13/final-snapshot/synthetic-packages/independent-model/IQS_22.json
 create mode 100644 docs/implementation/intake/G3/2026-10-09-jr13/final-snapshot/synthetic-packages/independent-model/IQS_23.json
 create mode 100644 docs/implementation/intake/G3/2026-10-09-jr13/final-snapshot/synthetic-packages/independent-model/IQS_24.json
 create mode 100644 docs/implementation/intake/G3/2026-10-09-jr13/final-snapshot/synthetic-packages/independent-model/MATURE_01.json
 create mode 100644 docs/implementation/intake/G3/2026-10-09-jr13/final-snapshot/synthetic-packages/independent-model/MATURE_02.json
 create mode 100644 docs/implementation/intake/G3/2026-10-09-jr13/final-snapshot/synthetic-packages/independent-model/OPERATING_01.json
 create mode 100644 docs/implementation/intake/G3/2026-10-09-jr13/final-snapshot/synthetic-packages/independent-model/OPERATING_02.json
 create mode 100644 docs/implementation/intake/G3/2026-10-09-jr13/final-snapshot/synthetic-packages/primary/CROSS_BORDER_01.json
 create mode 100644 docs/implementation/intake/G3/2026-10-09-jr13/final-snapshot/synthetic-packages/primary/CYCLICAL_01.json
 create mode 100644 docs/implementation/intake/G3/2026-10-09-jr13/final-snapshot/synthetic-packages/primary/CYCLICAL_02.json
 create mode 100644 docs/implementation/intake/G3/2026-10-09-jr13/final-snapshot/synthetic-packages/primary/INDUSTRIAL_01.json
 create mode 100644 docs/implementation/intake/G3/2026-10-09-jr13/final-snapshot/synthetic-packages/primary/INDUSTRIAL_02.json
 create mode 100644 docs/implementation/intake/G3/2026-10-09-jr13/final-snapshot/synthetic-packages/primary/IQS_01.json
 create mode 100644 docs/implementation/intake/G3/2026-10-09-jr13/final-snapshot/synthetic-packages/primary/IQS_02.json
 create mode 100644 docs/implementation/intake/G3/2026-10-09-jr13/final-snapshot/synthetic-packages/primary/IQS_04.json
 create mode 100644 docs/implementation/intake/G3/2026-10-09-jr13/final-snapshot/synthetic-packages/primary/IQS_05.json
 create mode 100644 docs/implementation/intake/G3/2026-10-09-jr13/final-snapshot/synthetic-packages/primary/IQS_06.json
 create mode 100644 docs/implementation/intake/G3/2026-10-09-jr13/final-snapshot/synthetic-packages/primary/IQS_07.json
 create mode 100644 docs/implementation/intake/G3/2026-10-09-jr13/final-snapshot/synthetic-packages/primary/IQS_08.json
 create mode 100644 docs/implementation/intake/G3/2026-10-09-jr13/final-snapshot/synthetic-packages/primary/IQS_09.json
 create mode 100644 docs/implementation/intake/G3/2026-10-09-jr13/final-snapshot/synthetic-packages/primary/IQS_10.json
 create mode 100644 docs/implementation/intake/G3/2026-10-09-jr13/final-snapshot/synthetic-packages/primary/IQS_12.json
 create mode 100644 docs/implementation/intake/G3/2026-10-09-jr13/final-snapshot/synthetic-packages/primary/IQS_13.json
 create mode 100644 docs/implementation/intake/G3/2026-10-09-jr13/final-snapshot/synthetic-packages/primary/IQS_14.json
 create mode 100644 docs/implementation/intake/G3/2026-10-09-jr13/final-snapshot/synthetic-packages/primary/IQS_15.json
 create mode 100644 docs/implementation/intake/G3/2026-10-09-jr13/final-snapshot/synthetic-packages/primary/IQS_16.json
 create mode 100644 docs/implementation/intake/G3/2026-10-09-jr13/final-snapshot/synthetic-packages/primary/IQS_17.json
 create mode 100644 docs/implementation/intake/G3/2026-10-09-jr13/final-snapshot/synthetic-packages/primary/IQS_18.json
 create mode 100644 docs/implementation/intake/G3/2026-10-09-jr13/final-snapshot/synthetic-packages/primary/IQS_19.json
 create mode 100644 docs/implementation/intake/G3/2026-10-09-jr13/final-snapshot/synthetic-packages/primary/IQS_20.json
 create mode 100644 docs/implementation/intake/G3/2026-10-09-jr13/final-snapshot/synthetic-packages/primary/IQS_21.json
 create mode 100644 docs/implementation/intake/G3/2026-10-09-jr13/final-snapshot/synthetic-packages/primary/IQS_22.json
 create mode 100644 docs/implementation/intake/G3/2026-10-09-jr13/final-snapshot/synthetic-packages/primary/IQS_23.json
 create mode 100644 docs/implementation/intake/G3/2026-10-09-jr13/final-snapshot/synthetic-packages/primary/IQS_24.json
 create mode 100644 docs/implementation/intake/G3/2026-10-09-jr13/final-snapshot/synthetic-packages/primary/MATURE_01.json
 create mode 100644 docs/implementation/intake/G3/2026-10-09-jr13/final-snapshot/synthetic-packages/primary/MATURE_02.json
 create mode 100644 docs/implementation/intake/G3/2026-10-09-jr13/final-snapshot/synthetic-packages/primary/OPERATING_01.json
 create mode 100644 docs/implementation/intake/G3/2026-10-09-jr13/final-snapshot/synthetic-packages/primary/OPERATING_02.json
 create mode 100644 docs/implementation/intake/G3/2026-10-09-jr13/format-01/0.stderr.log
 create mode 100644 docs/implementation/intake/G3/2026-10-09-jr13/format-01/0.stdout.log
 create mode 100644 docs/implementation/intake/G3/2026-10-09-jr13/format-01/1.stderr.log
 create mode 100644 docs/implementation/intake/G3/2026-10-09-jr13/format-01/1.stdout.log
 create mode 100644 docs/implementation/intake/G3/2026-10-09-jr13/format-01/process.json
 create mode 100644 docs/implementation/intake/G3/2026-10-09-jr13/format-02/0.stderr.log
 create mode 100644 docs/implementation/intake/G3/2026-10-09-jr13/format-02/0.stdout.log
 create mode 100644 docs/implementation/intake/G3/2026-10-09-jr13/format-02/1.stderr.log
 create mode 100644 docs/implementation/intake/G3/2026-10-09-jr13/format-02/1.stdout.log
 create mode 100644 docs/implementation/intake/G3/2026-10-09-jr13/format-02/process.json
 create mode 100644 docs/implementation/intake/G3/2026-10-09-jr13/format-03/0.stderr.log
 create mode 100644 docs/implementation/intake/G3/2026-10-09-jr13/format-03/0.stdout.log
 create mode 100644 docs/implementation/intake/G3/2026-10-09-jr13/format-03/1.stderr.log
 create mode 100644 docs/implementation/intake/G3/2026-10-09-jr13/format-03/1.stdout.log
 create mode 100644 docs/implementation/intake/G3/2026-10-09-jr13/format-03/process.json
 create mode 100644 docs/implementation/intake/G3/2026-10-09-jr13/format-04/0.stderr.log
 create mode 100644 docs/implementation/intake/G3/2026-10-09-jr13/format-04/0.stdout.log
 create mode 100644 docs/implementation/intake/G3/2026-10-09-jr13/format-04/1.stderr.log
 create mode 100644 docs/implementation/intake/G3/2026-10-09-jr13/format-04/1.stdout.log
 create mode 100644 docs/implementation/intake/G3/2026-10-09-jr13/format-04/process.json
 create mode 100644 docs/implementation/intake/G3/2026-10-09-jr13/format-05/0.stderr.log
 create mode 100644 docs/implementation/intake/G3/2026-10-09-jr13/format-05/0.stdout.log
 create mode 100644 docs/implementation/intake/G3/2026-10-09-jr13/format-05/1.stderr.log
 create mode 100644 docs/implementation/intake/G3/2026-10-09-jr13/format-05/1.stdout.log
 create mode 100644 docs/implementation/intake/G3/2026-10-09-jr13/format-05/process.json
 create mode 100644 docs/implementation/intake/G3/2026-10-09-jr13/independent-release.json
 create mode 100644 docs/implementation/intake/G3/2026-10-09-jr13/ingress-ack-green-01/junit.xml
 create mode 100644 docs/implementation/intake/G3/2026-10-09-jr13/ingress-ack-green-01/process.json
 create mode 100644 docs/implementation/intake/G3/2026-10-09-jr13/ingress-ack-green-01/stderr.log
 create mode 100644 docs/implementation/intake/G3/2026-10-09-jr13/ingress-ack-green-01/stdout.log
 create mode 100644 docs/implementation/intake/G3/2026-10-09-jr13/ingress-ack-red-01/junit.xml
 create mode 100644 docs/implementation/intake/G3/2026-10-09-jr13/ingress-ack-red-01/process.json
 create mode 100644 docs/implementation/intake/G3/2026-10-09-jr13/ingress-ack-red-01/stderr.log
 create mode 100644 docs/implementation/intake/G3/2026-10-09-jr13/ingress-ack-red-01/stdout.log
 create mode 100644 docs/implementation/intake/G3/2026-10-09-jr13/input-01.json
 create mode 100644 docs/implementation/intake/G3/2026-10-09-jr13/iqs-publication/first-stage-note.json
 create mode 100644 docs/implementation/intake/G3/2026-10-09-jr13/iqs-publication/selected-before.json
 create mode 100644 docs/implementation/intake/G3/2026-10-09-jr13/iqs-publication/selected-resume.json
 create mode 100644 docs/implementation/intake/G3/2026-10-09-jr13/joint-01-detail/cases/a-selected/cold.stderr.log
 create mode 100644 docs/implementation/intake/G3/2026-10-09-jr13/joint-01-detail/cases/a-selected/cold.stdout.log
 create mode 100644 docs/implementation/intake/G3/2026-10-09-jr13/joint-01-detail/cases/a-selected/logs/stock_qa_20261009.log
 create mode 100644 docs/implementation/intake/G3/2026-10-09-jr13/joint-01-detail/logs/joint/jr13-cold.process.json
 create mode 100644 docs/implementation/intake/G3/2026-10-09-jr13/joint-01-detail/logs/joint/jr13-cold.response.json
 create mode 100644 docs/implementation/intake/G3/2026-10-09-jr13/joint-01-detail/logs/joint/jr13-cold.stderr.log
 create mode 100644 docs/implementation/intake/G3/2026-10-09-jr13/joint-01-detail/logs/joint/jr13-cold.stdout.log
 create mode 100644 docs/implementation/intake/G3/2026-10-09-jr13/joint-01-detail/logs/joint/jr13-receiver.process.json
 create mode 100644 docs/implementation/intake/G3/2026-10-09-jr13/joint-01-detail/logs/joint/jr13-receiver.response.json
 create mode 100644 docs/implementation/intake/G3/2026-10-09-jr13/joint-01-detail/logs/joint/jr13-receiver.stderr.log
 create mode 100644 docs/implementation/intake/G3/2026-10-09-jr13/joint-01-detail/logs/joint/jr13-receiver.stdout.log
 create mode 100644 docs/implementation/intake/G3/2026-10-09-jr13/joint-01-detail/logs/joint/jr13-seed.process.json
 create mode 100644 docs/implementation/intake/G3/2026-10-09-jr13/joint-01-detail/logs/joint/jr13-seed.response.json
 create mode 100644 docs/implementation/intake/G3/2026-10-09-jr13/joint-01-detail/logs/joint/jr13-seed.stderr.log
 create mode 100644 docs/implementation/intake/G3/2026-10-09-jr13/joint-01-detail/logs/joint/jr13-seed.stdout.log
 create mode 100644 docs/implementation/intake/G3/2026-10-09-jr13/joint-01/junit.xml
 create mode 100644 docs/implementation/intake/G3/2026-10-09-jr13/joint-01/process.json
 create mode 100644 docs/implementation/intake/G3/2026-10-09-jr13/joint-01/stderr.log
 create mode 100644 docs/implementation/intake/G3/2026-10-09-jr13/joint-01/stdout.log
 create mode 100644 docs/implementation/intake/G3/2026-10-09-jr13/joint-02-detail/cases/joint-02/a-selected/cold.stderr.log
 create mode 100644 docs/implementation/intake/G3/2026-10-09-jr13/joint-02-detail/cases/joint-02/a-selected/cold.stdout.log
 create mode 100644 docs/implementation/intake/G3/2026-10-09-jr13/joint-02-detail/cases/joint-02/a-selected/logs/stock_qa_20261009.log
 create mode 100644 docs/implementation/intake/G3/2026-10-09-jr13/joint-02-detail/logs/joint-02/jr13-cold.process.json
 create mode 100644 docs/implementation/intake/G3/2026-10-09-jr13/joint-02-detail/logs/joint-02/jr13-cold.response.json
 create mode 100644 docs/implementation/intake/G3/2026-10-09-jr13/joint-02-detail/logs/joint-02/jr13-cold.stderr.log
 create mode 100644 docs/implementation/intake/G3/2026-10-09-jr13/joint-02-detail/logs/joint-02/jr13-cold.stdout.log
 create mode 100644 docs/implementation/intake/G3/2026-10-09-jr13/joint-02-detail/logs/joint-02/jr13-receiver.process.json
 create mode 100644 docs/implementation/intake/G3/2026-10-09-jr13/joint-02-detail/logs/joint-02/jr13-receiver.response.json
 create mode 100644 docs/implementation/intake/G3/2026-10-09-jr13/joint-02-detail/logs/joint-02/jr13-receiver.stderr.log
 create mode 100644 docs/implementation/intake/G3/2026-10-09-jr13/joint-02-detail/logs/joint-02/jr13-receiver.stdout.log
 create mode 100644 docs/implementation/intake/G3/2026-10-09-jr13/joint-02-detail/logs/joint-02/jr13-seed.process.json
 create mode 100644 docs/implementation/intake/G3/2026-10-09-jr13/joint-02-detail/logs/joint-02/jr13-seed.response.json
 create mode 100644 docs/implementation/intake/G3/2026-10-09-jr13/joint-02-detail/logs/joint-02/jr13-seed.stderr.log
 create mode 100644 docs/implementation/intake/G3/2026-10-09-jr13/joint-02-detail/logs/joint-02/jr13-seed.stdout.log
 create mode 100644 docs/implementation/intake/G3/2026-10-09-jr13/joint-02/actors/cases/joint-02/a-selected/cold.stderr.log
 create mode 100644 docs/implementation/intake/G3/2026-10-09-jr13/joint-02/actors/cases/joint-02/a-selected/cold.stdout.log
 create mode 100644 docs/implementation/intake/G3/2026-10-09-jr13/joint-02/actors/cases/joint-02/a-selected/logs/stock_qa_20261009.log
 create mode 100644 docs/implementation/intake/G3/2026-10-09-jr13/joint-02/actors/cases/joint-02/jr13-cold.request.json
 create mode 100644 docs/implementation/intake/G3/2026-10-09-jr13/joint-02/actors/cases/joint-02/jr13-cold.response.json
 create mode 100644 docs/implementation/intake/G3/2026-10-09-jr13/joint-02/actors/cases/joint-02/jr13-receiver.request.json
 create mode 100644 docs/implementation/intake/G3/2026-10-09-jr13/joint-02/actors/cases/joint-02/jr13-receiver.response.json
 create mode 100644 docs/implementation/intake/G3/2026-10-09-jr13/joint-02/actors/cases/joint-02/jr13-seed.request.json
 create mode 100644 docs/implementation/intake/G3/2026-10-09-jr13/joint-02/actors/cases/joint-02/jr13-seed.response.json
 create mode 100644 docs/implementation/intake/G3/2026-10-09-jr13/joint-02/actors/logs/joint-02/jr13-cold.process.json
 create mode 100644 docs/implementation/intake/G3/2026-10-09-jr13/joint-02/actors/logs/joint-02/jr13-cold.response.json
 create mode 100644 docs/implementation/intake/G3/2026-10-09-jr13/joint-02/actors/logs/joint-02/jr13-cold.stderr.log
 create mode 100644 docs/implementation/intake/G3/2026-10-09-jr13/joint-02/actors/logs/joint-02/jr13-cold.stdout.log
 create mode 100644 docs/implementation/intake/G3/2026-10-09-jr13/joint-02/actors/logs/joint-02/jr13-receiver.process.json
 create mode 100644 docs/implementation/intake/G3/2026-10-09-jr13/joint-02/actors/logs/joint-02/jr13-receiver.response.json
 create mode 100644 docs/implementation/intake/G3/2026-10-09-jr13/joint-02/actors/logs/joint-02/jr13-receiver.stderr.log
 create mode 100644 docs/implementation/intake/G3/2026-10-09-jr13/joint-02/actors/logs/joint-02/jr13-receiver.stdout.log
 create mode 100644 docs/implementation/intake/G3/2026-10-09-jr13/joint-02/actors/logs/joint-02/jr13-seed.process.json
 create mode 100644 docs/implementation/intake/G3/2026-10-09-jr13/joint-02/actors/logs/joint-02/jr13-seed.response.json
 create mode 100644 docs/implementation/intake/G3/2026-10-09-jr13/joint-02/actors/logs/joint-02/jr13-seed.stderr.log
 create mode 100644 docs/implementation/intake/G3/2026-10-09-jr13/joint-02/actors/logs/joint-02/jr13-seed.stdout.log
 create mode 100644 docs/implementation/intake/G3/2026-10-09-jr13/joint-02/junit.xml
 create mode 100644 docs/implementation/intake/G3/2026-10-09-jr13/joint-02/process.json
 create mode 100644 docs/implementation/intake/G3/2026-10-09-jr13/joint-02/stderr.log
 create mode 100644 docs/implementation/intake/G3/2026-10-09-jr13/joint-02/stdout.log
 create mode 100644 docs/implementation/intake/G3/2026-10-09-jr13/joint-03-detail/cases/joint-03/a-selected/cold.stderr.log
 create mode 100644 docs/implementation/intake/G3/2026-10-09-jr13/joint-03-detail/cases/joint-03/a-selected/cold.stdout.log
 create mode 100644 docs/implementation/intake/G3/2026-10-09-jr13/joint-03-detail/cases/joint-03/a-selected/http-stub-sends.jsonl
 create mode 100644 docs/implementation/intake/G3/2026-10-09-jr13/joint-03-detail/cases/joint-03/a-selected/key-opens.jsonl
 create mode 100644 docs/implementation/intake/G3/2026-10-09-jr13/joint-03-detail/cases/joint-03/a-selected/logs/stock_qa_20261009.log
 create mode 100644 docs/implementation/intake/G3/2026-10-09-jr13/joint-03-detail/cases/joint-03/b/cold.stderr.log
 create mode 100644 docs/implementation/intake/G3/2026-10-09-jr13/joint-03-detail/cases/joint-03/b/cold.stdout.log
 create mode 100644 docs/implementation/intake/G3/2026-10-09-jr13/joint-03-detail/cases/joint-03/b/http-stub-sends.jsonl
 create mode 100644 docs/implementation/intake/G3/2026-10-09-jr13/joint-03-detail/cases/joint-03/b/key-opens.jsonl
 create mode 100644 docs/implementation/intake/G3/2026-10-09-jr13/joint-03-detail/cases/joint-03/b/logs/stock_qa_20261009.log
 create mode 100644 docs/implementation/intake/G3/2026-10-09-jr13/joint-03-detail/cases/joint-03/entrybad/cold.stderr.log
 create mode 100644 docs/implementation/intake/G3/2026-10-09-jr13/joint-03-detail/cases/joint-03/entrybad/cold.stdout.log
 create mode 100644 docs/implementation/intake/G3/2026-10-09-jr13/joint-03-detail/cases/joint-03/entrybad/logs/stock_qa_20261009.log
 create mode 100644 docs/implementation/intake/G3/2026-10-09-jr13/joint-03-detail/cases/joint-03/j02-release.request.json
 create mode 100644 docs/implementation/intake/G3/2026-10-09-jr13/joint-03-detail/cases/joint-03/j02-release.response.json
 create mode 100644 docs/implementation/intake/G3/2026-10-09-jr13/joint-03-detail/cases/joint-03/j02-rows.request.json
 create mode 100644 docs/implementation/intake/G3/2026-10-09-jr13/joint-03-detail/cases/joint-03/j02-rows.response.json
 create mode 100644 docs/implementation/intake/G3/2026-10-09-jr13/joint-03-detail/cases/joint-03/j02-seed.request.json
 create mode 100644 docs/implementation/intake/G3/2026-10-09-jr13/joint-03-detail/cases/joint-03/j02-seed.response.json
 create mode 100644 docs/implementation/intake/G3/2026-10-09-jr13/joint-03-detail/cases/joint-03/j02-wrong-entry.request.json
 create mode 100644 docs/implementation/intake/G3/2026-10-09-jr13/joint-03-detail/cases/joint-03/j02-wrong-entry.response.json
 create mode 100644 docs/implementation/intake/G3/2026-10-09-jr13/joint-03-detail/cases/joint-03/j03-independent-cold.request.json
 create mode 100644 docs/implementation/intake/G3/2026-10-09-jr13/joint-03-detail/cases/joint-03/j03-independent-cold.response.json
 create mode 100644 docs/implementation/intake/G3/2026-10-09-jr13/joint-03-detail/cases/joint-03/jr13-all-CROSS_BORDER_01.request.json
 create mode 100644 docs/implementation/intake/G3/2026-10-09-jr13/joint-03-detail/cases/joint-03/jr13-all-CROSS_BORDER_01.response.json
 create mode 100644 docs/implementation/intake/G3/2026-10-09-jr13/joint-03-detail/cases/joint-03/jr13-all-CYCLICAL_01.request.json
 create mode 100644 docs/implementation/intake/G3/2026-10-09-jr13/joint-03-detail/cases/joint-03/jr13-all-CYCLICAL_01.response.json
 create mode 100644 docs/implementation/intake/G3/2026-10-09-jr13/joint-03-detail/cases/joint-03/jr13-all-CYCLICAL_02.request.json
 create mode 100644 docs/implementation/intake/G3/2026-10-09-jr13/joint-03-detail/cases/joint-03/jr13-all-CYCLICAL_02.response.json
 create mode 100644 docs/implementation/intake/G3/2026-10-09-jr13/joint-03-detail/cases/joint-03/jr13-all-INDUSTRIAL_01.request.json
 create mode 100644 docs/implementation/intake/G3/2026-10-09-jr13/joint-03-detail/cases/joint-03/jr13-all-INDUSTRIAL_01.response.json
 create mode 100644 docs/implementation/intake/G3/2026-10-09-jr13/joint-03-detail/cases/joint-03/jr13-all-INDUSTRIAL_02.request.json
 create mode 100644 docs/implementation/intake/G3/2026-10-09-jr13/joint-03-detail/cases/joint-03/jr13-all-INDUSTRIAL_02.response.json
 create mode 100644 docs/implementation/intake/G3/2026-10-09-jr13/joint-03-detail/cases/joint-03/jr13-all-IQS_01.request.json
 create mode 100644 docs/implementation/intake/G3/2026-10-09-jr13/joint-03-detail/cases/joint-03/jr13-all-IQS_01.response.json
 create mode 100644 docs/implementation/intake/G3/2026-10-09-jr13/joint-03-detail/cases/joint-03/jr13-all-IQS_02.request.json
 create mode 100644 docs/implementation/intake/G3/2026-10-09-jr13/joint-03-detail/cases/joint-03/jr13-all-IQS_02.response.json
 create mode 100644 docs/implementation/intake/G3/2026-10-09-jr13/joint-03-detail/cases/joint-03/jr13-all-IQS_04.request.json
 create mode 100644 docs/implementation/intake/G3/2026-10-09-jr13/joint-03-detail/cases/joint-03/jr13-all-IQS_04.response.json
 create mode 100644 docs/implementation/intake/G3/2026-10-09-jr13/joint-03-detail/cases/joint-03/jr13-all-IQS_05.request.json
 create mode 100644 docs/implementation/intake/G3/2026-10-09-jr13/joint-03-detail/cases/joint-03/jr13-all-IQS_05.response.json
 create mode 100644 docs/implementation/intake/G3/2026-10-09-jr13/joint-03-detail/cases/joint-03/jr13-all-IQS_06.request.json
 create mode 100644 docs/implementation/intake/G3/2026-10-09-jr13/joint-03-detail/cases/joint-03/jr13-all-IQS_06.response.json
 create mode 100644 docs/implementation/intake/G3/2026-10-09-jr13/joint-03-detail/cases/joint-03/jr13-all-IQS_07.request.json
 create mode 100644 docs/implementation/intake/G3/2026-10-09-jr13/joint-03-detail/cases/joint-03/jr13-all-IQS_07.response.json
 create mode 100644 docs/implementation/intake/G3/2026-10-09-jr13/joint-03-detail/cases/joint-03/jr13-all-IQS_08.request.json
 create mode 100644 docs/implementation/intake/G3/2026-10-09-jr13/joint-03-detail/cases/joint-03/jr13-all-IQS_08.response.json
 create mode 100644 docs/implementation/intake/G3/2026-10-09-jr13/joint-03-detail/cases/joint-03/jr13-all-IQS_09.request.json
 create mode 100644 docs/implementation/intake/G3/2026-10-09-jr13/joint-03-detail/cases/joint-03/jr13-all-IQS_09.response.json
 create mode 100644 docs/implementation/intake/G3/2026-10-09-jr13/joint-03-detail/cases/joint-03/jr13-all-IQS_10.request.json
 create mode 100644 docs/implementation/intake/G3/2026-10-09-jr13/joint-03-detail/cases/joint-03/jr13-all-IQS_10.response.json
 create mode 100644 docs/implementation/intake/G3/2026-10-09-jr13/joint-03-detail/cases/joint-03/jr13-all-IQS_12.request.json
 create mode 100644 docs/implementation/intake/G3/2026-10-09-jr13/joint-03-detail/cases/joint-03/jr13-all-IQS_12.response.json
 create mode 100644 docs/implementation/intake/G3/2026-10-09-jr13/joint-03-detail/cases/joint-03/jr13-all-IQS_13.request.json
 create mode 100644 docs/implementation/intake/G3/2026-10-09-jr13/joint-03-detail/cases/joint-03/jr13-all-IQS_13.response.json
 create mode 100644 docs/implementation/intake/G3/2026-10-09-jr13/joint-03-detail/cases/joint-03/jr13-all-IQS_14.request.json
 create mode 100644 docs/implementation/intake/G3/2026-10-09-jr13/joint-03-detail/cases/joint-03/jr13-all-IQS_14.response.json
 create mode 100644 docs/implementation/intake/G3/2026-10-09-jr13/joint-03-detail/cases/joint-03/jr13-all-IQS_15.request.json
 create mode 100644 docs/implementation/intake/G3/2026-10-09-jr13/joint-03-detail/cases/joint-03/jr13-all-IQS_15.response.json
 create mode 100644 docs/implementation/intake/G3/2026-10-09-jr13/joint-03-detail/cases/joint-03/jr13-all-IQS_16.request.json
 create mode 100644 docs/implementation/intake/G3/2026-10-09-jr13/joint-03-detail/cases/joint-03/jr13-all-IQS_16.response.json
 create mode 100644 docs/implementation/intake/G3/2026-10-09-jr13/joint-03-detail/cases/joint-03/jr13-all-IQS_17.request.json
 create mode 100644 docs/implementation/intake/G3/2026-10-09-jr13/joint-03-detail/cases/joint-03/jr13-all-IQS_17.response.json
 create mode 100644 docs/implementation/intake/G3/2026-10-09-jr13/joint-03-detail/cases/joint-03/jr13-all-IQS_18.request.json
 create mode 100644 docs/implementation/intake/G3/2026-10-09-jr13/joint-03-detail/cases/joint-03/jr13-all-IQS_18.response.json
 create mode 100644 docs/implementation/intake/G3/2026-10-09-jr13/joint-03-detail/cases/joint-03/jr13-all-IQS_19.request.json
 create mode 100644 docs/implementation/intake/G3/2026-10-09-jr13/joint-03-detail/cases/joint-03/jr13-all-IQS_19.response.json
 create mode 100644 docs/implementation/intake/G3/2026-10-09-jr13/joint-03-detail/cases/joint-03/jr13-all-IQS_20.request.json
 create mode 100644 docs/implementation/intake/G3/2026-10-09-jr13/joint-03-detail/cases/joint-03/jr13-all-IQS_20.response.json
 create mode 100644 docs/implementation/intake/G3/2026-10-09-jr13/joint-03-detail/cases/joint-03/jr13-all-IQS_21.request.json
 create mode 100644 docs/implementation/intake/G3/2026-10-09-jr13/joint-03-detail/cases/joint-03/jr13-all-IQS_21.response.json
 create mode 100644 docs/implementation/intake/G3/2026-10-09-jr13/joint-03-detail/cases/joint-03/jr13-all-IQS_22.request.json
 create mode 100644 docs/implementation/intake/G3/2026-10-09-jr13/joint-03-detail/cases/joint-03/jr13-all-IQS_22.response.json
 create mode 100644 docs/implementation/intake/G3/2026-10-09-jr13/joint-03-detail/cases/joint-03/jr13-all-IQS_23.request.json
 create mode 100644 docs/implementation/intake/G3/2026-10-09-jr13/joint-03-detail/cases/joint-03/jr13-all-IQS_23.response.json
 create mode 100644 docs/implementation/intake/G3/2026-10-09-jr13/joint-03-detail/cases/joint-03/jr13-all-IQS_24.request.json
 create mode 100644 docs/implementation/intake/G3/2026-10-09-jr13/joint-03-detail/cases/joint-03/jr13-all-IQS_24.response.json
 create mode 100644 docs/implementation/intake/G3/2026-10-09-jr13/joint-03-detail/cases/joint-03/jr13-all-MATURE_01.request.json
 create mode 100644 docs/implementation/intake/G3/2026-10-09-jr13/joint-03-detail/cases/joint-03/jr13-all-MATURE_01.response.json
 create mode 100644 docs/implementation/intake/G3/2026-10-09-jr13/joint-03-detail/cases/joint-03/jr13-all-MATURE_02.request.json
 create mode 100644 docs/implementation/intake/G3/2026-10-09-jr13/joint-03-detail/cases/joint-03/jr13-all-MATURE_02.response.json
 create mode 100644 docs/implementation/intake/G3/2026-10-09-jr13/joint-03-detail/cases/joint-03/jr13-all-OPERATING_01.request.json
 create mode 100644 docs/implementation/intake/G3/2026-10-09-jr13/joint-03-detail/cases/joint-03/jr13-all-OPERATING_01.response.json
 create mode 100644 docs/implementation/intake/G3/2026-10-09-jr13/joint-03-detail/cases/joint-03/jr13-all-OPERATING_02.request.json
 create mode 100644 docs/implementation/intake/G3/2026-10-09-jr13/joint-03-detail/cases/joint-03/jr13-all-OPERATING_02.response.json
 create mode 100644 docs/implementation/intake/G3/2026-10-09-jr13/joint-03-detail/cases/joint-03/jr13-all-rows.request.json
 create mode 100644 docs/implementation/intake/G3/2026-10-09-jr13/joint-03-detail/cases/joint-03/jr13-all-rows.response.json
 create mode 100644 docs/implementation/intake/G3/2026-10-09-jr13/joint-03-detail/cases/joint-03/jr13-begin-IQS_01.request.json
 create mode 100644 docs/implementation/intake/G3/2026-10-09-jr13/joint-03-detail/cases/joint-03/jr13-begin-IQS_01.response.json
 create mode 100644 docs/implementation/intake/G3/2026-10-09-jr13/joint-03-detail/cases/joint-03/jr13-begin-IQS_06.request.json
 create mode 100644 docs/implementation/intake/G3/2026-10-09-jr13/joint-03-detail/cases/joint-03/jr13-begin-IQS_06.response.json
 create mode 100644 docs/implementation/intake/G3/2026-10-09-jr13/joint-03-detail/cases/joint-03/jr13-bind-IQS_01.request.json
 create mode 100644 docs/implementation/intake/G3/2026-10-09-jr13/joint-03-detail/cases/joint-03/jr13-bind-IQS_01.response.json
 create mode 100644 docs/implementation/intake/G3/2026-10-09-jr13/joint-03-detail/cases/joint-03/jr13-bind-IQS_06.request.json
 create mode 100644 docs/implementation/intake/G3/2026-10-09-jr13/joint-03-detail/cases/joint-03/jr13-bind-IQS_06.response.json
 create mode 100644 docs/implementation/intake/G3/2026-10-09-jr13/joint-03-detail/cases/joint-03/jr13-cold.request.json
 create mode 100644 docs/implementation/intake/G3/2026-10-09-jr13/joint-03-detail/cases/joint-03/jr13-cold.response.json
 create mode 100644 docs/implementation/intake/G3/2026-10-09-jr13/joint-03-detail/cases/joint-03/jr13-receiver.request.json
 create mode 100644 docs/implementation/intake/G3/2026-10-09-jr13/joint-03-detail/cases/joint-03/jr13-receiver.response.json
 create mode 100644 docs/implementation/intake/G3/2026-10-09-jr13/joint-03-detail/cases/joint-03/jr13-seed.request.json
 create mode 100644 docs/implementation/intake/G3/2026-10-09-jr13/joint-03-detail/cases/joint-03/jr13-seed.response.json
 create mode 100644 docs/implementation/intake/G3/2026-10-09-jr13/joint-03-detail/cases/joint-03/jr13-unbound-after.request.json
 create mode 100644 docs/implementation/intake/G3/2026-10-09-jr13/joint-03-detail/cases/joint-03/jr13-unbound-after.response.json
 create mode 100644 docs/implementation/intake/G3/2026-10-09-jr13/joint-03-detail/cases/joint-03/jr13-unbound-before.request.json
 create mode 100644 docs/implementation/intake/G3/2026-10-09-jr13/joint-03-detail/cases/joint-03/jr13-unbound-before.response.json
 create mode 100644 docs/implementation/intake/G3/2026-10-09-jr13/joint-03-detail/cases/joint-03/jr13-unbound-begin.request.json
 create mode 100644 docs/implementation/intake/G3/2026-10-09-jr13/joint-03-detail/logs/joint-03/j02-release.process.json
 create mode 100644 docs/implementation/intake/G3/2026-10-09-jr13/joint-03-detail/logs/joint-03/j02-release.response.json
 create mode 100644 docs/implementation/intake/G3/2026-10-09-jr13/joint-03-detail/logs/joint-03/j02-release.stderr.log
 create mode 100644 docs/implementation/intake/G3/2026-10-09-jr13/joint-03-detail/logs/joint-03/j02-release.stdout.log
 create mode 100644 docs/implementation/intake/G3/2026-10-09-jr13/joint-03-detail/logs/joint-03/j02-rows.process.json
 create mode 100644 docs/implementation/intake/G3/2026-10-09-jr13/joint-03-detail/logs/joint-03/j02-rows.response.json
 create mode 100644 docs/implementation/intake/G3/2026-10-09-jr13/joint-03-detail/logs/joint-03/j02-rows.stderr.log
 create mode 100644 docs/implementation/intake/G3/2026-10-09-jr13/joint-03-detail/logs/joint-03/j02-rows.stdout.log
 create mode 100644 docs/implementation/intake/G3/2026-10-09-jr13/joint-03-detail/logs/joint-03/j02-seed.process.json
 create mode 100644 docs/implementation/intake/G3/2026-10-09-jr13/joint-03-detail/logs/joint-03/j02-seed.response.json
 create mode 100644 docs/implementation/intake/G3/2026-10-09-jr13/joint-03-detail/logs/joint-03/j02-seed.stderr.log
 create mode 100644 docs/implementation/intake/G3/2026-10-09-jr13/joint-03-detail/logs/joint-03/j02-seed.stdout.log
 create mode 100644 docs/implementation/intake/G3/2026-10-09-jr13/joint-03-detail/logs/joint-03/j02-wrong-entry.process.json
 create mode 100644 docs/implementation/intake/G3/2026-10-09-jr13/joint-03-detail/logs/joint-03/j02-wrong-entry.response.json
 create mode 100644 docs/implementation/intake/G3/2026-10-09-jr13/joint-03-detail/logs/joint-03/j02-wrong-entry.stderr.log
 create mode 100644 docs/implementation/intake/G3/2026-10-09-jr13/joint-03-detail/logs/joint-03/j02-wrong-entry.stdout.log
 create mode 100644 docs/implementation/intake/G3/2026-10-09-jr13/joint-03-detail/logs/joint-03/j03-independent-cold.process.json
 create mode 100644 docs/implementation/intake/G3/2026-10-09-jr13/joint-03-detail/logs/joint-03/j03-independent-cold.response.json
 create mode 100644 docs/implementation/intake/G3/2026-10-09-jr13/joint-03-detail/logs/joint-03/j03-independent-cold.stderr.log
 create mode 100644 docs/implementation/intake/G3/2026-10-09-jr13/joint-03-detail/logs/joint-03/j03-independent-cold.stdout.log
 create mode 100644 docs/implementation/intake/G3/2026-10-09-jr13/joint-03-detail/logs/joint-03/jr13-all-CROSS_BORDER_01.process.json
 create mode 100644 docs/implementation/intake/G3/2026-10-09-jr13/joint-03-detail/logs/joint-03/jr13-all-CROSS_BORDER_01.response.json
 create mode 100644 docs/implementation/intake/G3/2026-10-09-jr13/joint-03-detail/logs/joint-03/jr13-all-CROSS_BORDER_01.stderr.log
 create mode 100644 docs/implementation/intake/G3/2026-10-09-jr13/joint-03-detail/logs/joint-03/jr13-all-CROSS_BORDER_01.stdout.log
 create mode 100644 docs/implementation/intake/G3/2026-10-09-jr13/joint-03-detail/logs/joint-03/jr13-all-CYCLICAL_01.process.json
 create mode 100644 docs/implementation/intake/G3/2026-10-09-jr13/joint-03-detail/logs/joint-03/jr13-all-CYCLICAL_01.response.json
 create mode 100644 docs/implementation/intake/G3/2026-10-09-jr13/joint-03-detail/logs/joint-03/jr13-all-CYCLICAL_01.stderr.log
 create mode 100644 docs/implementation/intake/G3/2026-10-09-jr13/joint-03-detail/logs/joint-03/jr13-all-CYCLICAL_01.stdout.log
 create mode 100644 docs/implementation/intake/G3/2026-10-09-jr13/joint-03-detail/logs/joint-03/jr13-all-CYCLICAL_02.process.json
 create mode 100644 docs/implementation/intake/G3/2026-10-09-jr13/joint-03-detail/logs/joint-03/jr13-all-CYCLICAL_02.response.json
 create mode 100644 docs/implementation/intake/G3/2026-10-09-jr13/joint-03-detail/logs/joint-03/jr13-all-CYCLICAL_02.stderr.log
 create mode 100644 docs/implementation/intake/G3/2026-10-09-jr13/joint-03-detail/logs/joint-03/jr13-all-CYCLICAL_02.stdout.log
 create mode 100644 docs/implementation/intake/G3/2026-10-09-jr13/joint-03-detail/logs/joint-03/jr13-all-INDUSTRIAL_01.process.json
 create mode 100644 docs/implementation/intake/G3/2026-10-09-jr13/joint-03-detail/logs/joint-03/jr13-all-INDUSTRIAL_01.response.json
 create mode 100644 docs/implementation/intake/G3/2026-10-09-jr13/joint-03-detail/logs/joint-03/jr13-all-INDUSTRIAL_01.stderr.log
 create mode 100644 docs/implementation/intake/G3/2026-10-09-jr13/joint-03-detail/logs/joint-03/jr13-all-INDUSTRIAL_01.stdout.log
 create mode 100644 docs/implementation/intake/G3/2026-10-09-jr13/joint-03-detail/logs/joint-03/jr13-all-INDUSTRIAL_02.process.json
 create mode 100644 docs/implementation/intake/G3/2026-10-09-jr13/joint-03-detail/logs/joint-03/jr13-all-INDUSTRIAL_02.response.json
 create mode 100644 docs/implementation/intake/G3/2026-10-09-jr13/joint-03-detail/logs/joint-03/jr13-all-INDUSTRIAL_02.stderr.log
 create mode 100644 docs/implementation/intake/G3/2026-10-09-jr13/joint-03-detail/logs/joint-03/jr13-all-INDUSTRIAL_02.stdout.log
 create mode 100644 docs/implementation/intake/G3/2026-10-09-jr13/joint-03-detail/logs/joint-03/jr13-all-IQS_01.process.json
 create mode 100644 docs/implementation/intake/G3/2026-10-09-jr13/joint-03-detail/logs/joint-03/jr13-all-IQS_01.response.json
 create mode 100644 docs/implementation/intake/G3/2026-10-09-jr13/joint-03-detail/logs/joint-03/jr13-all-IQS_01.stderr.log
 create mode 100644 docs/implementation/intake/G3/2026-10-09-jr13/joint-03-detail/logs/joint-03/jr13-all-IQS_01.stdout.log
 create mode 100644 docs/implementation/intake/G3/2026-10-09-jr13/joint-03-detail/logs/joint-03/jr13-all-IQS_02.process.json
 create mode 100644 docs/implementation/intake/G3/2026-10-09-jr13/joint-03-detail/logs/joint-03/jr13-all-IQS_02.response.json
 create mode 100644 docs/implementation/intake/G3/2026-10-09-jr13/joint-03-detail/logs/joint-03/jr13-all-IQS_02.stderr.log
 create mode 100644 docs/implementation/intake/G3/2026-10-09-jr13/joint-03-detail/logs/joint-03/jr13-all-IQS_02.stdout.log
 create mode 100644 docs/implementation/intake/G3/2026-10-09-jr13/joint-03-detail/logs/joint-03/jr13-all-IQS_04.process.json
 create mode 100644 docs/implementation/intake/G3/2026-10-09-jr13/joint-03-detail/logs/joint-03/jr13-all-IQS_04.response.json
 create mode 100644 docs/implementation/intake/G3/2026-10-09-jr13/joint-03-detail/logs/joint-03/jr13-all-IQS_04.stderr.log
 create mode 100644 docs/implementation/intake/G3/2026-10-09-jr13/joint-03-detail/logs/joint-03/jr13-all-IQS_04.stdout.log
 create mode 100644 docs/implementation/intake/G3/2026-10-09-jr13/joint-03-detail/logs/joint-03/jr13-all-IQS_05.process.json
 create mode 100644 docs/implementation/intake/G3/2026-10-09-jr13/joint-03-detail/logs/joint-03/jr13-all-IQS_05.response.json
 create mode 100644 docs/implementation/intake/G3/2026-10-09-jr13/joint-03-detail/logs/joint-03/jr13-all-IQS_05.stderr.log
 create mode 100644 docs/implementation/intake/G3/2026-10-09-jr13/joint-03-detail/logs/joint-03/jr13-all-IQS_05.stdout.log
 create mode 100644 docs/implementation/intake/G3/2026-10-09-jr13/joint-03-detail/logs/joint-03/jr13-all-IQS_06.process.json
 create mode 100644 docs/implementation/intake/G3/2026-10-09-jr13/joint-03-detail/logs/joint-03/jr13-all-IQS_06.response.json
 create mode 100644 docs/implementation/intake/G3/2026-10-09-jr13/joint-03-detail/logs/joint-03/jr13-all-IQS_06.stderr.log
 create mode 100644 docs/implementation/intake/G3/2026-10-09-jr13/joint-03-detail/logs/joint-03/jr13-all-IQS_06.stdout.log
 create mode 100644 docs/implementation/intake/G3/2026-10-09-jr13/joint-03-detail/logs/joint-03/jr13-all-IQS_07.process.json
 create mode 100644 docs/implementation/intake/G3/2026-10-09-jr13/joint-03-detail/logs/joint-03/jr13-all-IQS_07.response.json
 create mode 100644 docs/implementation/intake/G3/2026-10-09-jr13/joint-03-detail/logs/joint-03/jr13-all-IQS_07.stderr.log
 create mode 100644 docs/implementation/intake/G3/2026-10-09-jr13/joint-03-detail/logs/joint-03/jr13-all-IQS_07.stdout.log
 create mode 100644 docs/implementation/intake/G3/2026-10-09-jr13/joint-03-detail/logs/joint-03/jr13-all-IQS_08.process.json
 create mode 100644 docs/implementation/intake/G3/2026-10-09-jr13/joint-03-detail/logs/joint-03/jr13-all-IQS_08.response.json
 create mode 100644 docs/implementation/intake/G3/2026-10-09-jr13/joint-03-detail/logs/joint-03/jr13-all-IQS_08.stderr.log
 create mode 100644 docs/implementation/intake/G3/2026-10-09-jr13/joint-03-detail/logs/joint-03/jr13-all-IQS_08.stdout.log
 create mode 100644 docs/implementation/intake/G3/2026-10-09-jr13/joint-03-detail/logs/joint-03/jr13-all-IQS_09.process.json
 create mode 100644 docs/implementation/intake/G3/2026-10-09-jr13/joint-03-detail/logs/joint-03/jr13-all-IQS_09.response.json
 create mode 100644 docs/implementation/intake/G3/2026-10-09-jr13/joint-03-detail/logs/joint-03/jr13-all-IQS_09.stderr.log
 create mode 100644 docs/implementation/intake/G3/2026-10-09-jr13/joint-03-detail/logs/joint-03/jr13-all-IQS_09.stdout.log
 create mode 100644 docs/implementation/intake/G3/2026-10-09-jr13/joint-03-detail/logs/joint-03/jr13-all-IQS_10.process.json
 create mode 100644 docs/implementation/intake/G3/2026-10-09-jr13/joint-03-detail/logs/joint-03/jr13-all-IQS_10.response.json
 create mode 100644 docs/implementation/intake/G3/2026-10-09-jr13/joint-03-detail/logs/joint-03/jr13-all-IQS_10.stderr.log
 create mode 100644 docs/implementation/intake/G3/2026-10-09-jr13/joint-03-detail/logs/joint-03/jr13-all-IQS_10.stdout.log
 create mode 100644 docs/implementation/intake/G3/2026-10-09-jr13/joint-03-detail/logs/joint-03/jr13-all-IQS_12.process.json
 create mode 100644 docs/implementation/intake/G3/2026-10-09-jr13/joint-03-detail/logs/joint-03/jr13-all-IQS_12.response.json
 create mode 100644 docs/implementation/intake/G3/2026-10-09-jr13/joint-03-detail/logs/joint-03/jr13-all-IQS_12.stderr.log
 create mode 100644 docs/implementation/intake/G3/2026-10-09-jr13/joint-03-detail/logs/joint-03/jr13-all-IQS_12.stdout.log
 create mode 100644 docs/implementation/intake/G3/2026-10-09-jr13/joint-03-detail/logs/joint-03/jr13-all-IQS_13.process.json
 create mode 100644 docs/implementation/intake/G3/2026-10-09-jr13/joint-03-detail/logs/joint-03/jr13-all-IQS_13.response.json
 create mode 100644 docs/implementation/intake/G3/2026-10-09-jr13/joint-03-detail/logs/joint-03/jr13-all-IQS_13.stderr.log
 create mode 100644 docs/implementation/intake/G3/2026-10-09-jr13/joint-03-detail/logs/joint-03/jr13-all-IQS_13.stdout.log
 create mode 100644 docs/implementation/intake/G3/2026-10-09-jr13/joint-03-detail/logs/joint-03/jr13-all-IQS_14.process.json
 create mode 100644 docs/implementation/intake/G3/2026-10-09-jr13/joint-03-detail/logs/joint-03/jr13-all-IQS_14.response.json
 create mode 100644 docs/implementation/intake/G3/2026-10-09-jr13/joint-03-detail/logs/joint-03/jr13-all-IQS_14.stderr.log
 create mode 100644 docs/implementation/intake/G3/2026-10-09-jr13/joint-03-detail/logs/joint-03/jr13-all-IQS_14.stdout.log
 create mode 100644 docs/implementation/intake/G3/2026-10-09-jr13/joint-03-detail/logs/joint-03/jr13-all-IQS_15.process.json
 create mode 100644 docs/implementation/intake/G3/2026-10-09-jr13/joint-03-detail/logs/joint-03/jr13-all-IQS_15.response.json
 create mode 100644 docs/implementation/intake/G3/2026-10-09-jr13/joint-03-detail/logs/joint-03/jr13-all-IQS_15.stderr.log
 create mode 100644 docs/implementation/intake/G3/2026-10-09-jr13/joint-03-detail/logs/joint-03/jr13-all-IQS_15.stdout.log
 create mode 100644 docs/implementation/intake/G3/2026-10-09-jr13/joint-03-detail/logs/joint-03/jr13-all-IQS_16.process.json
 create mode 100644 docs/implementation/intake/G3/2026-10-09-jr13/joint-03-detail/logs/joint-03/jr13-all-IQS_16.response.json
 create mode 100644 docs/implementation/intake/G3/2026-10-09-jr13/joint-03-detail/logs/joint-03/jr13-all-IQS_16.stderr.log
 create mode 100644 docs/implementation/intake/G3/2026-10-09-jr13/joint-03-detail/logs/joint-03/jr13-all-IQS_16.stdout.log
 create mode 100644 docs/implementation/intake/G3/2026-10-09-jr13/joint-03-detail/logs/joint-03/jr13-all-IQS_17.process.json
 create mode 100644 docs/implementation/intake/G3/2026-10-09-jr13/joint-03-detail/logs/joint-03/jr13-all-IQS_17.response.json
 create mode 100644 docs/implementation/intake/G3/2026-10-09-jr13/joint-03-detail/logs/joint-03/jr13-all-IQS_17.stderr.log
 create mode 100644 docs/implementation/intake/G3/2026-10-09-jr13/joint-03-detail/logs/joint-03/jr13-all-IQS_17.stdout.log
 create mode 100644 docs/implementation/intake/G3/2026-10-09-jr13/joint-03-detail/logs/joint-03/jr13-all-IQS_18.process.json
 create mode 100644 docs/implementation/intake/G3/2026-10-09-jr13/joint-03-detail/logs/joint-03/jr13-all-IQS_18.response.json
 create mode 100644 docs/implementation/intake/G3/2026-10-09-jr13/joint-03-detail/logs/joint-03/jr13-all-IQS_18.stderr.log
 create mode 100644 docs/implementation/intake/G3/2026-10-09-jr13/joint-03-detail/logs/joint-03/jr13-all-IQS_18.stdout.log
 create mode 100644 docs/implementation/intake/G3/2026-10-09-jr13/joint-03-detail/logs/joint-03/jr13-all-IQS_19.process.json
 create mode 100644 docs/implementation/intake/G3/2026-10-09-jr13/joint-03-detail/logs/joint-03/jr13-all-IQS_19.response.json
 create mode 100644 docs/implementation/intake/G3/2026-10-09-jr13/joint-03-detail/logs/joint-03/jr13-all-IQS_19.stderr.log
 create mode 100644 docs/implementation/intake/G3/2026-10-09-jr13/joint-03-detail/logs/joint-03/jr13-all-IQS_19.stdout.log
 create mode 100644 docs/implementation/intake/G3/2026-10-09-jr13/joint-03-detail/logs/joint-03/jr13-all-IQS_20.process.json
 create mode 100644 docs/implementation/intake/G3/2026-10-09-jr13/joint-03-detail/logs/joint-03/jr13-all-IQS_20.response.json
 create mode 100644 docs/implementation/intake/G3/2026-10-09-jr13/joint-03-detail/logs/joint-03/jr13-all-IQS_20.stderr.log
 create mode 100644 docs/implementation/intake/G3/2026-10-09-jr13/joint-03-detail/logs/joint-03/jr13-all-IQS_20.stdout.log
 create mode 100644 docs/implementation/intake/G3/2026-10-09-jr13/joint-03-detail/logs/joint-03/jr13-all-IQS_21.process.json
 create mode 100644 docs/implementation/intake/G3/2026-10-09-jr13/joint-03-detail/logs/joint-03/jr13-all-IQS_21.response.json
 create mode 100644 docs/implementation/intake/G3/2026-10-09-jr13/joint-03-detail/logs/joint-03/jr13-all-IQS_21.stderr.log
 create mode 100644 docs/implementation/intake/G3/2026-10-09-jr13/joint-03-detail/logs/joint-03/jr13-all-IQS_21.stdout.log
 create mode 100644 docs/implementation/intake/G3/2026-10-09-jr13/joint-03-detail/logs/joint-03/jr13-all-IQS_22.process.json
 create mode 100644 docs/implementation/intake/G3/2026-10-09-jr13/joint-03-detail/logs/joint-03/jr13-all-IQS_22.response.json
 create mode 100644 docs/implementation/intake/G3/2026-10-09-jr13/joint-03-detail/logs/joint-03/jr13-all-IQS_22.stderr.log
 create mode 100644 docs/implementation/intake/G3/2026-10-09-jr13/joint-03-detail/logs/joint-03/jr13-all-IQS_22.stdout.log
 create mode 100644 docs/implementation/intake/G3/2026-10-09-jr13/joint-03-detail/logs/joint-03/jr13-all-IQS_23.process.json
 create mode 100644 docs/implementation/intake/G3/2026-10-09-jr13/joint-03-detail/logs/joint-03/jr13-all-IQS_23.response.json
 create mode 100644 docs/implementation/intake/G3/2026-10-09-jr13/joint-03-detail/logs/joint-03/jr13-all-IQS_23.stderr.log
 create mode 100644 docs/implementation/intake/G3/2026-10-09-jr13/joint-03-detail/logs/joint-03/jr13-all-IQS_23.stdout.log
 create mode 100644 docs/implementation/intake/G3/2026-10-09-jr13/joint-03-detail/logs/joint-03/jr13-all-IQS_24.process.json
 create mode 100644 docs/implementation/intake/G3/2026-10-09-jr13/joint-03-detail/logs/joint-03/jr13-all-IQS_24.response.json
 create mode 100644 docs/implementation/intake/G3/2026-10-09-jr13/joint-03-detail/logs/joint-03/jr13-all-IQS_24.stderr.log
 create mode 100644 docs/implementation/intake/G3/2026-10-09-jr13/joint-03-detail/logs/joint-03/jr13-all-IQS_24.stdout.log
 create mode 100644 docs/implementation/intake/G3/2026-10-09-jr13/joint-03-detail/logs/joint-03/jr13-all-MATURE_01.process.json
 create mode 100644 docs/implementation/intake/G3/2026-10-09-jr13/joint-03-detail/logs/joint-03/jr13-all-MATURE_01.response.json
 create mode 100644 docs/implementation/intake/G3/2026-10-09-jr13/joint-03-detail/logs/joint-03/jr13-all-MATURE_01.stderr.log
 create mode 100644 docs/implementation/intake/G3/2026-10-09-jr13/joint-03-detail/logs/joint-03/jr13-all-MATURE_01.stdout.log
 create mode 100644 docs/implementation/intake/G3/2026-10-09-jr13/joint-03-detail/logs/joint-03/jr13-all-MATURE_02.process.json
 create mode 100644 docs/implementation/intake/G3/2026-10-09-jr13/joint-03-detail/logs/joint-03/jr13-all-MATURE_02.response.json
 create mode 100644 docs/implementation/intake/G3/2026-10-09-jr13/joint-03-detail/logs/joint-03/jr13-all-MATURE_02.stderr.log
 create mode 100644 docs/implementation/intake/G3/2026-10-09-jr13/joint-03-detail/logs/joint-03/jr13-all-MATURE_02.stdout.log
 create mode 100644 docs/implementation/intake/G3/2026-10-09-jr13/joint-03-detail/logs/joint-03/jr13-all-OPERATING_01.process.json
 create mode 100644 docs/implementation/intake/G3/2026-10-09-jr13/joint-03-detail/logs/joint-03/jr13-all-OPERATING_01.response.json
 create mode 100644 docs/implementation/intake/G3/2026-10-09-jr13/joint-03-detail/logs/joint-03/jr13-all-OPERATING_01.stderr.log
 create mode 100644 docs/implementation/intake/G3/2026-10-09-jr13/joint-03-detail/logs/joint-03/jr13-all-OPERATING_01.stdout.log
 create mode 100644 docs/implementation/intake/G3/2026-10-09-jr13/joint-03-detail/logs/joint-03/jr13-all-OPERATING_02.process.json
 create mode 100644 docs/implementation/intake/G3/2026-10-09-jr13/joint-03-detail/logs/joint-03/jr13-all-OPERATING_02.response.json
 create mode 100644 docs/implementation/intake/G3/2026-10-09-jr13/joint-03-detail/logs/joint-03/jr13-all-OPERATING_02.stderr.log
 create mode 100644 docs/implementation/intake/G3/2026-10-09-jr13/joint-03-detail/logs/joint-03/jr13-all-OPERATING_02.stdout.log
 create mode 100644 docs/implementation/intake/G3/2026-10-09-jr13/joint-03-detail/logs/joint-03/jr13-all-rows.process.json
 create mode 100644 docs/implementation/intake/G3/2026-10-09-jr13/joint-03-detail/logs/joint-03/jr13-all-rows.response.json
 create mode 100644 docs/implementation/intake/G3/2026-10-09-jr13/joint-03-detail/logs/joint-03/jr13-all-rows.stderr.log
 create mode 100644 docs/implementation/intake/G3/2026-10-09-jr13/joint-03-detail/logs/joint-03/jr13-all-rows.stdout.log
 create mode 100644 docs/implementation/intake/G3/2026-10-09-jr13/joint-03-detail/logs/joint-03/jr13-begin-IQS_01.process.json
 create mode 100644 docs/implementation/intake/G3/2026-10-09-jr13/joint-03-detail/logs/joint-03/jr13-begin-IQS_01.response.json
 create mode 100644 docs/implementation/intake/G3/2026-10-09-jr13/joint-03-detail/logs/joint-03/jr13-begin-IQS_01.stderr.log
 create mode 100644 docs/implementation/intake/G3/2026-10-09-jr13/joint-03-detail/logs/joint-03/jr13-begin-IQS_01.stdout.log
 create mode 100644 docs/implementation/intake/G3/2026-10-09-jr13/joint-03-detail/logs/joint-03/jr13-begin-IQS_06.process.json
 create mode 100644 docs/implementation/intake/G3/2026-10-09-jr13/joint-03-detail/logs/joint-03/jr13-begin-IQS_06.response.json
 create mode 100644 docs/implementation/intake/G3/2026-10-09-jr13/joint-03-detail/logs/joint-03/jr13-begin-IQS_06.stderr.log
 create mode 100644 docs/implementation/intake/G3/2026-10-09-jr13/joint-03-detail/logs/joint-03/jr13-begin-IQS_06.stdout.log
 create mode 100644 docs/implementation/intake/G3/2026-10-09-jr13/joint-03-detail/logs/joint-03/jr13-bind-IQS_01.process.json
 create mode 100644 docs/implementation/intake/G3/2026-10-09-jr13/joint-03-detail/logs/joint-03/jr13-bind-IQS_01.response.json
 create mode 100644 docs/implementation/intake/G3/2026-10-09-jr13/joint-03-detail/logs/joint-03/jr13-bind-IQS_01.stderr.log
 create mode 100644 docs/implementation/intake/G3/2026-10-09-jr13/joint-03-detail/logs/joint-03/jr13-bind-IQS_01.stdout.log
 create mode 100644 docs/implementation/intake/G3/2026-10-09-jr13/joint-03-detail/logs/joint-03/jr13-bind-IQS_06.process.json
 create mode 100644 docs/implementation/intake/G3/2026-10-09-jr13/joint-03-detail/logs/joint-03/jr13-bind-IQS_06.response.json
 create mode 100644 docs/implementation/intake/G3/2026-10-09-jr13/joint-03-detail/logs/joint-03/jr13-bind-IQS_06.stderr.log
 create mode 100644 docs/implementation/intake/G3/2026-10-09-jr13/joint-03-detail/logs/joint-03/jr13-bind-IQS_06.stdout.log
 create mode 100644 docs/implementation/intake/G3/2026-10-09-jr13/joint-03-detail/logs/joint-03/jr13-cold.process.json
 create mode 100644 docs/implementation/intake/G3/2026-10-09-jr13/joint-03-detail/logs/joint-03/jr13-cold.response.json
 create mode 100644 docs/implementation/intake/G3/2026-10-09-jr13/joint-03-detail/logs/joint-03/jr13-cold.stderr.log
 create mode 100644 docs/implementation/intake/G3/2026-10-09-jr13/joint-03-detail/logs/joint-03/jr13-cold.stdout.log
 create mode 100644 docs/implementation/intake/G3/2026-10-09-jr13/joint-03-detail/logs/joint-03/jr13-receiver.process.json
 create mode 100644 docs/implementation/intake/G3/2026-10-09-jr13/joint-03-detail/logs/joint-03/jr13-receiver.response.json
 create mode 100644 docs/implementation/intake/G3/2026-10-09-jr13/joint-03-detail/logs/joint-03/jr13-receiver.stderr.log
 create mode 100644 docs/implementation/intake/G3/2026-10-09-jr13/joint-03-detail/logs/joint-03/jr13-receiver.stdout.log
 create mode 100644 docs/implementation/intake/G3/2026-10-09-jr13/joint-03-detail/logs/joint-03/jr13-seed.process.json
 create mode 100644 docs/implementation/intake/G3/2026-10-09-jr13/joint-03-detail/logs/joint-03/jr13-seed.response.json
 create mode 100644 docs/implementation/intake/G3/2026-10-09-jr13/joint-03-detail/logs/joint-03/jr13-seed.stderr.log
 create mode 100644 docs/implementation/intake/G3/2026-10-09-jr13/joint-03-detail/logs/joint-03/jr13-seed.stdout.log
 create mode 100644 docs/implementation/intake/G3/2026-10-09-jr13/joint-03-detail/logs/joint-03/jr13-unbound-after.process.json
 create mode 100644 docs/implementation/intake/G3/2026-10-09-jr13/joint-03-detail/logs/joint-03/jr13-unbound-after.response.json
 create mode 100644 docs/implementation/intake/G3/2026-10-09-jr13/joint-03-detail/logs/joint-03/jr13-unbound-after.stderr.log
 create mode 100644 docs/implementation/intake/G3/2026-10-09-jr13/joint-03-detail/logs/joint-03/jr13-unbound-after.stdout.log
 create mode 100644 docs/implementation/intake/G3/2026-10-09-jr13/joint-03-detail/logs/joint-03/jr13-unbound-before.process.json
 create mode 100644 docs/implementation/intake/G3/2026-10-09-jr13/joint-03-detail/logs/joint-03/jr13-unbound-before.response.json
 create mode 100644 docs/implementation/intake/G3/2026-10-09-jr13/joint-03-detail/logs/joint-03/jr13-unbound-before.stderr.log
 create mode 100644 docs/implementation/intake/G3/2026-10-09-jr13/joint-03-detail/logs/joint-03/jr13-unbound-before.stdout.log
 create mode 100644 docs/implementation/intake/G3/2026-10-09-jr13/joint-03-detail/logs/joint-03/jr13-unbound-begin.process.json
 create mode 100644 docs/implementation/intake/G3/2026-10-09-jr13/joint-03-detail/logs/joint-03/jr13-unbound-begin.stderr.log
 create mode 100644 docs/implementation/intake/G3/2026-10-09-jr13/joint-03-detail/logs/joint-03/jr13-unbound-begin.stdout.log
 create mode 100644 docs/implementation/intake/G3/2026-10-09-jr13/joint-03/actors/cases/joint-03/a-selected/cold.stderr.log
 create mode 100644 docs/implementation/intake/G3/2026-10-09-jr13/joint-03/actors/cases/joint-03/a-selected/cold.stdout.log
 create mode 100644 docs/implementation/intake/G3/2026-10-09-jr13/joint-03/actors/cases/joint-03/a-selected/http-stub-sends.jsonl
 create mode 100644 docs/implementation/intake/G3/2026-10-09-jr13/joint-03/actors/cases/joint-03/a-selected/key-opens.jsonl
 create mode 100644 docs/implementation/intake/G3/2026-10-09-jr13/joint-03/actors/cases/joint-03/a-selected/logs/stock_qa_20261009.log
 create mode 100644 docs/implementation/intake/G3/2026-10-09-jr13/joint-03/actors/cases/joint-03/b/cold.stderr.log
 create mode 100644 docs/implementation/intake/G3/2026-10-09-jr13/joint-03/actors/cases/joint-03/b/cold.stdout.log
 create mode 100644 docs/implementation/intake/G3/2026-10-09-jr13/joint-03/actors/cases/joint-03/b/http-stub-sends.jsonl
 create mode 100644 docs/implementation/intake/G3/2026-10-09-jr13/joint-03/actors/cases/joint-03/b/key-opens.jsonl
 create mode 100644 docs/implementation/intake/G3/2026-10-09-jr13/joint-03/actors/cases/joint-03/b/logs/stock_qa_20261009.log
 create mode 100644 docs/implementation/intake/G3/2026-10-09-jr13/joint-03/actors/cases/joint-03/entrybad/cold.stderr.log
 create mode 100644 docs/implementation/intake/G3/2026-10-09-jr13/joint-03/actors/cases/joint-03/entrybad/cold.stdout.log
 create mode 100644 docs/implementation/intake/G3/2026-10-09-jr13/joint-03/actors/cases/joint-03/entrybad/logs/stock_qa_20261009.log
 create mode 100644 docs/implementation/intake/G3/2026-10-09-jr13/joint-03/actors/cases/joint-03/j02-release.request.json
 create mode 100644 docs/implementation/intake/G3/2026-10-09-jr13/joint-03/actors/cases/joint-03/j02-release.response.json
 create mode 100644 docs/implementation/intake/G3/2026-10-09-jr13/joint-03/actors/cases/joint-03/j02-rows.request.json
 create mode 100644 docs/implementation/intake/G3/2026-10-09-jr13/joint-03/actors/cases/joint-03/j02-rows.response.json
 create mode 100644 docs/implementation/intake/G3/2026-10-09-jr13/joint-03/actors/cases/joint-03/j02-seed.request.json
 create mode 100644 docs/implementation/intake/G3/2026-10-09-jr13/joint-03/actors/cases/joint-03/j02-seed.response.json
 create mode 100644 docs/implementation/intake/G3/2026-10-09-jr13/joint-03/actors/cases/joint-03/j02-wrong-entry.request.json
 create mode 100644 docs/implementation/intake/G3/2026-10-09-jr13/joint-03/actors/cases/joint-03/j02-wrong-entry.response.json
 create mode 100644 docs/implementation/intake/G3/2026-10-09-jr13/joint-03/actors/cases/joint-03/j03-independent-cold.request.json
 create mode 100644 docs/implementation/intake/G3/2026-10-09-jr13/joint-03/actors/cases/joint-03/j03-independent-cold.response.json
 create mode 100644 docs/implementation/intake/G3/2026-10-09-jr13/joint-03/actors/cases/joint-03/jr13-all-CROSS_BORDER_01.request.json
 create mode 100644 docs/implementation/intake/G3/2026-10-09-jr13/joint-03/actors/cases/joint-03/jr13-all-CROSS_BORDER_01.response.json
 create mode 100644 docs/implementation/intake/G3/2026-10-09-jr13/joint-03/actors/cases/joint-03/jr13-all-CYCLICAL_01.request.json
 create mode 100644 docs/implementation/intake/G3/2026-10-09-jr13/joint-03/actors/cases/joint-03/jr13-all-CYCLICAL_01.response.json
 create mode 100644 docs/implementation/intake/G3/2026-10-09-jr13/joint-03/actors/cases/joint-03/jr13-all-CYCLICAL_02.request.json
 create mode 100644 docs/implementation/intake/G3/2026-10-09-jr13/joint-03/actors/cases/joint-03/jr13-all-CYCLICAL_02.response.json
 create mode 100644 docs/implementation/intake/G3/2026-10-09-jr13/joint-03/actors/cases/joint-03/jr13-all-INDUSTRIAL_01.request.json
 create mode 100644 docs/implementation/intake/G3/2026-10-09-jr13/joint-03/actors/cases/joint-03/jr13-all-INDUSTRIAL_01.response.json
 create mode 100644 docs/implementation/intake/G3/2026-10-09-jr13/joint-03/actors/cases/joint-03/jr13-all-INDUSTRIAL_02.request.json
 create mode 100644 docs/implementation/intake/G3/2026-10-09-jr13/joint-03/actors/cases/joint-03/jr13-all-INDUSTRIAL_02.response.json
 create mode 100644 docs/implementation/intake/G3/2026-10-09-jr13/joint-03/actors/cases/joint-03/jr13-all-IQS_01.request.json
 create mode 100644 docs/implementation/intake/G3/2026-10-09-jr13/joint-03/actors/cases/joint-03/jr13-all-IQS_01.response.json
 create mode 100644 docs/implementation/intake/G3/2026-10-09-jr13/joint-03/actors/cases/joint-03/jr13-all-IQS_02.request.json
 create mode 100644 docs/implementation/intake/G3/2026-10-09-jr13/joint-03/actors/cases/joint-03/jr13-all-IQS_02.response.json
 create mode 100644 docs/implementation/intake/G3/2026-10-09-jr13/joint-03/actors/cases/joint-03/jr13-all-IQS_04.request.json
 create mode 100644 docs/implementation/intake/G3/2026-10-09-jr13/joint-03/actors/cases/joint-03/jr13-all-IQS_04.response.json
 create mode 100644 docs/implementation/intake/G3/2026-10-09-jr13/joint-03/actors/cases/joint-03/jr13-all-IQS_05.request.json
 create mode 100644 docs/implementation/intake/G3/2026-10-09-jr13/joint-03/actors/cases/joint-03/jr13-all-IQS_05.response.json
 create mode 100644 docs/implementation/intake/G3/2026-10-09-jr13/joint-03/actors/cases/joint-03/jr13-all-IQS_06.request.json
 create mode 100644 docs/implementation/intake/G3/2026-10-09-jr13/joint-03/actors/cases/joint-03/jr13-all-IQS_06.response.json
 create mode 100644 docs/implementation/intake/G3/2026-10-09-jr13/joint-03/actors/cases/joint-03/jr13-all-IQS_07.request.json
 create mode 100644 docs/implementation/intake/G3/2026-10-09-jr13/joint-03/actors/cases/joint-03/jr13-all-IQS_07.response.json
 create mode 100644 docs/implementation/intake/G3/2026-10-09-jr13/joint-03/actors/cases/joint-03/jr13-all-IQS_08.request.json
 create mode 100644 docs/implementation/intake/G3/2026-10-09-jr13/joint-03/actors/cases/joint-03/jr13-all-IQS_08.response.json
 create mode 100644 docs/implementation/intake/G3/2026-10-09-jr13/joint-03/actors/cases/joint-03/jr13-all-IQS_09.request.json
 create mode 100644 docs/implementation/intake/G3/2026-10-09-jr13/joint-03/actors/cases/joint-03/jr13-all-IQS_09.response.json
 create mode 100644 docs/implementation/intake/G3/2026-10-09-jr13/joint-03/actors/cases/joint-03/jr13-all-IQS_10.request.json
 create mode 100644 docs/implementation/intake/G3/2026-10-09-jr13/joint-03/actors/cases/joint-03/jr13-all-IQS_10.response.json
 create mode 100644 docs/implementation/intake/G3/2026-10-09-jr13/joint-03/actors/cases/joint-03/jr13-all-IQS_12.request.json
 create mode 100644 docs/implementation/intake/G3/2026-10-09-jr13/joint-03/actors/cases/joint-03/jr13-all-IQS_12.response.json
 create mode 100644 docs/implementation/intake/G3/2026-10-09-jr13/joint-03/actors/cases/joint-03/jr13-all-IQS_13.request.json
 create mode 100644 docs/implementation/intake/G3/2026-10-09-jr13/joint-03/actors/cases/joint-03/jr13-all-IQS_13.response.json
 create mode 100644 docs/implementation/intake/G3/2026-10-09-jr13/joint-03/actors/cases/joint-03/jr13-all-IQS_14.request.json
 create mode 100644 docs/implementation/intake/G3/2026-10-09-jr13/joint-03/actors/cases/joint-03/jr13-all-IQS_14.response.json
 create mode 100644 docs/implementation/intake/G3/2026-10-09-jr13/joint-03/actors/cases/joint-03/jr13-all-IQS_15.request.json
 create mode 100644 docs/implementation/intake/G3/2026-10-09-jr13/joint-03/actors/cases/joint-03/jr13-all-IQS_15.response.json
 create mode 100644 docs/implementation/intake/G3/2026-10-09-jr13/joint-03/actors/cases/joint-03/jr13-all-IQS_16.request.json
 create mode 100644 docs/implementation/intake/G3/2026-10-09-jr13/joint-03/actors/cases/joint-03/jr13-all-IQS_16.response.json
 create mode 100644 docs/implementation/intake/G3/2026-10-09-jr13/joint-03/actors/cases/joint-03/jr13-all-IQS_17.request.json
 create mode 100644 docs/implementation/intake/G3/2026-10-09-jr13/joint-03/actors/cases/joint-03/jr13-all-IQS_17.response.json
 create mode 100644 docs/implementation/intake/G3/2026-10-09-jr13/joint-03/actors/cases/joint-03/jr13-all-IQS_18.request.json
 create mode 100644 docs/implementation/intake/G3/2026-10-09-jr13/joint-03/actors/cases/joint-03/jr13-all-IQS_18.response.json
 create mode 100644 docs/implementation/intake/G3/2026-10-09-jr13/joint-03/actors/cases/joint-03/jr13-all-IQS_19.request.json
 create mode 100644 docs/implementation/intake/G3/2026-10-09-jr13/joint-03/actors/cases/joint-03/jr13-all-IQS_19.response.json
 create mode 100644 docs/implementation/intake/G3/2026-10-09-jr13/joint-03/actors/cases/joint-03/jr13-all-IQS_20.request.json
 create mode 100644 docs/implementation/intake/G3/2026-10-09-jr13/joint-03/actors/cases/joint-03/jr13-all-IQS_20.response.json
 create mode 100644 docs/implementation/intake/G3/2026-10-09-jr13/joint-03/actors/cases/joint-03/jr13-all-IQS_21.request.json
 create mode 100644 docs/implementation/intake/G3/2026-10-09-jr13/joint-03/actors/cases/joint-03/jr13-all-IQS_21.response.json
 create mode 100644 docs/implementation/intake/G3/2026-10-09-jr13/joint-03/actors/cases/joint-03/jr13-all-IQS_22.request.json
 create mode 100644 docs/implementation/intake/G3/2026-10-09-jr13/joint-03/actors/cases/joint-03/jr13-all-IQS_22.response.json
 create mode 100644 docs/implementation/intake/G3/2026-10-09-jr13/joint-03/actors/cases/joint-03/jr13-all-IQS_23.request.json
 create mode 100644 docs/implementation/intake/G3/2026-10-09-jr13/joint-03/actors/cases/joint-03/jr13-all-IQS_23.response.json
 create mode 100644 docs/implementation/intake/G3/2026-10-09-jr13/joint-03/actors/cases/joint-03/jr13-all-IQS_24.request.json
 create mode 100644 docs/implementation/intake/G3/2026-10-09-jr13/joint-03/actors/cases/joint-03/jr13-all-IQS_24.response.json
 create mode 100644 docs/implementation/intake/G3/2026-10-09-jr13/joint-03/actors/cases/joint-03/jr13-all-MATURE_01.request.json
 create mode 100644 docs/implementation/intake/G3/2026-10-09-jr13/joint-03/actors/cases/joint-03/jr13-all-MATURE_01.response.json
 create mode 100644 docs/implementation/intake/G3/2026-10-09-jr13/joint-03/actors/cases/joint-03/jr13-all-MATURE_02.request.json
 create mode 100644 docs/implementation/intake/G3/2026-10-09-jr13/joint-03/actors/cases/joint-03/jr13-all-MATURE_02.response.json
 create mode 100644 docs/implementation/intake/G3/2026-10-09-jr13/joint-03/actors/cases/joint-03/jr13-all-OPERATING_01.request.json
 create mode 100644 docs/implementation/intake/G3/2026-10-09-jr13/joint-03/actors/cases/joint-03/jr13-all-OPERATING_01.response.json
 create mode 100644 docs/implementation/intake/G3/2026-10-09-jr13/joint-03/actors/cases/joint-03/jr13-all-OPERATING_02.request.json
 create mode 100644 docs/implementation/intake/G3/2026-10-09-jr13/joint-03/actors/cases/joint-03/jr13-all-OPERATING_02.response.json
 create mode 100644 docs/implementation/intake/G3/2026-10-09-jr13/joint-03/actors/cases/joint-03/jr13-all-rows.request.json
 create mode 100644 docs/implementation/intake/G3/2026-10-09-jr13/joint-03/actors/cases/joint-03/jr13-all-rows.response.json
 create mode 100644 docs/implementation/intake/G3/2026-10-09-jr13/joint-03/actors/cases/joint-03/jr13-begin-IQS_01.request.json
 create mode 100644 docs/implementation/intake/G3/2026-10-09-jr13/joint-03/actors/cases/joint-03/jr13-begin-IQS_01.response.json
 create mode 100644 docs/implementation/intake/G3/2026-10-09-jr13/joint-03/actors/cases/joint-03/jr13-begin-IQS_06.request.json
 create mode 100644 docs/implementation/intake/G3/2026-10-09-jr13/joint-03/actors/cases/joint-03/jr13-begin-IQS_06.response.json
 create mode 100644 docs/implementation/intake/G3/2026-10-09-jr13/joint-03/actors/cases/joint-03/jr13-bind-IQS_01.request.json
 create mode 100644 docs/implementation/intake/G3/2026-10-09-jr13/joint-03/actors/cases/joint-03/jr13-bind-IQS_01.response.json
 create mode 100644 docs/implementation/intake/G3/2026-10-09-jr13/joint-03/actors/cases/joint-03/jr13-bind-IQS_06.request.json
 create mode 100644 docs/implementation/intake/G3/2026-10-09-jr13/joint-03/actors/cases/joint-03/jr13-bind-IQS_06.response.json
 create mode 100644 docs/implementation/intake/G3/2026-10-09-jr13/joint-03/actors/cases/joint-03/jr13-cold.request.json
 create mode 100644 docs/implementation/intake/G3/2026-10-09-jr13/joint-03/actors/cases/joint-03/jr13-cold.response.json
 create mode 100644 docs/implementation/intake/G3/2026-10-09-jr13/joint-03/actors/cases/joint-03/jr13-receiver.request.json
 create mode 100644 docs/implementation/intake/G3/2026-10-09-jr13/joint-03/actors/cases/joint-03/jr13-receiver.response.json
 create mode 100644 docs/implementation/intake/G3/2026-10-09-jr13/joint-03/actors/cases/joint-03/jr13-seed.request.json
 create mode 100644 docs/implementation/intake/G3/2026-10-09-jr13/joint-03/actors/cases/joint-03/jr13-seed.response.json
 create mode 100644 docs/implementation/intake/G3/2026-10-09-jr13/joint-03/actors/cases/joint-03/jr13-unbound-after.request.json
 create mode 100644 docs/implementation/intake/G3/2026-10-09-jr13/joint-03/actors/cases/joint-03/jr13-unbound-after.response.json
 create mode 100644 docs/implementation/intake/G3/2026-10-09-jr13/joint-03/actors/cases/joint-03/jr13-unbound-before.request.json
 create mode 100644 docs/implementation/intake/G3/2026-10-09-jr13/joint-03/actors/cases/joint-03/jr13-unbound-before.response.json
 create mode 100644 docs/implementation/intake/G3/2026-10-09-jr13/joint-03/actors/cases/joint-03/jr13-unbound-begin.request.json
 create mode 100644 docs/implementation/intake/G3/2026-10-09-jr13/joint-03/actors/logs/joint-03/j02-release.process.json
 create mode 100644 docs/implementation/intake/G3/2026-10-09-jr13/joint-03/actors/logs/joint-03/j02-release.response.json
 create mode 100644 docs/implementation/intake/G3/2026-10-09-jr13/joint-03/actors/logs/joint-03/j02-release.stderr.log
 create mode 100644 docs/implementation/intake/G3/2026-10-09-jr13/joint-03/actors/logs/joint-03/j02-release.stdout.log
 create mode 100644 docs/implementation/intake/G3/2026-10-09-jr13/joint-03/actors/logs/joint-03/j02-rows.process.json
 create mode 100644 docs/implementation/intake/G3/2026-10-09-jr13/joint-03/actors/logs/joint-03/j02-rows.response.json
 create mode 100644 docs/implementation/intake/G3/2026-10-09-jr13/joint-03/actors/logs/joint-03/j02-rows.stderr.log
 create mode 100644 docs/implementation/intake/G3/2026-10-09-jr13/joint-03/actors/logs/joint-03/j02-rows.stdout.log
 create mode 100644 docs/implementation/intake/G3/2026-10-09-jr13/joint-03/actors/logs/joint-03/j02-seed.process.json
 create mode 100644 docs/implementation/intake/G3/2026-10-09-jr13/joint-03/actors/logs/joint-03/j02-seed.response.json
 create mode 100644 docs/implementation/intake/G3/2026-10-09-jr13/joint-03/actors/logs/joint-03/j02-seed.stderr.log
 create mode 100644 docs/implementation/intake/G3/2026-10-09-jr13/joint-03/actors/logs/joint-03/j02-seed.stdout.log
 create mode 100644 docs/implementation/intake/G3/2026-10-09-jr13/joint-03/actors/logs/joint-03/j02-wrong-entry.process.json
 create mode 100644 docs/implementation/intake/G3/2026-10-09-jr13/joint-03/actors/logs/joint-03/j02-wrong-entry.response.json
 create mode 100644 docs/implementation/intake/G3/2026-10-09-jr13/joint-03/actors/logs/joint-03/j02-wrong-entry.stderr.log
 create mode 100644 docs/implementation/intake/G3/2026-10-09-jr13/joint-03/actors/logs/joint-03/j02-wrong-entry.stdout.log
 create mode 100644 docs/implementation/intake/G3/2026-10-09-jr13/joint-03/actors/logs/joint-03/j03-independent-cold.process.json
 create mode 100644 docs/implementation/intake/G3/2026-10-09-jr13/joint-03/actors/logs/joint-03/j03-independent-cold.response.json
 create mode 100644 docs/implementation/intake/G3/2026-10-09-jr13/joint-03/actors/logs/joint-03/j03-independent-cold.stderr.log
 create mode 100644 docs/implementation/intake/G3/2026-10-09-jr13/joint-03/actors/logs/joint-03/j03-independent-cold.stdout.log
 create mode 100644 docs/implementation/intake/G3/2026-10-09-jr13/joint-03/actors/logs/joint-03/jr13-all-CROSS_BORDER_01.process.json
 create mode 100644 docs/implementation/intake/G3/2026-10-09-jr13/joint-03/actors/logs/joint-03/jr13-all-CROSS_BORDER_01.response.json
 create mode 100644 docs/implementation/intake/G3/2026-10-09-jr13/joint-03/actors/logs/joint-03/jr13-all-CROSS_BORDER_01.stderr.log
 create mode 100644 docs/implementation/intake/G3/2026-10-09-jr13/joint-03/actors/logs/joint-03/jr13-all-CROSS_BORDER_01.stdout.log
 create mode 100644 docs/implementation/intake/G3/2026-10-09-jr13/joint-03/actors/logs/joint-03/jr13-all-CYCLICAL_01.process.json
 create mode 100644 docs/implementation/intake/G3/2026-10-09-jr13/joint-03/actors/logs/joint-03/jr13-all-CYCLICAL_01.response.json
 create mode 100644 docs/implementation/intake/G3/2026-10-09-jr13/joint-03/actors/logs/joint-03/jr13-all-CYCLICAL_01.stderr.log
 create mode 100644 docs/implementation/intake/G3/2026-10-09-jr13/joint-03/actors/logs/joint-03/jr13-all-CYCLICAL_01.stdout.log
 create mode 100644 docs/implementation/intake/G3/2026-10-09-jr13/joint-03/actors/logs/joint-03/jr13-all-CYCLICAL_02.process.json
 create mode 100644 docs/implementation/intake/G3/2026-10-09-jr13/joint-03/actors/logs/joint-03/jr13-all-CYCLICAL_02.response.json
 create mode 100644 docs/implementation/intake/G3/2026-10-09-jr13/joint-03/actors/logs/joint-03/jr13-all-CYCLICAL_02.stderr.log
 create mode 100644 docs/implementation/intake/G3/2026-10-09-jr13/joint-03/actors/logs/joint-03/jr13-all-CYCLICAL_02.stdout.log
 create mode 100644 docs/implementation/intake/G3/2026-10-09-jr13/joint-03/actors/logs/joint-03/jr13-all-INDUSTRIAL_01.process.json
 create mode 100644 docs/implementation/intake/G3/2026-10-09-jr13/joint-03/actors/logs/joint-03/jr13-all-INDUSTRIAL_01.response.json
 create mode 100644 docs/implementation/intake/G3/2026-10-09-jr13/joint-03/actors/logs/joint-03/jr13-all-INDUSTRIAL_01.stderr.log
 create mode 100644 docs/implementation/intake/G3/2026-10-09-jr13/joint-03/actors/logs/joint-03/jr13-all-INDUSTRIAL_01.stdout.log
 create mode 100644 docs/implementation/intake/G3/2026-10-09-jr13/joint-03/actors/logs/joint-03/jr13-all-INDUSTRIAL_02.process.json
 create mode 100644 docs/implementation/intake/G3/2026-10-09-jr13/joint-03/actors/logs/joint-03/jr13-all-INDUSTRIAL_02.response.json
 create mode 100644 docs/implementation/intake/G3/2026-10-09-jr13/joint-03/actors/logs/joint-03/jr13-all-INDUSTRIAL_02.stderr.log
 create mode 100644 docs/implementation/intake/G3/2026-10-09-jr13/joint-03/actors/logs/joint-03/jr13-all-INDUSTRIAL_02.stdout.log
 create mode 100644 docs/implementation/intake/G3/2026-10-09-jr13/joint-03/actors/logs/joint-03/jr13-all-IQS_01.process.json
 create mode 100644 docs/implementation/intake/G3/2026-10-09-jr13/joint-03/actors/logs/joint-03/jr13-all-IQS_01.response.json
 create mode 100644 docs/implementation/intake/G3/2026-10-09-jr13/joint-03/actors/logs/joint-03/jr13-all-IQS_01.stderr.log
 create mode 100644 docs/implementation/intake/G3/2026-10-09-jr13/joint-03/actors/logs/joint-03/jr13-all-IQS_01.stdout.log
 create mode 100644 docs/implementation/intake/G3/2026-10-09-jr13/joint-03/actors/logs/joint-03/jr13-all-IQS_02.process.json
 create mode 100644 docs/implementation/intake/G3/2026-10-09-jr13/joint-03/actors/logs/joint-03/jr13-all-IQS_02.response.json
 create mode 100644 docs/implementation/intake/G3/2026-10-09-jr13/joint-03/actors/logs/joint-03/jr13-all-IQS_02.stderr.log
 create mode 100644 docs/implementation/intake/G3/2026-10-09-jr13/joint-03/actors/logs/joint-03/jr13-all-IQS_02.stdout.log
 create mode 100644 docs/implementation/intake/G3/2026-10-09-jr13/joint-03/actors/logs/joint-03/jr13-all-IQS_04.process.json
 create mode 100644 docs/implementation/intake/G3/2026-10-09-jr13/joint-03/actors/logs/joint-03/jr13-all-IQS_04.response.json
 create mode 100644 docs/implementation/intake/G3/2026-10-09-jr13/joint-03/actors/logs/joint-03/jr13-all-IQS_04.stderr.log
 create mode 100644 docs/implementation/intake/G3/2026-10-09-jr13/joint-03/actors/logs/joint-03/jr13-all-IQS_04.stdout.log
 create mode 100644 docs/implementation/intake/G3/2026-10-09-jr13/joint-03/actors/logs/joint-03/jr13-all-IQS_05.process.json
 create mode 100644 docs/implementation/intake/G3/2026-10-09-jr13/joint-03/actors/logs/joint-03/jr13-all-IQS_05.response.json
 create mode 100644 docs/implementation/intake/G3/2026-10-09-jr13/joint-03/actors/logs/joint-03/jr13-all-IQS_05.stderr.log
 create mode 100644 docs/implementation/intake/G3/2026-10-09-jr13/joint-03/actors/logs/joint-03/jr13-all-IQS_05.stdout.log
 create mode 100644 docs/implementation/intake/G3/2026-10-09-jr13/joint-03/actors/logs/joint-03/jr13-all-IQS_06.process.json
 create mode 100644 docs/implementation/intake/G3/2026-10-09-jr13/joint-03/actors/logs/joint-03/jr13-all-IQS_06.response.json
 create mode 100644 docs/implementation/intake/G3/2026-10-09-jr13/joint-03/actors/logs/joint-03/jr13-all-IQS_06.stderr.log
 create mode 100644 docs/implementation/intake/G3/2026-10-09-jr13/joint-03/actors/logs/joint-03/jr13-all-IQS_06.stdout.log
 create mode 100644 docs/implementation/intake/G3/2026-10-09-jr13/joint-03/actors/logs/joint-03/jr13-all-IQS_07.process.json
 create mode 100644 docs/implementation/intake/G3/2026-10-09-jr13/joint-03/actors/logs/joint-03/jr13-all-IQS_07.response.json
 create mode 100644 docs/implementation/intake/G3/2026-10-09-jr13/joint-03/actors/logs/joint-03/jr13-all-IQS_07.stderr.log
 create mode 100644 docs/implementation/intake/G3/2026-10-09-jr13/joint-03/actors/logs/joint-03/jr13-all-IQS_07.stdout.log
 create mode 100644 docs/implementation/intake/G3/2026-10-09-jr13/joint-03/actors/logs/joint-03/jr13-all-IQS_08.process.json
 create mode 100644 docs/implementation/intake/G3/2026-10-09-jr13/joint-03/actors/logs/joint-03/jr13-all-IQS_08.response.json
 create mode 100644 docs/implementation/intake/G3/2026-10-09-jr13/joint-03/actors/logs/joint-03/jr13-all-IQS_08.stderr.log
 create mode 100644 docs/implementation/intake/G3/2026-10-09-jr13/joint-03/actors/logs/joint-03/jr13-all-IQS_08.stdout.log
 create mode 100644 docs/implementation/intake/G3/2026-10-09-jr13/joint-03/actors/logs/joint-03/jr13-all-IQS_09.process.json
 create mode 100644 docs/implementation/intake/G3/2026-10-09-jr13/joint-03/actors/logs/joint-03/jr13-all-IQS_09.response.json
 create mode 100644 docs/implementation/intake/G3/2026-10-09-jr13/joint-03/actors/logs/joint-03/jr13-all-IQS_09.stderr.log
 create mode 100644 docs/implementation/intake/G3/2026-10-09-jr13/joint-03/actors/logs/joint-03/jr13-all-IQS_09.stdout.log
 create mode 100644 docs/implementation/intake/G3/2026-10-09-jr13/joint-03/actors/logs/joint-03/jr13-all-IQS_10.process.json
 create mode 100644 docs/implementation/intake/G3/2026-10-09-jr13/joint-03/actors/logs/joint-03/jr13-all-IQS_10.response.json
 create mode 100644 docs/implementation/intake/G3/2026-10-09-jr13/joint-03/actors/logs/joint-03/jr13-all-IQS_10.stderr.log
 create mode 100644 docs/implementation/intake/G3/2026-10-09-jr13/joint-03/actors/logs/joint-03/jr13-all-IQS_10.stdout.log
 create mode 100644 docs/implementation/intake/G3/2026-10-09-jr13/joint-03/actors/logs/joint-03/jr13-all-IQS_12.process.json
 create mode 100644 docs/implementation/intake/G3/2026-10-09-jr13/joint-03/actors/logs/joint-03/jr13-all-IQS_12.response.json
 create mode 100644 docs/implementation/intake/G3/2026-10-09-jr13/joint-03/actors/logs/joint-03/jr13-all-IQS_12.stderr.log
 create mode 100644 docs/implementation/intake/G3/2026-10-09-jr13/joint-03/actors/logs/joint-03/jr13-all-IQS_12.stdout.log
 create mode 100644 docs/implementation/intake/G3/2026-10-09-jr13/joint-03/actors/logs/joint-03/jr13-all-IQS_13.process.json
 create mode 100644 docs/implementation/intake/G3/2026-10-09-jr13/joint-03/actors/logs/joint-03/jr13-all-IQS_13.response.json
 create mode 100644 docs/implementation/intake/G3/2026-10-09-jr13/joint-03/actors/logs/joint-03/jr13-all-IQS_13.stderr.log
 create mode 100644 docs/implementation/intake/G3/2026-10-09-jr13/joint-03/actors/logs/joint-03/jr13-all-IQS_13.stdout.log
 create mode 100644 docs/implementation/intake/G3/2026-10-09-jr13/joint-03/actors/logs/joint-03/jr13-all-IQS_14.process.json
 create mode 100644 docs/implementation/intake/G3/2026-10-09-jr13/joint-03/actors/logs/joint-03/jr13-all-IQS_14.response.json
 create mode 100644 docs/implementation/intake/G3/2026-10-09-jr13/joint-03/actors/logs/joint-03/jr13-all-IQS_14.stderr.log
 create mode 100644 docs/implementation/intake/G3/2026-10-09-jr13/joint-03/actors/logs/joint-03/jr13-all-IQS_14.stdout.log
 create mode 100644 docs/implementation/intake/G3/2026-10-09-jr13/joint-03/actors/logs/joint-03/jr13-all-IQS_15.process.json
 create mode 100644 docs/implementation/intake/G3/2026-10-09-jr13/joint-03/actors/logs/joint-03/jr13-all-IQS_15.response.json
 create mode 100644 docs/implementation/intake/G3/2026-10-09-jr13/joint-03/actors/logs/joint-03/jr13-all-IQS_15.stderr.log
 create mode 100644 docs/implementation/intake/G3/2026-10-09-jr13/joint-03/actors/logs/joint-03/jr13-all-IQS_15.stdout.log
 create mode 100644 docs/implementation/intake/G3/2026-10-09-jr13/joint-03/actors/logs/joint-03/jr13-all-IQS_16.process.json
 create mode 100644 docs/implementation/intake/G3/2026-10-09-jr13/joint-03/actors/logs/joint-03/jr13-all-IQS_16.response.json
 create mode 100644 docs/implementation/intake/G3/2026-10-09-jr13/joint-03/actors/logs/joint-03/jr13-all-IQS_16.stderr.log
 create mode 100644 docs/implementation/intake/G3/2026-10-09-jr13/joint-03/actors/logs/joint-03/jr13-all-IQS_16.stdout.log
 create mode 100644 docs/implementation/intake/G3/2026-10-09-jr13/joint-03/actors/logs/joint-03/jr13-all-IQS_17.process.json
 create mode 100644 docs/implementation/intake/G3/2026-10-09-jr13/joint-03/actors/logs/joint-03/jr13-all-IQS_17.response.json
 create mode 100644 docs/implementation/intake/G3/2026-10-09-jr13/joint-03/actors/logs/joint-03/jr13-all-IQS_17.stderr.log
 create mode 100644 docs/implementation/intake/G3/2026-10-09-jr13/joint-03/actors/logs/joint-03/jr13-all-IQS_17.stdout.log
 create mode 100644 docs/implementation/intake/G3/2026-10-09-jr13/joint-03/actors/logs/joint-03/jr13-all-IQS_18.process.json
 create mode 100644 docs/implementation/intake/G3/2026-10-09-jr13/joint-03/actors/logs/joint-03/jr13-all-IQS_18.response.json
 create mode 100644 docs/implementation/intake/G3/2026-10-09-jr13/joint-03/actors/logs/joint-03/jr13-all-IQS_18.stderr.log
 create mode 100644 docs/implementation/intake/G3/2026-10-09-jr13/joint-03/actors/logs/joint-03/jr13-all-IQS_18.stdout.log
 create mode 100644 docs/implementation/intake/G3/2026-10-09-jr13/joint-03/actors/logs/joint-03/jr13-all-IQS_19.process.json
 create mode 100644 docs/implementation/intake/G3/2026-10-09-jr13/joint-03/actors/logs/joint-03/jr13-all-IQS_19.response.json
 create mode 100644 docs/implementation/intake/G3/2026-10-09-jr13/joint-03/actors/logs/joint-03/jr13-all-IQS_19.stderr.log
 create mode 100644 docs/implementation/intake/G3/2026-10-09-jr13/joint-03/actors/logs/joint-03/jr13-all-IQS_19.stdout.log
 create mode 100644 docs/implementation/intake/G3/2026-10-09-jr13/joint-03/actors/logs/joint-03/jr13-all-IQS_20.process.json
 create mode 100644 docs/implementation/intake/G3/2026-10-09-jr13/joint-03/actors/logs/joint-03/jr13-all-IQS_20.response.json
 create mode 100644 docs/implementation/intake/G3/2026-10-09-jr13/joint-03/actors/logs/joint-03/jr13-all-IQS_20.stderr.log
 create mode 100644 docs/implementation/intake/G3/2026-10-09-jr13/joint-03/actors/logs/joint-03/jr13-all-IQS_20.stdout.log
 create mode 100644 docs/implementation/intake/G3/2026-10-09-jr13/joint-03/actors/logs/joint-03/jr13-all-IQS_21.process.json
 create mode 100644 docs/implementation/intake/G3/2026-10-09-jr13/joint-03/actors/logs/joint-03/jr13-all-IQS_21.response.json
 create mode 100644 docs/implementation/intake/G3/2026-10-09-jr13/joint-03/actors/logs/joint-03/jr13-all-IQS_21.stderr.log
 create mode 100644 docs/implementation/intake/G3/2026-10-09-jr13/joint-03/actors/logs/joint-03/jr13-all-IQS_21.stdout.log
 create mode 100644 docs/implementation/intake/G3/2026-10-09-jr13/joint-03/actors/logs/joint-03/jr13-all-IQS_22.process.json
 create mode 100644 docs/implementation/intake/G3/2026-10-09-jr13/joint-03/actors/logs/joint-03/jr13-all-IQS_22.response.json
 create mode 100644 docs/implementation/intake/G3/2026-10-09-jr13/joint-03/actors/logs/joint-03/jr13-all-IQS_22.stderr.log
 create mode 100644 docs/implementation/intake/G3/2026-10-09-jr13/joint-03/actors/logs/joint-03/jr13-all-IQS_22.stdout.log
 create mode 100644 docs/implementation/intake/G3/2026-10-09-jr13/joint-03/actors/logs/joint-03/jr13-all-IQS_23.process.json
 create mode 100644 docs/implementation/intake/G3/2026-10-09-jr13/joint-03/actors/logs/joint-03/jr13-all-IQS_23.response.json
 create mode 100644 docs/implementation/intake/G3/2026-10-09-jr13/joint-03/actors/logs/joint-03/jr13-all-IQS_23.stderr.log
 create mode 100644 docs/implementation/intake/G3/2026-10-09-jr13/joint-03/actors/logs/joint-03/jr13-all-IQS_23.stdout.log
 create mode 100644 docs/implementation/intake/G3/2026-10-09-jr13/joint-03/actors/logs/joint-03/jr13-all-IQS_24.process.json
 create mode 100644 docs/implementation/intake/G3/2026-10-09-jr13/joint-03/actors/logs/joint-03/jr13-all-IQS_24.response.json
 create mode 100644 docs/implementation/intake/G3/2026-10-09-jr13/joint-03/actors/logs/joint-03/jr13-all-IQS_24.stderr.log
 create mode 100644 docs/implementation/intake/G3/2026-10-09-jr13/joint-03/actors/logs/joint-03/jr13-all-IQS_24.stdout.log
 create mode 100644 docs/implementation/intake/G3/2026-10-09-jr13/joint-03/actors/logs/joint-03/jr13-all-MATURE_01.process.json
 create mode 100644 docs/implementation/intake/G3/2026-10-09-jr13/joint-03/actors/logs/joint-03/jr13-all-MATURE_01.response.json
 create mode 100644 docs/implementation/intake/G3/2026-10-09-jr13/joint-03/actors/logs/joint-03/jr13-all-MATURE_01.stderr.log
 create mode 100644 docs/implementation/intake/G3/2026-10-09-jr13/joint-03/actors/logs/joint-03/jr13-all-MATURE_01.stdout.log
 create mode 100644 docs/implementation/intake/G3/2026-10-09-jr13/joint-03/actors/logs/joint-03/jr13-all-MATURE_02.process.json
 create mode 100644 docs/implementation/intake/G3/2026-10-09-jr13/joint-03/actors/logs/joint-03/jr13-all-MATURE_02.response.json
 create mode 100644 docs/implementation/intake/G3/2026-10-09-jr13/joint-03/actors/logs/joint-03/jr13-all-MATURE_02.stderr.log
 create mode 100644 docs/implementation/intake/G3/2026-10-09-jr13/joint-03/actors/logs/joint-03/jr13-all-MATURE_02.stdout.log
 create mode 100644 docs/implementation/intake/G3/2026-10-09-jr13/joint-03/actors/logs/joint-03/jr13-all-OPERATING_01.process.json
 create mode 100644 docs/implementation/intake/G3/2026-10-09-jr13/joint-03/actors/logs/joint-03/jr13-all-OPERATING_01.response.json
 create mode 100644 docs/implementation/intake/G3/2026-10-09-jr13/joint-03/actors/logs/joint-03/jr13-all-OPERATING_01.stderr.log
 create mode 100644 docs/implementation/intake/G3/2026-10-09-jr13/joint-03/actors/logs/joint-03/jr13-all-OPERATING_01.stdout.log
 create mode 100644 docs/implementation/intake/G3/2026-10-09-jr13/joint-03/actors/logs/joint-03/jr13-all-OPERATING_02.process.json
 create mode 100644 docs/implementation/intake/G3/2026-10-09-jr13/joint-03/actors/logs/joint-03/jr13-all-OPERATING_02.response.json
 create mode 100644 docs/implementation/intake/G3/2026-10-09-jr13/joint-03/actors/logs/joint-03/jr13-all-OPERATING_02.stderr.log
 create mode 100644 docs/implementation/intake/G3/2026-10-09-jr13/joint-03/actors/logs/joint-03/jr13-all-OPERATING_02.stdout.log
 create mode 100644 docs/implementation/intake/G3/2026-10-09-jr13/joint-03/actors/logs/joint-03/jr13-all-rows.process.json
 create mode 100644 docs/implementation/intake/G3/2026-10-09-jr13/joint-03/actors/logs/joint-03/jr13-all-rows.response.json
 create mode 100644 docs/implementation/intake/G3/2026-10-09-jr13/joint-03/actors/logs/joint-03/jr13-all-rows.stderr.log
 create mode 100644 docs/implementation/intake/G3/2026-10-09-jr13/joint-03/actors/logs/joint-03/jr13-all-rows.stdout.log
 create mode 100644 docs/implementation/intake/G3/2026-10-09-jr13/joint-03/actors/logs/joint-03/jr13-begin-IQS_01.process.json
 create mode 100644 docs/implementation/intake/G3/2026-10-09-jr13/joint-03/actors/logs/joint-03/jr13-begin-IQS_01.response.json
 create mode 100644 docs/implementation/intake/G3/2026-10-09-jr13/joint-03/actors/logs/joint-03/jr13-begin-IQS_01.stderr.log
 create mode 100644 docs/implementation/intake/G3/2026-10-09-jr13/joint-03/actors/logs/joint-03/jr13-begin-IQS_01.stdout.log
 create mode 100644 docs/implementation/intake/G3/2026-10-09-jr13/joint-03/actors/logs/joint-03/jr13-begin-IQS_06.process.json
 create mode 100644 docs/implementation/intake/G3/2026-10-09-jr13/joint-03/actors/logs/joint-03/jr13-begin-IQS_06.response.json
 create mode 100644 docs/implementation/intake/G3/2026-10-09-jr13/joint-03/actors/logs/joint-03/jr13-begin-IQS_06.stderr.log
 create mode 100644 docs/implementation/intake/G3/2026-10-09-jr13/joint-03/actors/logs/joint-03/jr13-begin-IQS_06.stdout.log
 create mode 100644 docs/implementation/intake/G3/2026-10-09-jr13/joint-03/actors/logs/joint-03/jr13-bind-IQS_01.process.json
 create mode 100644 docs/implementation/intake/G3/2026-10-09-jr13/joint-03/actors/logs/joint-03/jr13-bind-IQS_01.response.json
 create mode 100644 docs/implementation/intake/G3/2026-10-09-jr13/joint-03/actors/logs/joint-03/jr13-bind-IQS_01.stderr.log
 create mode 100644 docs/implementation/intake/G3/2026-10-09-jr13/joint-03/actors/logs/joint-03/jr13-bind-IQS_01.stdout.log
 create mode 100644 docs/implementation/intake/G3/2026-10-09-jr13/joint-03/actors/logs/joint-03/jr13-bind-IQS_06.process.json
 create mode 100644 docs/implementation/intake/G3/2026-10-09-jr13/joint-03/actors/logs/joint-03/jr13-bind-IQS_06.response.json
 create mode 100644 docs/implementation/intake/G3/2026-10-09-jr13/joint-03/actors/logs/joint-03/jr13-bind-IQS_06.stderr.log
 create mode 100644 docs/implementation/intake/G3/2026-10-09-jr13/joint-03/actors/logs/joint-03/jr13-bind-IQS_06.stdout.log
 create mode 100644 docs/implementation/intake/G3/2026-10-09-jr13/joint-03/actors/logs/joint-03/jr13-cold.process.json
 create mode 100644 docs/implementation/intake/G3/2026-10-09-jr13/joint-03/actors/logs/joint-03/jr13-cold.response.json
 create mode 100644 docs/implementation/intake/G3/2026-10-09-jr13/joint-03/actors/logs/joint-03/jr13-cold.stderr.log
 create mode 100644 docs/implementation/intake/G3/2026-10-09-jr13/joint-03/actors/logs/joint-03/jr13-cold.stdout.log
 create mode 100644 docs/implementation/intake/G3/2026-10-09-jr13/joint-03/actors/logs/joint-03/jr13-receiver.process.json
 create mode 100644 docs/implementation/intake/G3/2026-10-09-jr13/joint-03/actors/logs/joint-03/jr13-receiver.response.json
 create mode 100644 docs/implementation/intake/G3/2026-10-09-jr13/joint-03/actors/logs/joint-03/jr13-receiver.stderr.log
 create mode 100644 docs/implementation/intake/G3/2026-10-09-jr13/joint-03/actors/logs/joint-03/jr13-receiver.stdout.log
 create mode 100644 docs/implementation/intake/G3/2026-10-09-jr13/joint-03/actors/logs/joint-03/jr13-seed.process.json
 create mode 100644 docs/implementation/intake/G3/2026-10-09-jr13/joint-03/actors/logs/joint-03/jr13-seed.response.json
 create mode 100644 docs/implementation/intake/G3/2026-10-09-jr13/joint-03/actors/logs/joint-03/jr13-seed.stderr.log
 create mode 100644 docs/implementation/intake/G3/2026-10-09-jr13/joint-03/actors/logs/joint-03/jr13-seed.stdout.log
 create mode 100644 docs/implementation/intake/G3/2026-10-09-jr13/joint-03/actors/logs/joint-03/jr13-unbound-after.process.json
 create mode 100644 docs/implementation/intake/G3/2026-10-09-jr13/joint-03/actors/logs/joint-03/jr13-unbound-after.response.json
 create mode 100644 docs/implementation/intake/G3/2026-10-09-jr13/joint-03/actors/logs/joint-03/jr13-unbound-after.stderr.log
 create mode 100644 docs/implementation/intake/G3/2026-10-09-jr13/joint-03/actors/logs/joint-03/jr13-unbound-after.stdout.log
 create mode 100644 docs/implementation/intake/G3/2026-10-09-jr13/joint-03/actors/logs/joint-03/jr13-unbound-before.process.json
 create mode 100644 docs/implementation/intake/G3/2026-10-09-jr13/joint-03/actors/logs/joint-03/jr13-unbound-before.response.json
 create mode 100644 docs/implementation/intake/G3/2026-10-09-jr13/joint-03/actors/logs/joint-03/jr13-unbound-before.stderr.log
 create mode 100644 docs/implementation/intake/G3/2026-10-09-jr13/joint-03/actors/logs/joint-03/jr13-unbound-before.stdout.log
 create mode 100644 docs/implementation/intake/G3/2026-10-09-jr13/joint-03/actors/logs/joint-03/jr13-unbound-begin.process.json
 create mode 100644 docs/implementation/intake/G3/2026-10-09-jr13/joint-03/actors/logs/joint-03/jr13-unbound-begin.stderr.log
 create mode 100644 docs/implementation/intake/G3/2026-10-09-jr13/joint-03/actors/logs/joint-03/jr13-unbound-begin.stdout.log
 create mode 100644 docs/implementation/intake/G3/2026-10-09-jr13/joint-03/invalidation.json
 create mode 100644 docs/implementation/intake/G3/2026-10-09-jr13/joint-03/junit.xml
 create mode 100644 docs/implementation/intake/G3/2026-10-09-jr13/joint-03/stderr.log
 create mode 100644 docs/implementation/intake/G3/2026-10-09-jr13/joint-03/stdout.log
 create mode 100644 docs/implementation/intake/G3/2026-10-09-jr13/joint-04/actors/cases/joint-04/a-selected/cold.stderr.log
 create mode 100644 docs/implementation/intake/G3/2026-10-09-jr13/joint-04/actors/cases/joint-04/a-selected/cold.stdout.log
 create mode 100644 docs/implementation/intake/G3/2026-10-09-jr13/joint-04/actors/cases/joint-04/a-selected/http-stub-sends.jsonl
 create mode 100644 docs/implementation/intake/G3/2026-10-09-jr13/joint-04/actors/cases/joint-04/a-selected/key-opens.jsonl
 create mode 100644 docs/implementation/intake/G3/2026-10-09-jr13/joint-04/actors/cases/joint-04/a-selected/logs/stock_qa_20261009.log
 create mode 100644 docs/implementation/intake/G3/2026-10-09-jr13/joint-04/actors/cases/joint-04/b/cold.stderr.log
 create mode 100644 docs/implementation/intake/G3/2026-10-09-jr13/joint-04/actors/cases/joint-04/b/cold.stdout.log
 create mode 100644 docs/implementation/intake/G3/2026-10-09-jr13/joint-04/actors/cases/joint-04/b/http-stub-sends.jsonl
 create mode 100644 docs/implementation/intake/G3/2026-10-09-jr13/joint-04/actors/cases/joint-04/b/key-opens.jsonl
 create mode 100644 docs/implementation/intake/G3/2026-10-09-jr13/joint-04/actors/cases/joint-04/b/logs/stock_qa_20261009.log
 create mode 100644 docs/implementation/intake/G3/2026-10-09-jr13/joint-04/actors/cases/joint-04/entrybad/cold.stderr.log
 create mode 100644 docs/implementation/intake/G3/2026-10-09-jr13/joint-04/actors/cases/joint-04/entrybad/cold.stdout.log
 create mode 100644 docs/implementation/intake/G3/2026-10-09-jr13/joint-04/actors/cases/joint-04/entrybad/logs/stock_qa_20261009.log
 create mode 100644 docs/implementation/intake/G3/2026-10-09-jr13/joint-04/actors/cases/joint-04/j02-release.request.json
 create mode 100644 docs/implementation/intake/G3/2026-10-09-jr13/joint-04/actors/cases/joint-04/j02-release.response.json
 create mode 100644 docs/implementation/intake/G3/2026-10-09-jr13/joint-04/actors/cases/joint-04/j02-rows.request.json
 create mode 100644 docs/implementation/intake/G3/2026-10-09-jr13/joint-04/actors/cases/joint-04/j02-rows.response.json
 create mode 100644 docs/implementation/intake/G3/2026-10-09-jr13/joint-04/actors/cases/joint-04/j02-seed.request.json
 create mode 100644 docs/implementation/intake/G3/2026-10-09-jr13/joint-04/actors/cases/joint-04/j02-seed.response.json
 create mode 100644 docs/implementation/intake/G3/2026-10-09-jr13/joint-04/actors/cases/joint-04/j02-wrong-entry.request.json
 create mode 100644 docs/implementation/intake/G3/2026-10-09-jr13/joint-04/actors/cases/joint-04/j02-wrong-entry.response.json
 create mode 100644 docs/implementation/intake/G3/2026-10-09-jr13/joint-04/actors/cases/joint-04/j03-independent-cold.request.json
 create mode 100644 docs/implementation/intake/G3/2026-10-09-jr13/joint-04/actors/cases/joint-04/j03-independent-cold.response.json
 create mode 100644 docs/implementation/intake/G3/2026-10-09-jr13/joint-04/actors/cases/joint-04/j03-replay.request.json
 create mode 100644 docs/implementation/intake/G3/2026-10-09-jr13/joint-04/actors/cases/joint-04/j03-replay.response.json
 create mode 100644 docs/implementation/intake/G3/2026-10-09-jr13/joint-04/actors/cases/joint-04/j04-duplicate.request.json
 create mode 100644 docs/implementation/intake/G3/2026-10-09-jr13/joint-04/actors/cases/joint-04/j04-duplicate.response.json
 create mode 100644 docs/implementation/intake/G3/2026-10-09-jr13/joint-04/actors/cases/joint-04/j04-rows.request.json
 create mode 100644 docs/implementation/intake/G3/2026-10-09-jr13/joint-04/actors/cases/joint-04/j04-rows.response.json
 create mode 100644 docs/implementation/intake/G3/2026-10-09-jr13/joint-04/actors/cases/joint-04/j04-seed.request.json
 create mode 100644 docs/implementation/intake/G3/2026-10-09-jr13/joint-04/actors/cases/joint-04/j04-seed.response.json
 create mode 100644 docs/implementation/intake/G3/2026-10-09-jr13/joint-04/actors/cases/joint-04/j05-entity.request.json
 create mode 100644 docs/implementation/intake/G3/2026-10-09-jr13/joint-04/actors/cases/joint-04/j05-entity.response.json
 create mode 100644 docs/implementation/intake/G3/2026-10-09-jr13/joint-04/actors/cases/joint-04/j05-hash.request.json
 create mode 100644 docs/implementation/intake/G3/2026-10-09-jr13/joint-04/actors/cases/joint-04/j05-hash.response.json
 create mode 100644 docs/implementation/intake/G3/2026-10-09-jr13/joint-04/actors/cases/joint-04/jr13-all-CROSS_BORDER_01.request.json
 create mode 100644 docs/implementation/intake/G3/2026-10-09-jr13/joint-04/actors/cases/joint-04/jr13-all-CROSS_BORDER_01.response.json
 create mode 100644 docs/implementation/intake/G3/2026-10-09-jr13/joint-04/actors/cases/joint-04/jr13-all-CYCLICAL_01.request.json
 create mode 100644 docs/implementation/intake/G3/2026-10-09-jr13/joint-04/actors/cases/joint-04/jr13-all-CYCLICAL_01.response.json
 create mode 100644 docs/implementation/intake/G3/2026-10-09-jr13/joint-04/actors/cases/joint-04/jr13-all-CYCLICAL_02.request.json
 create mode 100644 docs/implementation/intake/G3/2026-10-09-jr13/joint-04/actors/cases/joint-04/jr13-all-CYCLICAL_02.response.json
 create mode 100644 docs/implementation/intake/G3/2026-10-09-jr13/joint-04/actors/cases/joint-04/jr13-all-INDUSTRIAL_01.request.json
 create mode 100644 docs/implementation/intake/G3/2026-10-09-jr13/joint-04/actors/cases/joint-04/jr13-all-INDUSTRIAL_01.response.json
 create mode 100644 docs/implementation/intake/G3/2026-10-09-jr13/joint-04/actors/cases/joint-04/jr13-all-INDUSTRIAL_02.request.json
 create mode 100644 docs/implementation/intake/G3/2026-10-09-jr13/joint-04/actors/cases/joint-04/jr13-all-INDUSTRIAL_02.response.json
 create mode 100644 docs/implementation/intake/G3/2026-10-09-jr13/joint-04/actors/cases/joint-04/jr13-all-IQS_01.request.json
 create mode 100644 docs/implementation/intake/G3/2026-10-09-jr13/joint-04/actors/cases/joint-04/jr13-all-IQS_01.response.json
 create mode 100644 docs/implementation/intake/G3/2026-10-09-jr13/joint-04/actors/cases/joint-04/jr13-all-IQS_02.request.json
 create mode 100644 docs/implementation/intake/G3/2026-10-09-jr13/joint-04/actors/cases/joint-04/jr13-all-IQS_02.response.json
 create mode 100644 docs/implementation/intake/G3/2026-10-09-jr13/joint-04/actors/cases/joint-04/jr13-all-IQS_04.request.json
 create mode 100644 docs/implementation/intake/G3/2026-10-09-jr13/joint-04/actors/cases/joint-04/jr13-all-IQS_04.response.json
 create mode 100644 docs/implementation/intake/G3/2026-10-09-jr13/joint-04/actors/cases/joint-04/jr13-all-IQS_05.request.json
 create mode 100644 docs/implementation/intake/G3/2026-10-09-jr13/joint-04/actors/cases/joint-04/jr13-all-IQS_05.response.json
 create mode 100644 docs/implementation/intake/G3/2026-10-09-jr13/joint-04/actors/cases/joint-04/jr13-all-IQS_06.request.json
 create mode 100644 docs/implementation/intake/G3/2026-10-09-jr13/joint-04/actors/cases/joint-04/jr13-all-IQS_06.response.json
 create mode 100644 docs/implementation/intake/G3/2026-10-09-jr13/joint-04/actors/cases/joint-04/jr13-all-IQS_07.request.json
 create mode 100644 docs/implementation/intake/G3/2026-10-09-jr13/joint-04/actors/cases/joint-04/jr13-all-IQS_07.response.json
 create mode 100644 docs/implementation/intake/G3/2026-10-09-jr13/joint-04/actors/cases/joint-04/jr13-all-IQS_08.request.json
 create mode 100644 docs/implementation/intake/G3/2026-10-09-jr13/joint-04/actors/cases/joint-04/jr13-all-IQS_08.response.json
 create mode 100644 docs/implementation/intake/G3/2026-10-09-jr13/joint-04/actors/cases/joint-04/jr13-all-IQS_09.request.json
 create mode 100644 docs/implementation/intake/G3/2026-10-09-jr13/joint-04/actors/cases/joint-04/jr13-all-IQS_09.response.json
 create mode 100644 docs/implementation/intake/G3/2026-10-09-jr13/joint-04/actors/cases/joint-04/jr13-all-IQS_10.request.json
 create mode 100644 docs/implementation/intake/G3/2026-10-09-jr13/joint-04/actors/cases/joint-04/jr13-all-IQS_10.response.json
 create mode 100644 docs/implementation/intake/G3/2026-10-09-jr13/joint-04/actors/cases/joint-04/jr13-all-IQS_12.request.json
 create mode 100644 docs/implementation/intake/G3/2026-10-09-jr13/joint-04/actors/cases/joint-04/jr13-all-IQS_12.response.json
 create mode 100644 docs/implementation/intake/G3/2026-10-09-jr13/joint-04/actors/cases/joint-04/jr13-all-IQS_13.request.json
 create mode 100644 docs/implementation/intake/G3/2026-10-09-jr13/joint-04/actors/cases/joint-04/jr13-all-IQS_13.response.json
 create mode 100644 docs/implementation/intake/G3/2026-10-09-jr13/joint-04/actors/cases/joint-04/jr13-all-IQS_14.request.json
 create mode 100644 docs/implementation/intake/G3/2026-10-09-jr13/joint-04/actors/cases/joint-04/jr13-all-IQS_14.response.json
 create mode 100644 docs/implementation/intake/G3/2026-10-09-jr13/joint-04/actors/cases/joint-04/jr13-all-IQS_15.request.json
 create mode 100644 docs/implementation/intake/G3/2026-10-09-jr13/joint-04/actors/cases/joint-04/jr13-all-IQS_15.response.json
 create mode 100644 docs/implementation/intake/G3/2026-10-09-jr13/joint-04/actors/cases/joint-04/jr13-all-IQS_16.request.json
 create mode 100644 docs/implementation/intake/G3/2026-10-09-jr13/joint-04/actors/cases/joint-04/jr13-all-IQS_16.response.json
 create mode 100644 docs/implementation/intake/G3/2026-10-09-jr13/joint-04/actors/cases/joint-04/jr13-all-IQS_17.request.json
 create mode 100644 docs/implementation/intake/G3/2026-10-09-jr13/joint-04/actors/cases/joint-04/jr13-all-IQS_17.response.json
 create mode 100644 docs/implementation/intake/G3/2026-10-09-jr13/joint-04/actors/cases/joint-04/jr13-all-IQS_18.request.json
 create mode 100644 docs/implementation/intake/G3/2026-10-09-jr13/joint-04/actors/cases/joint-04/jr13-all-IQS_18.response.json
 create mode 100644 docs/implementation/intake/G3/2026-10-09-jr13/joint-04/actors/cases/joint-04/jr13-all-IQS_19.request.json
 create mode 100644 docs/implementation/intake/G3/2026-10-09-jr13/joint-04/actors/cases/joint-04/jr13-all-IQS_19.response.json
 create mode 100644 docs/implementation/intake/G3/2026-10-09-jr13/joint-04/actors/cases/joint-04/jr13-all-IQS_20.request.json
 create mode 100644 docs/implementation/intake/G3/2026-10-09-jr13/joint-04/actors/cases/joint-04/jr13-all-IQS_20.response.json
 create mode 100644 docs/implementation/intake/G3/2026-10-09-jr13/joint-04/actors/cases/joint-04/jr13-all-IQS_21.request.json
 create mode 100644 docs/implementation/intake/G3/2026-10-09-jr13/joint-04/actors/cases/joint-04/jr13-all-IQS_21.response.json
 create mode 100644 docs/implementation/intake/G3/2026-10-09-jr13/joint-04/actors/cases/joint-04/jr13-all-IQS_22.request.json
 create mode 100644 docs/implementation/intake/G3/2026-10-09-jr13/joint-04/actors/cases/joint-04/jr13-all-IQS_22.response.json
 create mode 100644 docs/implementation/intake/G3/2026-10-09-jr13/joint-04/actors/cases/joint-04/jr13-all-IQS_23.request.json
 create mode 100644 docs/implementation/intake/G3/2026-10-09-jr13/joint-04/actors/cases/joint-04/jr13-all-IQS_23.response.json
 create mode 100644 docs/implementation/intake/G3/2026-10-09-jr13/joint-04/actors/cases/joint-04/jr13-all-IQS_24.request.json
 create mode 100644 docs/implementation/intake/G3/2026-10-09-jr13/joint-04/actors/cases/joint-04/jr13-all-IQS_24.response.json
 create mode 100644 docs/implementation/intake/G3/2026-10-09-jr13/joint-04/actors/cases/joint-04/jr13-all-MATURE_01.request.json
 create mode 100644 docs/implementation/intake/G3/2026-10-09-jr13/joint-04/actors/cases/joint-04/jr13-all-MATURE_01.response.json
 create mode 100644 docs/implementation/intake/G3/2026-10-09-jr13/joint-04/actors/cases/joint-04/jr13-all-MATURE_02.request.json
 create mode 100644 docs/implementation/intake/G3/2026-10-09-jr13/joint-04/actors/cases/joint-04/jr13-all-MATURE_02.response.json
 create mode 100644 docs/implementation/intake/G3/2026-10-09-jr13/joint-04/actors/cases/joint-04/jr13-all-OPERATING_01.request.json
 create mode 100644 docs/implementation/intake/G3/2026-10-09-jr13/joint-04/actors/cases/joint-04/jr13-all-OPERATING_01.response.json
 create mode 100644 docs/implementation/intake/G3/2026-10-09-jr13/joint-04/actors/cases/joint-04/jr13-all-OPERATING_02.request.json
 create mode 100644 docs/implementation/intake/G3/2026-10-09-jr13/joint-04/actors/cases/joint-04/jr13-all-OPERATING_02.response.json
 create mode 100644 docs/implementation/intake/G3/2026-10-09-jr13/joint-04/actors/cases/joint-04/jr13-all-rows.request.json
 create mode 100644 docs/implementation/intake/G3/2026-10-09-jr13/joint-04/actors/cases/joint-04/jr13-all-rows.response.json
 create mode 100644 docs/implementation/intake/G3/2026-10-09-jr13/joint-04/actors/cases/joint-04/jr13-begin-IQS_01.request.json
 create mode 100644 docs/implementation/intake/G3/2026-10-09-jr13/joint-04/actors/cases/joint-04/jr13-begin-IQS_01.response.json
 create mode 100644 docs/implementation/intake/G3/2026-10-09-jr13/joint-04/actors/cases/joint-04/jr13-begin-IQS_06.request.json
 create mode 100644 docs/implementation/intake/G3/2026-10-09-jr13/joint-04/actors/cases/joint-04/jr13-begin-IQS_06.response.json
 create mode 100644 docs/implementation/intake/G3/2026-10-09-jr13/joint-04/actors/cases/joint-04/jr13-bind-IQS_01.request.json
 create mode 100644 docs/implementation/intake/G3/2026-10-09-jr13/joint-04/actors/cases/joint-04/jr13-bind-IQS_01.response.json
 create mode 100644 docs/implementation/intake/G3/2026-10-09-jr13/joint-04/actors/cases/joint-04/jr13-bind-IQS_06.request.json
 create mode 100644 docs/implementation/intake/G3/2026-10-09-jr13/joint-04/actors/cases/joint-04/jr13-bind-IQS_06.response.json
 create mode 100644 docs/implementation/intake/G3/2026-10-09-jr13/joint-04/actors/cases/joint-04/jr13-cold.request.json
 create mode 100644 docs/implementation/intake/G3/2026-10-09-jr13/joint-04/actors/cases/joint-04/jr13-cold.response.json
 create mode 100644 docs/implementation/intake/G3/2026-10-09-jr13/joint-04/actors/cases/joint-04/jr13-receiver.request.json
 create mode 100644 docs/implementation/intake/G3/2026-10-09-jr13/joint-04/actors/cases/joint-04/jr13-receiver.response.json
 create mode 100644 docs/implementation/intake/G3/2026-10-09-jr13/joint-04/actors/cases/joint-04/jr13-seed.request.json
 create mode 100644 docs/implementation/intake/G3/2026-10-09-jr13/joint-04/actors/cases/joint-04/jr13-seed.response.json
 create mode 100644 docs/implementation/intake/G3/2026-10-09-jr13/joint-04/actors/cases/joint-04/jr13-unbound-after.request.json
 create mode 100644 docs/implementation/intake/G3/2026-10-09-jr13/joint-04/actors/cases/joint-04/jr13-unbound-after.response.json
 create mode 100644 docs/implementation/intake/G3/2026-10-09-jr13/joint-04/actors/cases/joint-04/jr13-unbound-before.request.json
 create mode 100644 docs/implementation/intake/G3/2026-10-09-jr13/joint-04/actors/cases/joint-04/jr13-unbound-before.response.json
 create mode 100644 docs/implementation/intake/G3/2026-10-09-jr13/joint-04/actors/cases/joint-04/jr13-unbound-begin.request.json
 create mode 100644 docs/implementation/intake/G3/2026-10-09-jr13/joint-04/actors/logs/joint-04/j02-release.process.json
 create mode 100644 docs/implementation/intake/G3/2026-10-09-jr13/joint-04/actors/logs/joint-04/j02-release.response.json
 create mode 100644 docs/implementation/intake/G3/2026-10-09-jr13/joint-04/actors/logs/joint-04/j02-release.stderr.log
 create mode 100644 docs/implementation/intake/G3/2026-10-09-jr13/joint-04/actors/logs/joint-04/j02-release.stdout.log
 create mode 100644 docs/implementation/intake/G3/2026-10-09-jr13/joint-04/actors/logs/joint-04/j02-rows.process.json
 create mode 100644 docs/implementation/intake/G3/2026-10-09-jr13/joint-04/actors/logs/joint-04/j02-rows.response.json
 create mode 100644 docs/implementation/intake/G3/2026-10-09-jr13/joint-04/actors/logs/joint-04/j02-rows.stderr.log
 create mode 100644 docs/implementation/intake/G3/2026-10-09-jr13/joint-04/actors/logs/joint-04/j02-rows.stdout.log
 create mode 100644 docs/implementation/intake/G3/2026-10-09-jr13/joint-04/actors/logs/joint-04/j02-seed.process.json
 create mode 100644 docs/implementation/intake/G3/2026-10-09-jr13/joint-04/actors/logs/joint-04/j02-seed.response.json
 create mode 100644 docs/implementation/intake/G3/2026-10-09-jr13/joint-04/actors/logs/joint-04/j02-seed.stderr.log
 create mode 100644 docs/implementation/intake/G3/2026-10-09-jr13/joint-04/actors/logs/joint-04/j02-seed.stdout.log
 create mode 100644 docs/implementation/intake/G3/2026-10-09-jr13/joint-04/actors/logs/joint-04/j02-wrong-entry.process.json
 create mode 100644 docs/implementation/intake/G3/2026-10-09-jr13/joint-04/actors/logs/joint-04/j02-wrong-entry.response.json
 create mode 100644 docs/implementation/intake/G3/2026-10-09-jr13/joint-04/actors/logs/joint-04/j02-wrong-entry.stderr.log
 create mode 100644 docs/implementation/intake/G3/2026-10-09-jr13/joint-04/actors/logs/joint-04/j02-wrong-entry.stdout.log
 create mode 100644 docs/implementation/intake/G3/2026-10-09-jr13/joint-04/actors/logs/joint-04/j03-independent-cold.process.json
 create mode 100644 docs/implementation/intake/G3/2026-10-09-jr13/joint-04/actors/logs/joint-04/j03-independent-cold.response.json
 create mode 100644 docs/implementation/intake/G3/2026-10-09-jr13/joint-04/actors/logs/joint-04/j03-independent-cold.stderr.log
 create mode 100644 docs/implementation/intake/G3/2026-10-09-jr13/joint-04/actors/logs/joint-04/j03-independent-cold.stdout.log
 create mode 100644 docs/implementation/intake/G3/2026-10-09-jr13/joint-04/actors/logs/joint-04/j03-replay.process.json
 create mode 100644 docs/implementation/intake/G3/2026-10-09-jr13/joint-04/actors/logs/joint-04/j03-replay.response.json
 create mode 100644 docs/implementation/intake/G3/2026-10-09-jr13/joint-04/actors/logs/joint-04/j03-replay.stderr.log
 create mode 100644 docs/implementation/intake/G3/2026-10-09-jr13/joint-04/actors/logs/joint-04/j03-replay.stdout.log
 create mode 100644 docs/implementation/intake/G3/2026-10-09-jr13/joint-04/actors/logs/joint-04/j04-duplicate.process.json
 create mode 100644 docs/implementation/intake/G3/2026-10-09-jr13/joint-04/actors/logs/joint-04/j04-duplicate.response.json
 create mode 100644 docs/implementation/intake/G3/2026-10-09-jr13/joint-04/actors/logs/joint-04/j04-duplicate.stderr.log
 create mode 100644 docs/implementation/intake/G3/2026-10-09-jr13/joint-04/actors/logs/joint-04/j04-duplicate.stdout.log
 create mode 100644 docs/implementation/intake/G3/2026-10-09-jr13/joint-04/actors/logs/joint-04/j04-rows.process.json
 create mode 100644 docs/implementation/intake/G3/2026-10-09-jr13/joint-04/actors/logs/joint-04/j04-rows.response.json
 create mode 100644 docs/implementation/intake/G3/2026-10-09-jr13/joint-04/actors/logs/joint-04/j04-rows.stderr.log
 create mode 100644 docs/implementation/intake/G3/2026-10-09-jr13/joint-04/actors/logs/joint-04/j04-rows.stdout.log
 create mode 100644 docs/implementation/intake/G3/2026-10-09-jr13/joint-04/actors/logs/joint-04/j04-seed.process.json
 create mode 100644 docs/implementation/intake/G3/2026-10-09-jr13/joint-04/actors/logs/joint-04/j04-seed.response.json
 create mode 100644 docs/implementation/intake/G3/2026-10-09-jr13/joint-04/actors/logs/joint-04/j04-seed.stderr.log
 create mode 100644 docs/implementation/intake/G3/2026-10-09-jr13/joint-04/actors/logs/joint-04/j04-seed.stdout.log
 create mode 100644 docs/implementation/intake/G3/2026-10-09-jr13/joint-04/actors/logs/joint-04/j05-entity.process.json
 create mode 100644 docs/implementation/intake/G3/2026-10-09-jr13/joint-04/actors/logs/joint-04/j05-entity.response.json
 create mode 100644 docs/implementation/intake/G3/2026-10-09-jr13/joint-04/actors/logs/joint-04/j05-entity.stderr.log
 create mode 100644 docs/implementation/intake/G3/2026-10-09-jr13/joint-04/actors/logs/joint-04/j05-entity.stdout.log
 create mode 100644 docs/implementation/intake/G3/2026-10-09-jr13/joint-04/actors/logs/joint-04/j05-hash.process.json
 create mode 100644 docs/implementation/intake/G3/2026-10-09-jr13/joint-04/actors/logs/joint-04/j05-hash.response.json
 create mode 100644 docs/implementation/intake/G3/2026-10-09-jr13/joint-04/actors/logs/joint-04/j05-hash.stderr.log
 create mode 100644 docs/implementation/intake/G3/2026-10-09-jr13/joint-04/actors/logs/joint-04/j05-hash.stdout.log
 create mode 100644 docs/implementation/intake/G3/2026-10-09-jr13/joint-04/actors/logs/joint-04/jr13-all-CROSS_BORDER_01.process.json
 create mode 100644 docs/implementation/intake/G3/2026-10-09-jr13/joint-04/actors/logs/joint-04/jr13-all-CROSS_BORDER_01.response.json
 create mode 100644 docs/implementation/intake/G3/2026-10-09-jr13/joint-04/actors/logs/joint-04/jr13-all-CROSS_BORDER_01.stderr.log
 create mode 100644 docs/implementation/intake/G3/2026-10-09-jr13/joint-04/actors/logs/joint-04/jr13-all-CROSS_BORDER_01.stdout.log
 create mode 100644 docs/implementation/intake/G3/2026-10-09-jr13/joint-04/actors/logs/joint-04/jr13-all-CYCLICAL_01.process.json
 create mode 100644 docs/implementation/intake/G3/2026-10-09-jr13/joint-04/actors/logs/joint-04/jr13-all-CYCLICAL_01.response.json
 create mode 100644 docs/implementation/intake/G3/2026-10-09-jr13/joint-04/actors/logs/joint-04/jr13-all-CYCLICAL_01.stderr.log
 create mode 100644 docs/implementation/intake/G3/2026-10-09-jr13/joint-04/actors/logs/joint-04/jr13-all-CYCLICAL_01.stdout.log
 create mode 100644 docs/implementation/intake/G3/2026-10-09-jr13/joint-04/actors/logs/joint-04/jr13-all-CYCLICAL_02.process.json
 create mode 100644 docs/implementation/intake/G3/2026-10-09-jr13/joint-04/actors/logs/joint-04/jr13-all-CYCLICAL_02.response.json
 create mode 100644 docs/implementation/intake/G3/2026-10-09-jr13/joint-04/actors/logs/joint-04/jr13-all-CYCLICAL_02.stderr.log
 create mode 100644 docs/implementation/intake/G3/2026-10-09-jr13/joint-04/actors/logs/joint-04/jr13-all-CYCLICAL_02.stdout.log
 create mode 100644 docs/implementation/intake/G3/2026-10-09-jr13/joint-04/actors/logs/joint-04/jr13-all-INDUSTRIAL_01.process.json
 create mode 100644 docs/implementation/intake/G3/2026-10-09-jr13/joint-04/actors/logs/joint-04/jr13-all-INDUSTRIAL_01.response.json
 create mode 100644 docs/implementation/intake/G3/2026-10-09-jr13/joint-04/actors/logs/joint-04/jr13-all-INDUSTRIAL_01.stderr.log
 create mode 100644 docs/implementation/intake/G3/2026-10-09-jr13/joint-04/actors/logs/joint-04/jr13-all-INDUSTRIAL_01.stdout.log
 create mode 100644 docs/implementation/intake/G3/2026-10-09-jr13/joint-04/actors/logs/joint-04/jr13-all-INDUSTRIAL_02.process.json
 create mode 100644 docs/implementation/intake/G3/2026-10-09-jr13/joint-04/actors/logs/joint-04/jr13-all-INDUSTRIAL_02.response.json
 create mode 100644 docs/implementation/intake/G3/2026-10-09-jr13/joint-04/actors/logs/joint-04/jr13-all-INDUSTRIAL_02.stderr.log
 create mode 100644 docs/implementation/intake/G3/2026-10-09-jr13/joint-04/actors/logs/joint-04/jr13-all-INDUSTRIAL_02.stdout.log
 create mode 100644 docs/implementation/intake/G3/2026-10-09-jr13/joint-04/actors/logs/joint-04/jr13-all-IQS_01.process.json
 create mode 100644 docs/implementation/intake/G3/2026-10-09-jr13/joint-04/actors/logs/joint-04/jr13-all-IQS_01.response.json
 create mode 100644 docs/implementation/intake/G3/2026-10-09-jr13/joint-04/actors/logs/joint-04/jr13-all-IQS_01.stderr.log
 create mode 100644 docs/implementation/intake/G3/2026-10-09-jr13/joint-04/actors/logs/joint-04/jr13-all-IQS_01.stdout.log
 create mode 100644 docs/implementation/intake/G3/2026-10-09-jr13/joint-04/actors/logs/joint-04/jr13-all-IQS_02.process.json
 create mode 100644 docs/implementation/intake/G3/2026-10-09-jr13/joint-04/actors/logs/joint-04/jr13-all-IQS_02.response.json
 create mode 100644 docs/implementation/intake/G3/2026-10-09-jr13/joint-04/actors/logs/joint-04/jr13-all-IQS_02.stderr.log
 create mode 100644 docs/implementation/intake/G3/2026-10-09-jr13/joint-04/actors/logs/joint-04/jr13-all-IQS_02.stdout.log
 create mode 100644 docs/implementation/intake/G3/2026-10-09-jr13/joint-04/actors/logs/joint-04/jr13-all-IQS_04.process.json
 create mode 100644 docs/implementation/intake/G3/2026-10-09-jr13/joint-04/actors/logs/joint-04/jr13-all-IQS_04.response.json
 create mode 100644 docs/implementation/intake/G3/2026-10-09-jr13/joint-04/actors/logs/joint-04/jr13-all-IQS_04.stderr.log
 create mode 100644 docs/implementation/intake/G3/2026-10-09-jr13/joint-04/actors/logs/joint-04/jr13-all-IQS_04.stdout.log
 create mode 100644 docs/implementation/intake/G3/2026-10-09-jr13/joint-04/actors/logs/joint-04/jr13-all-IQS_05.process.json
 create mode 100644 docs/implementation/intake/G3/2026-10-09-jr13/joint-04/actors/logs/joint-04/jr13-all-IQS_05.response.json
 create mode 100644 docs/implementation/intake/G3/2026-10-09-jr13/joint-04/actors/logs/joint-04/jr13-all-IQS_05.stderr.log
 create mode 100644 docs/implementation/intake/G3/2026-10-09-jr13/joint-04/actors/logs/joint-04/jr13-all-IQS_05.stdout.log
 create mode 100644 docs/implementation/intake/G3/2026-10-09-jr13/joint-04/actors/logs/joint-04/jr13-all-IQS_06.process.json
 create mode 100644 docs/implementation/intake/G3/2026-10-09-jr13/joint-04/actors/logs/joint-04/jr13-all-IQS_06.response.json
 create mode 100644 docs/implementation/intake/G3/2026-10-09-jr13/joint-04/actors/logs/joint-04/jr13-all-IQS_06.stderr.log
 create mode 100644 docs/implementation/intake/G3/2026-10-09-jr13/joint-04/actors/logs/joint-04/jr13-all-IQS_06.stdout.log
 create mode 100644 docs/implementation/intake/G3/2026-10-09-jr13/joint-04/actors/logs/joint-04/jr13-all-IQS_07.process.json
 create mode 100644 docs/implementation/intake/G3/2026-10-09-jr13/joint-04/actors/logs/joint-04/jr13-all-IQS_07.response.json
 create mode 100644 docs/implementation/intake/G3/2026-10-09-jr13/joint-04/actors/logs/joint-04/jr13-all-IQS_07.stderr.log
 create mode 100644 docs/implementation/intake/G3/2026-10-09-jr13/joint-04/actors/logs/joint-04/jr13-all-IQS_07.stdout.log
 create mode 100644 docs/implementation/intake/G3/2026-10-09-jr13/joint-04/actors/logs/joint-04/jr13-all-IQS_08.process.json
 create mode 100644 docs/implementation/intake/G3/2026-10-09-jr13/joint-04/actors/logs/joint-04/jr13-all-IQS_08.response.json
 create mode 100644 docs/implementation/intake/G3/2026-10-09-jr13/joint-04/actors/logs/joint-04/jr13-all-IQS_08.stderr.log
 create mode 100644 docs/implementation/intake/G3/2026-10-09-jr13/joint-04/actors/logs/joint-04/jr13-all-IQS_08.stdout.log
 create mode 100644 docs/implementation/intake/G3/2026-10-09-jr13/joint-04/actors/logs/joint-04/jr13-all-IQS_09.process.json
 create mode 100644 docs/implementation/intake/G3/2026-10-09-jr13/joint-04/actors/logs/joint-04/jr13-all-IQS_09.response.json
 create mode 100644 docs/implementation/intake/G3/2026-10-09-jr13/joint-04/actors/logs/joint-04/jr13-all-IQS_09.stderr.log
 create mode 100644 docs/implementation/intake/G3/2026-10-09-jr13/joint-04/actors/logs/joint-04/jr13-all-IQS_09.stdout.log
 create mode 100644 docs/implementation/intake/G3/2026-10-09-jr13/joint-04/actors/logs/joint-04/jr13-all-IQS_10.process.json
 create mode 100644 docs/implementation/intake/G3/2026-10-09-jr13/joint-04/actors/logs/joint-04/jr13-all-IQS_10.response.json
 create mode 100644 docs/implementation/intake/G3/2026-10-09-jr13/joint-04/actors/logs/joint-04/jr13-all-IQS_10.stderr.log
 create mode 100644 docs/implementation/intake/G3/2026-10-09-jr13/joint-04/actors/logs/joint-04/jr13-all-IQS_10.stdout.log
 create mode 100644 docs/implementation/intake/G3/2026-10-09-jr13/joint-04/actors/logs/joint-04/jr13-all-IQS_12.process.json
 create mode 100644 docs/implementation/intake/G3/2026-10-09-jr13/joint-04/actors/logs/joint-04/jr13-all-IQS_12.response.json
 create mode 100644 docs/implementation/intake/G3/2026-10-09-jr13/joint-04/actors/logs/joint-04/jr13-all-IQS_12.stderr.log
 create mode 100644 docs/implementation/intake/G3/2026-10-09-jr13/joint-04/actors/logs/joint-04/jr13-all-IQS_12.stdout.log
 create mode 100644 docs/implementation/intake/G3/2026-10-09-jr13/joint-04/actors/logs/joint-04/jr13-all-IQS_13.process.json
 create mode 100644 docs/implementation/intake/G3/2026-10-09-jr13/joint-04/actors/logs/joint-04/jr13-all-IQS_13.response.json
 create mode 100644 docs/implementation/intake/G3/2026-10-09-jr13/joint-04/actors/logs/joint-04/jr13-all-IQS_13.stderr.log
 create mode 100644 docs/implementation/intake/G3/2026-10-09-jr13/joint-04/actors/logs/joint-04/jr13-all-IQS_13.stdout.log
 create mode 100644 docs/implementation/intake/G3/2026-10-09-jr13/joint-04/actors/logs/joint-04/jr13-all-IQS_14.process.json
 create mode 100644 docs/implementation/intake/G3/2026-10-09-jr13/joint-04/actors/logs/joint-04/jr13-all-IQS_14.response.json
 create mode 100644 docs/implementation/intake/G3/2026-10-09-jr13/joint-04/actors/logs/joint-04/jr13-all-IQS_14.stderr.log
 create mode 100644 docs/implementation/intake/G3/2026-10-09-jr13/joint-04/actors/logs/joint-04/jr13-all-IQS_14.stdout.log
 create mode 100644 docs/implementation/intake/G3/2026-10-09-jr13/joint-04/actors/logs/joint-04/jr13-all-IQS_15.process.json
 create mode 100644 docs/implementation/intake/G3/2026-10-09-jr13/joint-04/actors/logs/joint-04/jr13-all-IQS_15.response.json
 create mode 100644 docs/implementation/intake/G3/2026-10-09-jr13/joint-04/actors/logs/joint-04/jr13-all-IQS_15.stderr.log
 create mode 100644 docs/implementation/intake/G3/2026-10-09-jr13/joint-04/actors/logs/joint-04/jr13-all-IQS_15.stdout.log
 create mode 100644 docs/implementation/intake/G3/2026-10-09-jr13/joint-04/actors/logs/joint-04/jr13-all-IQS_16.process.json
 create mode 100644 docs/implementation/intake/G3/2026-10-09-jr13/joint-04/actors/logs/joint-04/jr13-all-IQS_16.response.json
 create mode 100644 docs/implementation/intake/G3/2026-10-09-jr13/joint-04/actors/logs/joint-04/jr13-all-IQS_16.stderr.log
 create mode 100644 docs/implementation/intake/G3/2026-10-09-jr13/joint-04/actors/logs/joint-04/jr13-all-IQS_16.stdout.log
 create mode 100644 docs/implementation/intake/G3/2026-10-09-jr13/joint-04/actors/logs/joint-04/jr13-all-IQS_17.process.json
 create mode 100644 docs/implementation/intake/G3/2026-10-09-jr13/joint-04/actors/logs/joint-04/jr13-all-IQS_17.response.json
 create mode 100644 docs/implementation/intake/G3/2026-10-09-jr13/joint-04/actors/logs/joint-04/jr13-all-IQS_17.stderr.log
 create mode 100644 docs/implementation/intake/G3/2026-10-09-jr13/joint-04/actors/logs/joint-04/jr13-all-IQS_17.stdout.log
 create mode 100644 docs/implementation/intake/G3/2026-10-09-jr13/joint-04/actors/logs/joint-04/jr13-all-IQS_18.process.json
 create mode 100644 docs/implementation/intake/G3/2026-10-09-jr13/joint-04/actors/logs/joint-04/jr13-all-IQS_18.response.json
 create mode 100644 docs/implementation/intake/G3/2026-10-09-jr13/joint-04/actors/logs/joint-04/jr13-all-IQS_18.stderr.log
 create mode 100644 docs/implementation/intake/G3/2026-10-09-jr13/joint-04/actors/logs/joint-04/jr13-all-IQS_18.stdout.log
 create mode 100644 docs/implementation/intake/G3/2026-10-09-jr13/joint-04/actors/logs/joint-04/jr13-all-IQS_19.process.json
 create mode 100644 docs/implementation/intake/G3/2026-10-09-jr13/joint-04/actors/logs/joint-04/jr13-all-IQS_19.response.json
 create mode 100644 docs/implementation/intake/G3/2026-10-09-jr13/joint-04/actors/logs/joint-04/jr13-all-IQS_19.stderr.log
 create mode 100644 docs/implementation/intake/G3/2026-10-09-jr13/joint-04/actors/logs/joint-04/jr13-all-IQS_19.stdout.log
 create mode 100644 docs/implementation/intake/G3/2026-10-09-jr13/joint-04/actors/logs/joint-04/jr13-all-IQS_20.process.json
 create mode 100644 docs/implementation/intake/G3/2026-10-09-jr13/joint-04/actors/logs/joint-04/jr13-all-IQS_20.response.json
 create mode 100644 docs/implementation/intake/G3/2026-10-09-jr13/joint-04/actors/logs/joint-04/jr13-all-IQS_20.stderr.log
 create mode 100644 docs/implementation/intake/G3/2026-10-09-jr13/joint-04/actors/logs/joint-04/jr13-all-IQS_20.stdout.log
 create mode 100644 docs/implementation/intake/G3/2026-10-09-jr13/joint-04/actors/logs/joint-04/jr13-all-IQS_21.process.json
 create mode 100644 docs/implementation/intake/G3/2026-10-09-jr13/joint-04/actors/logs/joint-04/jr13-all-IQS_21.response.json
 create mode 100644 docs/implementation/intake/G3/2026-10-09-jr13/joint-04/actors/logs/joint-04/jr13-all-IQS_21.stderr.log
 create mode 100644 docs/implementation/intake/G3/2026-10-09-jr13/joint-04/actors/logs/joint-04/jr13-all-IQS_21.stdout.log
 create mode 100644 docs/implementation/intake/G3/2026-10-09-jr13/joint-04/actors/logs/joint-04/jr13-all-IQS_22.process.json
 create mode 100644 docs/implementation/intake/G3/2026-10-09-jr13/joint-04/actors/logs/joint-04/jr13-all-IQS_22.response.json
 create mode 100644 docs/implementation/intake/G3/2026-10-09-jr13/joint-04/actors/logs/joint-04/jr13-all-IQS_22.stderr.log
 create mode 100644 docs/implementation/intake/G3/2026-10-09-jr13/joint-04/actors/logs/joint-04/jr13-all-IQS_22.stdout.log
 create mode 100644 docs/implementation/intake/G3/2026-10-09-jr13/joint-04/actors/logs/joint-04/jr13-all-IQS_23.process.json
 create mode 100644 docs/implementation/intake/G3/2026-10-09-jr13/joint-04/actors/logs/joint-04/jr13-all-IQS_23.response.json
 create mode 100644 docs/implementation/intake/G3/2026-10-09-jr13/joint-04/actors/logs/joint-04/jr13-all-IQS_23.stderr.log
 create mode 100644 docs/implementation/intake/G3/2026-10-09-jr13/joint-04/actors/logs/joint-04/jr13-all-IQS_23.stdout.log
 create mode 100644 docs/implementation/intake/G3/2026-10-09-jr13/joint-04/actors/logs/joint-04/jr13-all-IQS_24.process.json
 create mode 100644 docs/implementation/intake/G3/2026-10-09-jr13/joint-04/actors/logs/joint-04/jr13-all-IQS_24.response.json
 create mode 100644 docs/implementation/intake/G3/2026-10-09-jr13/joint-04/actors/logs/joint-04/jr13-all-IQS_24.stderr.log
 create mode 100644 docs/implementation/intake/G3/2026-10-09-jr13/joint-04/actors/logs/joint-04/jr13-all-IQS_24.stdout.log
 create mode 100644 docs/implementation/intake/G3/2026-10-09-jr13/joint-04/actors/logs/joint-04/jr13-all-MATURE_01.process.json
 create mode 100644 docs/implementation/intake/G3/2026-10-09-jr13/joint-04/actors/logs/joint-04/jr13-all-MATURE_01.response.json
 create mode 100644 docs/implementation/intake/G3/2026-10-09-jr13/joint-04/actors/logs/joint-04/jr13-all-MATURE_01.stderr.log
 create mode 100644 docs/implementation/intake/G3/2026-10-09-jr13/joint-04/actors/logs/joint-04/jr13-all-MATURE_01.stdout.log
 create mode 100644 docs/implementation/intake/G3/2026-10-09-jr13/joint-04/actors/logs/joint-04/jr13-all-MATURE_02.process.json
 create mode 100644 docs/implementation/intake/G3/2026-10-09-jr13/joint-04/actors/logs/joint-04/jr13-all-MATURE_02.response.json
 create mode 100644 docs/implementation/intake/G3/2026-10-09-jr13/joint-04/actors/logs/joint-04/jr13-all-MATURE_02.stderr.log
 create mode 100644 docs/implementation/intake/G3/2026-10-09-jr13/joint-04/actors/logs/joint-04/jr13-all-MATURE_02.stdout.log
 create mode 100644 docs/implementation/intake/G3/2026-10-09-jr13/joint-04/actors/logs/joint-04/jr13-all-OPERATING_01.process.json
 create mode 100644 docs/implementation/intake/G3/2026-10-09-jr13/joint-04/actors/logs/joint-04/jr13-all-OPERATING_01.response.json
 create mode 100644 docs/implementation/intake/G3/2026-10-09-jr13/joint-04/actors/logs/joint-04/jr13-all-OPERATING_01.stderr.log
 create mode 100644 docs/implementation/intake/G3/2026-10-09-jr13/joint-04/actors/logs/joint-04/jr13-all-OPERATING_01.stdout.log
 create mode 100644 docs/implementation/intake/G3/2026-10-09-jr13/joint-04/actors/logs/joint-04/jr13-all-OPERATING_02.process.json
 create mode 100644 docs/implementation/intake/G3/2026-10-09-jr13/joint-04/actors/logs/joint-04/jr13-all-OPERATING_02.response.json
 create mode 100644 docs/implementation/intake/G3/2026-10-09-jr13/joint-04/actors/logs/joint-04/jr13-all-OPERATING_02.stderr.log
 create mode 100644 docs/implementation/intake/G3/2026-10-09-jr13/joint-04/actors/logs/joint-04/jr13-all-OPERATING_02.stdout.log
 create mode 100644 docs/implementation/intake/G3/2026-10-09-jr13/joint-04/actors/logs/joint-04/jr13-all-rows.process.json
 create mode 100644 docs/implementation/intake/G3/2026-10-09-jr13/joint-04/actors/logs/joint-04/jr13-all-rows.response.json
 create mode 100644 docs/implementation/intake/G3/2026-10-09-jr13/joint-04/actors/logs/joint-04/jr13-all-rows.stderr.log
 create mode 100644 docs/implementation/intake/G3/2026-10-09-jr13/joint-04/actors/logs/joint-04/jr13-all-rows.stdout.log
 create mode 100644 docs/implementation/intake/G3/2026-10-09-jr13/joint-04/actors/logs/joint-04/jr13-begin-IQS_01.process.json
 create mode 100644 docs/implementation/intake/G3/2026-10-09-jr13/joint-04/actors/logs/joint-04/jr13-begin-IQS_01.response.json
 create mode 100644 docs/implementation/intake/G3/2026-10-09-jr13/joint-04/actors/logs/joint-04/jr13-begin-IQS_01.stderr.log
 create mode 100644 docs/implementation/intake/G3/2026-10-09-jr13/joint-04/actors/logs/joint-04/jr13-begin-IQS_01.stdout.log
 create mode 100644 docs/implementation/intake/G3/2026-10-09-jr13/joint-04/actors/logs/joint-04/jr13-begin-IQS_06.process.json
 create mode 100644 docs/implementation/intake/G3/2026-10-09-jr13/joint-04/actors/logs/joint-04/jr13-begin-IQS_06.response.json
 create mode 100644 docs/implementation/intake/G3/2026-10-09-jr13/joint-04/actors/logs/joint-04/jr13-begin-IQS_06.stderr.log
 create mode 100644 docs/implementation/intake/G3/2026-10-09-jr13/joint-04/actors/logs/joint-04/jr13-begin-IQS_06.stdout.log
 create mode 100644 docs/implementation/intake/G3/2026-10-09-jr13/joint-04/actors/logs/joint-04/jr13-bind-IQS_01.process.json
 create mode 100644 docs/implementation/intake/G3/2026-10-09-jr13/joint-04/actors/logs/joint-04/jr13-bind-IQS_01.response.json
 create mode 100644 docs/implementation/intake/G3/2026-10-09-jr13/joint-04/actors/logs/joint-04/jr13-bind-IQS_01.stderr.log
 create mode 100644 docs/implementation/intake/G3/2026-10-09-jr13/joint-04/actors/logs/joint-04/jr13-bind-IQS_01.stdout.log
 create mode 100644 docs/implementation/intake/G3/2026-10-09-jr13/joint-04/actors/logs/joint-04/jr13-bind-IQS_06.process.json
 create mode 100644 docs/implementation/intake/G3/2026-10-09-jr13/joint-04/actors/logs/joint-04/jr13-bind-IQS_06.response.json
 create mode 100644 docs/implementation/intake/G3/2026-10-09-jr13/joint-04/actors/logs/joint-04/jr13-bind-IQS_06.stderr.log
 create mode 100644 docs/implementation/intake/G3/2026-10-09-jr13/joint-04/actors/logs/joint-04/jr13-bind-IQS_06.stdout.log
 create mode 100644 docs/implementation/intake/G3/2026-10-09-jr13/joint-04/actors/logs/joint-04/jr13-cold.process.json
 create mode 100644 docs/implementation/intake/G3/2026-10-09-jr13/joint-04/actors/logs/joint-04/jr13-cold.response.json
 create mode 100644 docs/implementation/intake/G3/2026-10-09-jr13/joint-04/actors/logs/joint-04/jr13-cold.stderr.log
 create mode 100644 docs/implementation/intake/G3/2026-10-09-jr13/joint-04/actors/logs/joint-04/jr13-cold.stdout.log
 create mode 100644 docs/implementation/intake/G3/2026-10-09-jr13/joint-04/actors/logs/joint-04/jr13-receiver.process.json
 create mode 100644 docs/implementation/intake/G3/2026-10-09-jr13/joint-04/actors/logs/joint-04/jr13-receiver.response.json
 create mode 100644 docs/implementation/intake/G3/2026-10-09-jr13/joint-04/actors/logs/joint-04/jr13-receiver.stderr.log
 create mode 100644 docs/implementation/intake/G3/2026-10-09-jr13/joint-04/actors/logs/joint-04/jr13-receiver.stdout.log
 create mode 100644 docs/implementation/intake/G3/2026-10-09-jr13/joint-04/actors/logs/joint-04/jr13-seed.process.json
 create mode 100644 docs/implementation/intake/G3/2026-10-09-jr13/joint-04/actors/logs/joint-04/jr13-seed.response.json
 create mode 100644 docs/implementation/intake/G3/2026-10-09-jr13/joint-04/actors/logs/joint-04/jr13-seed.stderr.log
 create mode 100644 docs/implementation/intake/G3/2026-10-09-jr13/joint-04/actors/logs/joint-04/jr13-seed.stdout.log
 create mode 100644 docs/implementation/intake/G3/2026-10-09-jr13/joint-04/actors/logs/joint-04/jr13-unbound-after.process.json
 create mode 100644 docs/implementation/intake/G3/2026-10-09-jr13/joint-04/actors/logs/joint-04/jr13-unbound-after.response.json
 create mode 100644 docs/implementation/intake/G3/2026-10-09-jr13/joint-04/actors/logs/joint-04/jr13-unbound-after.stderr.log
 create mode 100644 docs/implementation/intake/G3/2026-10-09-jr13/joint-04/actors/logs/joint-04/jr13-unbound-after.stdout.log
 create mode 100644 docs/implementation/intake/G3/2026-10-09-jr13/joint-04/actors/logs/joint-04/jr13-unbound-before.process.json
 create mode 100644 docs/implementation/intake/G3/2026-10-09-jr13/joint-04/actors/logs/joint-04/jr13-unbound-before.response.json
 create mode 100644 docs/implementation/intake/G3/2026-10-09-jr13/joint-04/actors/logs/joint-04/jr13-unbound-before.stderr.log
 create mode 100644 docs/implementation/intake/G3/2026-10-09-jr13/joint-04/actors/logs/joint-04/jr13-unbound-before.stdout.log
 create mode 100644 docs/implementation/intake/G3/2026-10-09-jr13/joint-04/actors/logs/joint-04/jr13-unbound-begin.process.json
 create mode 100644 docs/implementation/intake/G3/2026-10-09-jr13/joint-04/actors/logs/joint-04/jr13-unbound-begin.stderr.log
 create mode 100644 docs/implementation/intake/G3/2026-10-09-jr13/joint-04/actors/logs/joint-04/jr13-unbound-begin.stdout.log
 create mode 100644 docs/implementation/intake/G3/2026-10-09-jr13/joint-04/junit.xml
 create mode 100644 docs/implementation/intake/G3/2026-10-09-jr13/joint-04/source-before.json
 create mode 100644 docs/implementation/intake/G3/2026-10-09-jr13/joint-04/stderr.log
 create mode 100644 docs/implementation/intake/G3/2026-10-09-jr13/joint-04/stdout.log
 create mode 100644 docs/implementation/intake/G3/2026-10-09-jr13/joint-05/actors/cases/joint-05/a-selected/cold.stderr.log
 create mode 100644 docs/implementation/intake/G3/2026-10-09-jr13/joint-05/actors/cases/joint-05/a-selected/cold.stdout.log
 create mode 100644 docs/implementation/intake/G3/2026-10-09-jr13/joint-05/actors/cases/joint-05/a-selected/http-stub-sends.jsonl
 create mode 100644 docs/implementation/intake/G3/2026-10-09-jr13/joint-05/actors/cases/joint-05/a-selected/key-opens.jsonl
 create mode 100644 docs/implementation/intake/G3/2026-10-09-jr13/joint-05/actors/cases/joint-05/a-selected/logs/stock_qa_20261009.log
 create mode 100644 docs/implementation/intake/G3/2026-10-09-jr13/joint-05/actors/cases/joint-05/a-selected/seal.stderr.log
 create mode 100644 docs/implementation/intake/G3/2026-10-09-jr13/joint-05/actors/cases/joint-05/a-selected/seal.stdout.log
 create mode 100644 docs/implementation/intake/G3/2026-10-09-jr13/joint-05/actors/cases/joint-05/a-selected/warm.stderr.log
 create mode 100644 docs/implementation/intake/G3/2026-10-09-jr13/joint-05/actors/cases/joint-05/a-selected/warm.stdout.log
 create mode 100644 docs/implementation/intake/G3/2026-10-09-jr13/joint-05/actors/cases/joint-05/b/cold.stderr.log
 create mode 100644 docs/implementation/intake/G3/2026-10-09-jr13/joint-05/actors/cases/joint-05/b/cold.stdout.log
 create mode 100644 docs/implementation/intake/G3/2026-10-09-jr13/joint-05/actors/cases/joint-05/b/http-stub-sends.jsonl
 create mode 100644 docs/implementation/intake/G3/2026-10-09-jr13/joint-05/actors/cases/joint-05/b/key-opens.jsonl
 create mode 100644 docs/implementation/intake/G3/2026-10-09-jr13/joint-05/actors/cases/joint-05/b/logs/stock_qa_20261009.log
 create mode 100644 docs/implementation/intake/G3/2026-10-09-jr13/joint-05/actors/cases/joint-05/entrybad/cold.stderr.log
 create mode 100644 docs/implementation/intake/G3/2026-10-09-jr13/joint-05/actors/cases/joint-05/entrybad/cold.stdout.log
 create mode 100644 docs/implementation/intake/G3/2026-10-09-jr13/joint-05/actors/cases/joint-05/entrybad/logs/stock_qa_20261009.log
 create mode 100644 docs/implementation/intake/G3/2026-10-09-jr13/joint-05/actors/cases/joint-05/j02-release.request.json
 create mode 100644 docs/implementation/intake/G3/2026-10-09-jr13/joint-05/actors/cases/joint-05/j02-release.response.json
 create mode 100644 docs/implementation/intake/G3/2026-10-09-jr13/joint-05/actors/cases/joint-05/j02-rows.request.json
 create mode 100644 docs/implementation/intake/G3/2026-10-09-jr13/joint-05/actors/cases/joint-05/j02-rows.response.json
 create mode 100644 docs/implementation/intake/G3/2026-10-09-jr13/joint-05/actors/cases/joint-05/j02-seed.request.json
 create mode 100644 docs/implementation/intake/G3/2026-10-09-jr13/joint-05/actors/cases/joint-05/j02-seed.response.json
 create mode 100644 docs/implementation/intake/G3/2026-10-09-jr13/joint-05/actors/cases/joint-05/j02-wrong-entry.request.json
 create mode 100644 docs/implementation/intake/G3/2026-10-09-jr13/joint-05/actors/cases/joint-05/j02-wrong-entry.response.json
 create mode 100644 docs/implementation/intake/G3/2026-10-09-jr13/joint-05/actors/cases/joint-05/j03-independent-cold.request.json
 create mode 100644 docs/implementation/intake/G3/2026-10-09-jr13/joint-05/actors/cases/joint-05/j03-independent-cold.response.json
 create mode 100644 docs/implementation/intake/G3/2026-10-09-jr13/joint-05/actors/cases/joint-05/j03-replay.request.json
 create mode 100644 docs/implementation/intake/G3/2026-10-09-jr13/joint-05/actors/cases/joint-05/j03-replay.response.json
 create mode 100644 docs/implementation/intake/G3/2026-10-09-jr13/joint-05/actors/cases/joint-05/j04-duplicate.request.json
 create mode 100644 docs/implementation/intake/G3/2026-10-09-jr13/joint-05/actors/cases/joint-05/j04-duplicate.response.json
 create mode 100644 docs/implementation/intake/G3/2026-10-09-jr13/joint-05/actors/cases/joint-05/j04-rows.request.json
 create mode 100644 docs/implementation/intake/G3/2026-10-09-jr13/joint-05/actors/cases/joint-05/j04-rows.response.json
 create mode 100644 docs/implementation/intake/G3/2026-10-09-jr13/joint-05/actors/cases/joint-05/j04-seed.request.json
 create mode 100644 docs/implementation/intake/G3/2026-10-09-jr13/joint-05/actors/cases/joint-05/j04-seed.response.json
 create mode 100644 docs/implementation/intake/G3/2026-10-09-jr13/joint-05/actors/cases/joint-05/j05-empty-identity.request.json
 create mode 100644 docs/implementation/intake/G3/2026-10-09-jr13/joint-05/actors/cases/joint-05/j05-empty-identity.response.json
 create mode 100644 docs/implementation/intake/G3/2026-10-09-jr13/joint-05/actors/cases/joint-05/j05-entity.request.json
 create mode 100644 docs/implementation/intake/G3/2026-10-09-jr13/joint-05/actors/cases/joint-05/j05-entity.response.json
 create mode 100644 docs/implementation/intake/G3/2026-10-09-jr13/joint-05/actors/cases/joint-05/j05-hash.request.json
 create mode 100644 docs/implementation/intake/G3/2026-10-09-jr13/joint-05/actors/cases/joint-05/j05-hash.response.json
 create mode 100644 docs/implementation/intake/G3/2026-10-09-jr13/joint-05/actors/cases/joint-05/j06-ack-again.request.json
 create mode 100644 docs/implementation/intake/G3/2026-10-09-jr13/joint-05/actors/cases/joint-05/j06-ack-again.response.json
 create mode 100644 docs/implementation/intake/G3/2026-10-09-jr13/joint-05/actors/cases/joint-05/j06-ack-apply.request.json
 create mode 100644 docs/implementation/intake/G3/2026-10-09-jr13/joint-05/actors/cases/joint-05/j06-ack-apply.response.json
 create mode 100644 docs/implementation/intake/G3/2026-10-09-jr13/joint-05/actors/cases/joint-05/j06-ack-read.request.json
 create mode 100644 docs/implementation/intake/G3/2026-10-09-jr13/joint-05/actors/cases/joint-05/j06-ack-read.response.json
 create mode 100644 docs/implementation/intake/G3/2026-10-09-jr13/joint-05/actors/cases/joint-05/j06-before.request.json
 create mode 100644 docs/implementation/intake/G3/2026-10-09-jr13/joint-05/actors/cases/joint-05/j06-before.response.json
 create mode 100644 docs/implementation/intake/G3/2026-10-09-jr13/joint-05/actors/cases/joint-05/j07-key-item_id.request.json
 create mode 100644 docs/implementation/intake/G3/2026-10-09-jr13/joint-05/actors/cases/joint-05/j07-key-item_id.response.json
 create mode 100644 docs/implementation/intake/G3/2026-10-09-jr13/joint-05/actors/cases/joint-05/j07-key-namespace.request.json
 create mode 100644 docs/implementation/intake/G3/2026-10-09-jr13/joint-05/actors/cases/joint-05/j07-key-namespace.response.json
 create mode 100644 docs/implementation/intake/G3/2026-10-09-jr13/joint-05/actors/cases/joint-05/j07-key-observation_id.request.json
 create mode 100644 docs/implementation/intake/G3/2026-10-09-jr13/joint-05/actors/cases/joint-05/j07-key-observation_id.response.json
 create mode 100644 docs/implementation/intake/G3/2026-10-09-jr13/joint-05/actors/cases/joint-05/j07-key-package_id.request.json
 create mode 100644 docs/implementation/intake/G3/2026-10-09-jr13/joint-05/actors/cases/joint-05/j07-key-package_id.response.json
 create mode 100644 docs/implementation/intake/G3/2026-10-09-jr13/joint-05/actors/cases/joint-05/j07-key-payload_sha256.request.json
 create mode 100644 docs/implementation/intake/G3/2026-10-09-jr13/joint-05/actors/cases/joint-05/j07-key-payload_sha256.response.json
 create mode 100644 docs/implementation/intake/G3/2026-10-09-jr13/joint-05/actors/cases/joint-05/j07-wrong-store.request.json
 create mode 100644 docs/implementation/intake/G3/2026-10-09-jr13/joint-05/actors/cases/joint-05/j07-wrong-store.response.json
 create mode 100644 docs/implementation/intake/G3/2026-10-09-jr13/joint-05/actors/cases/joint-05/j08-upgrade.request.json
 create mode 100644 docs/implementation/intake/G3/2026-10-09-jr13/joint-05/actors/cases/joint-05/j08-upgrade.response.json
 create mode 100644 docs/implementation/intake/G3/2026-10-09-jr13/joint-05/actors/cases/joint-05/j09-before.request.json
 create mode 100644 docs/implementation/intake/G3/2026-10-09-jr13/joint-05/actors/cases/joint-05/j09-before.response.json
 create mode 100644 docs/implementation/intake/G3/2026-10-09-jr13/joint-05/actors/cases/joint-05/j09-seal.request.json
 create mode 100644 docs/implementation/intake/G3/2026-10-09-jr13/joint-05/actors/cases/joint-05/j09-seal.response.json
 create mode 100644 docs/implementation/intake/G3/2026-10-09-jr13/joint-05/actors/cases/joint-05/j09-warm.request.json
 create mode 100644 docs/implementation/intake/G3/2026-10-09-jr13/joint-05/actors/cases/joint-05/j09-warm.response.json
 create mode 100644 docs/implementation/intake/G3/2026-10-09-jr13/joint-05/actors/cases/joint-05/j10-after.request.json
 create mode 100644 docs/implementation/intake/G3/2026-10-09-jr13/joint-05/actors/cases/joint-05/j10-after.response.json
 create mode 100644 docs/implementation/intake/G3/2026-10-09-jr13/joint-05/actors/cases/joint-05/j10-backup.request.json
 create mode 100644 docs/implementation/intake/G3/2026-10-09-jr13/joint-05/actors/cases/joint-05/j10-backup.response.json
 create mode 100644 docs/implementation/intake/G3/2026-10-09-jr13/joint-05/actors/cases/joint-05/j10-before.request.json
 create mode 100644 docs/implementation/intake/G3/2026-10-09-jr13/joint-05/actors/cases/joint-05/j10-before.response.json
 create mode 100644 docs/implementation/intake/G3/2026-10-09-jr13/joint-05/actors/cases/joint-05/j10-nonempty-refused.request.json
 create mode 100644 docs/implementation/intake/G3/2026-10-09-jr13/joint-05/actors/cases/joint-05/j10-nonempty-refused.response.json
 create mode 100644 docs/implementation/intake/G3/2026-10-09-jr13/joint-05/actors/cases/joint-05/j10-restore.request.json
 create mode 100644 docs/implementation/intake/G3/2026-10-09-jr13/joint-05/actors/cases/joint-05/j10-restore.response.json
 create mode 100644 docs/implementation/intake/G3/2026-10-09-jr13/joint-05/actors/cases/joint-05/j10-source-unchanged.request.json
 create mode 100644 docs/implementation/intake/G3/2026-10-09-jr13/joint-05/actors/cases/joint-05/j10-source-unchanged.response.json
 create mode 100644 docs/implementation/intake/G3/2026-10-09-jr13/joint-05/actors/cases/joint-05/j10-verify.request.json
 create mode 100644 docs/implementation/intake/G3/2026-10-09-jr13/joint-05/actors/cases/joint-05/j10-verify.response.json
 create mode 100644 docs/implementation/intake/G3/2026-10-09-jr13/joint-05/actors/cases/joint-05/j11-import-second.request.json
 create mode 100644 docs/implementation/intake/G3/2026-10-09-jr13/joint-05/actors/cases/joint-05/j11-import-second.response.json
 create mode 100644 docs/implementation/intake/G3/2026-10-09-jr13/joint-05/actors/cases/joint-05/j11-query.request.json
 create mode 100644 docs/implementation/intake/G3/2026-10-09-jr13/joint-05/actors/cases/joint-05/j11-query.response.json
 create mode 100644 docs/implementation/intake/G3/2026-10-09-jr13/joint-05/actors/cases/joint-05/j12-query.request.json
 create mode 100644 docs/implementation/intake/G3/2026-10-09-jr13/joint-05/actors/cases/joint-05/j12-query.response.json
 create mode 100644 docs/implementation/intake/G3/2026-10-09-jr13/joint-05/actors/cases/joint-05/j13-before.request.json
 create mode 100644 docs/implementation/intake/G3/2026-10-09-jr13/joint-05/actors/cases/joint-05/j13-before.response.json
 create mode 100644 docs/implementation/intake/G3/2026-10-09-jr13/joint-05/actors/cases/joint-05/j13-seal.request.json
 create mode 100644 docs/implementation/intake/G3/2026-10-09-jr13/joint-05/actors/cases/joint-05/j13-seal.response.json
 create mode 100644 docs/implementation/intake/G3/2026-10-09-jr13/joint-05/actors/cases/joint-05/j13-warm.request.json
 create mode 100644 docs/implementation/intake/G3/2026-10-09-jr13/joint-05/actors/cases/joint-05/j13-warm.response.json
 create mode 100644 docs/implementation/intake/G3/2026-10-09-jr13/joint-05/actors/cases/joint-05/jr13-all-CROSS_BORDER_01.request.json
 create mode 100644 docs/implementation/intake/G3/2026-10-09-jr13/joint-05/actors/cases/joint-05/jr13-all-CROSS_BORDER_01.response.json
 create mode 100644 docs/implementation/intake/G3/2026-10-09-jr13/joint-05/actors/cases/joint-05/jr13-all-CYCLICAL_01.request.json
 create mode 100644 docs/implementation/intake/G3/2026-10-09-jr13/joint-05/actors/cases/joint-05/jr13-all-CYCLICAL_01.response.json
 create mode 100644 docs/implementation/intake/G3/2026-10-09-jr13/joint-05/actors/cases/joint-05/jr13-all-CYCLICAL_02.request.json
 create mode 100644 docs/implementation/intake/G3/2026-10-09-jr13/joint-05/actors/cases/joint-05/jr13-all-CYCLICAL_02.response.json
 create mode 100644 docs/implementation/intake/G3/2026-10-09-jr13/joint-05/actors/cases/joint-05/jr13-all-INDUSTRIAL_01.request.json
 create mode 100644 docs/implementation/intake/G3/2026-10-09-jr13/joint-05/actors/cases/joint-05/jr13-all-INDUSTRIAL_01.response.json
 create mode 100644 docs/implementation/intake/G3/2026-10-09-jr13/joint-05/actors/cases/joint-05/jr13-all-INDUSTRIAL_02.request.json
 create mode 100644 docs/implementation/intake/G3/2026-10-09-jr13/joint-05/actors/cases/joint-05/jr13-all-INDUSTRIAL_02.response.json
 create mode 100644 docs/implementation/intake/G3/2026-10-09-jr13/joint-05/actors/cases/joint-05/jr13-all-IQS_01.request.json
 create mode 100644 docs/implementation/intake/G3/2026-10-09-jr13/joint-05/actors/cases/joint-05/jr13-all-IQS_01.response.json
 create mode 100644 docs/implementation/intake/G3/2026-10-09-jr13/joint-05/actors/cases/joint-05/jr13-all-IQS_02.request.json
 create mode 100644 docs/implementation/intake/G3/2026-10-09-jr13/joint-05/actors/cases/joint-05/jr13-all-IQS_02.response.json
 create mode 100644 docs/implementation/intake/G3/2026-10-09-jr13/joint-05/actors/cases/joint-05/jr13-all-IQS_04.request.json
 create mode 100644 docs/implementation/intake/G3/2026-10-09-jr13/joint-05/actors/cases/joint-05/jr13-all-IQS_04.response.json
 create mode 100644 docs/implementation/intake/G3/2026-10-09-jr13/joint-05/actors/cases/joint-05/jr13-all-IQS_05.request.json
 create mode 100644 docs/implementation/intake/G3/2026-10-09-jr13/joint-05/actors/cases/joint-05/jr13-all-IQS_05.response.json
 create mode 100644 docs/implementation/intake/G3/2026-10-09-jr13/joint-05/actors/cases/joint-05/jr13-all-IQS_06.request.json
 create mode 100644 docs/implementation/intake/G3/2026-10-09-jr13/joint-05/actors/cases/joint-05/jr13-all-IQS_06.response.json
 create mode 100644 docs/implementation/intake/G3/2026-10-09-jr13/joint-05/actors/cases/joint-05/jr13-all-IQS_07.request.json
 create mode 100644 docs/implementation/intake/G3/2026-10-09-jr13/joint-05/actors/cases/joint-05/jr13-all-IQS_07.response.json
 create mode 100644 docs/implementation/intake/G3/2026-10-09-jr13/joint-05/actors/cases/joint-05/jr13-all-IQS_08.request.json
 create mode 100644 docs/implementation/intake/G3/2026-10-09-jr13/joint-05/actors/cases/joint-05/jr13-all-IQS_08.response.json
 create mode 100644 docs/implementation/intake/G3/2026-10-09-jr13/joint-05/actors/cases/joint-05/jr13-all-IQS_09.request.json
 create mode 100644 docs/implementation/intake/G3/2026-10-09-jr13/joint-05/actors/cases/joint-05/jr13-all-IQS_09.response.json
 create mode 100644 docs/implementation/intake/G3/2026-10-09-jr13/joint-05/actors/cases/joint-05/jr13-all-IQS_10.request.json
 create mode 100644 docs/implementation/intake/G3/2026-10-09-jr13/joint-05/actors/cases/joint-05/jr13-all-IQS_10.response.json
 create mode 100644 docs/implementation/intake/G3/2026-10-09-jr13/joint-05/actors/cases/joint-05/jr13-all-IQS_12.request.json
 create mode 100644 docs/implementation/intake/G3/2026-10-09-jr13/joint-05/actors/cases/joint-05/jr13-all-IQS_12.response.json
 create mode 100644 docs/implementation/intake/G3/2026-10-09-jr13/joint-05/actors/cases/joint-05/jr13-all-IQS_13.request.json
 create mode 100644 docs/implementation/intake/G3/2026-10-09-jr13/joint-05/actors/cases/joint-05/jr13-all-IQS_13.response.json
 create mode 100644 docs/implementation/intake/G3/2026-10-09-jr13/joint-05/actors/cases/joint-05/jr13-all-IQS_14.request.json
 create mode 100644 docs/implementation/intake/G3/2026-10-09-jr13/joint-05/actors/cases/joint-05/jr13-all-IQS_14.response.json
 create mode 100644 docs/implementation/intake/G3/2026-10-09-jr13/joint-05/actors/cases/joint-05/jr13-all-IQS_15.request.json
 create mode 100644 docs/implementation/intake/G3/2026-10-09-jr13/joint-05/actors/cases/joint-05/jr13-all-IQS_15.response.json
 create mode 100644 docs/implementation/intake/G3/2026-10-09-jr13/joint-05/actors/cases/joint-05/jr13-all-IQS_16.request.json
 create mode 100644 docs/implementation/intake/G3/2026-10-09-jr13/joint-05/actors/cases/joint-05/jr13-all-IQS_16.response.json
 create mode 100644 docs/implementation/intake/G3/2026-10-09-jr13/joint-05/actors/cases/joint-05/jr13-all-IQS_17.request.json
 create mode 100644 docs/implementation/intake/G3/2026-10-09-jr13/joint-05/actors/cases/joint-05/jr13-all-IQS_17.response.json
 create mode 100644 docs/implementation/intake/G3/2026-10-09-jr13/joint-05/actors/cases/joint-05/jr13-all-IQS_18.request.json
 create mode 100644 docs/implementation/intake/G3/2026-10-09-jr13/joint-05/actors/cases/joint-05/jr13-all-IQS_18.response.json
 create mode 100644 docs/implementation/intake/G3/2026-10-09-jr13/joint-05/actors/cases/joint-05/jr13-all-IQS_19.request.json
 create mode 100644 docs/implementation/intake/G3/2026-10-09-jr13/joint-05/actors/cases/joint-05/jr13-all-IQS_19.response.json
 create mode 100644 docs/implementation/intake/G3/2026-10-09-jr13/joint-05/actors/cases/joint-05/jr13-all-IQS_20.request.json
 create mode 100644 docs/implementation/intake/G3/2026-10-09-jr13/joint-05/actors/cases/joint-05/jr13-all-IQS_20.response.json
 create mode 100644 docs/implementation/intake/G3/2026-10-09-jr13/joint-05/actors/cases/joint-05/jr13-all-IQS_21.request.json
 create mode 100644 docs/implementation/intake/G3/2026-10-09-jr13/joint-05/actors/cases/joint-05/jr13-all-IQS_21.response.json
 create mode 100644 docs/implementation/intake/G3/2026-10-09-jr13/joint-05/actors/cases/joint-05/jr13-all-IQS_22.request.json
 create mode 100644 docs/implementation/intake/G3/2026-10-09-jr13/joint-05/actors/cases/joint-05/jr13-all-IQS_22.response.json
 create mode 100644 docs/implementation/intake/G3/2026-10-09-jr13/joint-05/actors/cases/joint-05/jr13-all-IQS_23.request.json
 create mode 100644 docs/implementation/intake/G3/2026-10-09-jr13/joint-05/actors/cases/joint-05/jr13-all-IQS_23.response.json
 create mode 100644 docs/implementation/intake/G3/2026-10-09-jr13/joint-05/actors/cases/joint-05/jr13-all-IQS_24.request.json
 create mode 100644 docs/implementation/intake/G3/2026-10-09-jr13/joint-05/actors/cases/joint-05/jr13-all-IQS_24.response.json
 create mode 100644 docs/implementation/intake/G3/2026-10-09-jr13/joint-05/actors/cases/joint-05/jr13-all-MATURE_01.request.json
 create mode 100644 docs/implementation/intake/G3/2026-10-09-jr13/joint-05/actors/cases/joint-05/jr13-all-MATURE_01.response.json
 create mode 100644 docs/implementation/intake/G3/2026-10-09-jr13/joint-05/actors/cases/joint-05/jr13-all-MATURE_02.request.json
 create mode 100644 docs/implementation/intake/G3/2026-10-09-jr13/joint-05/actors/cases/joint-05/jr13-all-MATURE_02.response.json
 create mode 100644 docs/implementation/intake/G3/2026-10-09-jr13/joint-05/actors/cases/joint-05/jr13-all-OPERATING_01.request.json
 create mode 100644 docs/implementation/intake/G3/2026-10-09-jr13/joint-05/actors/cases/joint-05/jr13-all-OPERATING_01.response.json
 create mode 100644 docs/implementation/intake/G3/2026-10-09-jr13/joint-05/actors/cases/joint-05/jr13-all-OPERATING_02.request.json
 create mode 100644 docs/implementation/intake/G3/2026-10-09-jr13/joint-05/actors/cases/joint-05/jr13-all-OPERATING_02.response.json
 create mode 100644 docs/implementation/intake/G3/2026-10-09-jr13/joint-05/actors/cases/joint-05/jr13-all-rows.request.json
 create mode 100644 docs/implementation/intake/G3/2026-10-09-jr13/joint-05/actors/cases/joint-05/jr13-all-rows.response.json
 create mode 100644 docs/implementation/intake/G3/2026-10-09-jr13/joint-05/actors/cases/joint-05/jr13-begin-IQS_01.request.json
 create mode 100644 docs/implementation/intake/G3/2026-10-09-jr13/joint-05/actors/cases/joint-05/jr13-begin-IQS_01.response.json
 create mode 100644 docs/implementation/intake/G3/2026-10-09-jr13/joint-05/actors/cases/joint-05/jr13-begin-IQS_06.request.json
 create mode 100644 docs/implementation/intake/G3/2026-10-09-jr13/joint-05/actors/cases/joint-05/jr13-begin-IQS_06.response.json
 create mode 100644 docs/implementation/intake/G3/2026-10-09-jr13/joint-05/actors/cases/joint-05/jr13-bind-IQS_01.request.json
 create mode 100644 docs/implementation/intake/G3/2026-10-09-jr13/joint-05/actors/cases/joint-05/jr13-bind-IQS_01.response.json
 create mode 100644 docs/implementation/intake/G3/2026-10-09-jr13/joint-05/actors/cases/joint-05/jr13-bind-IQS_06.request.json
 create mode 100644 docs/implementation/intake/G3/2026-10-09-jr13/joint-05/actors/cases/joint-05/jr13-bind-IQS_06.response.json
 create mode 100644 docs/implementation/intake/G3/2026-10-09-jr13/joint-05/actors/cases/joint-05/jr13-cold.request.json
 create mode 100644 docs/implementation/intake/G3/2026-10-09-jr13/joint-05/actors/cases/joint-05/jr13-cold.response.json
 create mode 100644 docs/implementation/intake/G3/2026-10-09-jr13/joint-05/actors/cases/joint-05/jr13-receiver.request.json
 create mode 100644 docs/implementation/intake/G3/2026-10-09-jr13/joint-05/actors/cases/joint-05/jr13-receiver.response.json
 create mode 100644 docs/implementation/intake/G3/2026-10-09-jr13/joint-05/actors/cases/joint-05/jr13-seed.request.json
 create mode 100644 docs/implementation/intake/G3/2026-10-09-jr13/joint-05/actors/cases/joint-05/jr13-seed.response.json
 create mode 100644 docs/implementation/intake/G3/2026-10-09-jr13/joint-05/actors/cases/joint-05/jr13-unbound-after.request.json
 create mode 100644 docs/implementation/intake/G3/2026-10-09-jr13/joint-05/actors/cases/joint-05/jr13-unbound-after.response.json
 create mode 100644 docs/implementation/intake/G3/2026-10-09-jr13/joint-05/actors/cases/joint-05/jr13-unbound-before.request.json
 create mode 100644 docs/implementation/intake/G3/2026-10-09-jr13/joint-05/actors/cases/joint-05/jr13-unbound-before.response.json
 create mode 100644 docs/implementation/intake/G3/2026-10-09-jr13/joint-05/actors/cases/joint-05/jr13-unbound-begin.request.json
 create mode 100644 docs/implementation/intake/G3/2026-10-09-jr13/joint-05/actors/logs/joint-05/j02-release.process.json
 create mode 100644 docs/implementation/intake/G3/2026-10-09-jr13/joint-05/actors/logs/joint-05/j02-release.response.json
 create mode 100644 docs/implementation/intake/G3/2026-10-09-jr13/joint-05/actors/logs/joint-05/j02-release.stderr.log
 create mode 100644 docs/implementation/intake/G3/2026-10-09-jr13/joint-05/actors/logs/joint-05/j02-release.stdout.log
 create mode 100644 docs/implementation/intake/G3/2026-10-09-jr13/joint-05/actors/logs/joint-05/j02-rows.process.json
 create mode 100644 docs/implementation/intake/G3/2026-10-09-jr13/joint-05/actors/logs/joint-05/j02-rows.response.json
 create mode 100644 docs/implementation/intake/G3/2026-10-09-jr13/joint-05/actors/logs/joint-05/j02-rows.stderr.log
 create mode 100644 docs/implementation/intake/G3/2026-10-09-jr13/joint-05/actors/logs/joint-05/j02-rows.stdout.log
 create mode 100644 docs/implementation/intake/G3/2026-10-09-jr13/joint-05/actors/logs/joint-05/j02-seed.process.json
 create mode 100644 docs/implementation/intake/G3/2026-10-09-jr13/joint-05/actors/logs/joint-05/j02-seed.response.json
 create mode 100644 docs/implementation/intake/G3/2026-10-09-jr13/joint-05/actors/logs/joint-05/j02-seed.stderr.log
 create mode 100644 docs/implementation/intake/G3/2026-10-09-jr13/joint-05/actors/logs/joint-05/j02-seed.stdout.log
 create mode 100644 docs/implementation/intake/G3/2026-10-09-jr13/joint-05/actors/logs/joint-05/j02-wrong-entry.process.json
 create mode 100644 docs/implementation/intake/G3/2026-10-09-jr13/joint-05/actors/logs/joint-05/j02-wrong-entry.response.json
 create mode 100644 docs/implementation/intake/G3/2026-10-09-jr13/joint-05/actors/logs/joint-05/j02-wrong-entry.stderr.log
 create mode 100644 docs/implementation/intake/G3/2026-10-09-jr13/joint-05/actors/logs/joint-05/j02-wrong-entry.stdout.log
 create mode 100644 docs/implementation/intake/G3/2026-10-09-jr13/joint-05/actors/logs/joint-05/j03-independent-cold.process.json
 create mode 100644 docs/implementation/intake/G3/2026-10-09-jr13/joint-05/actors/logs/joint-05/j03-independent-cold.response.json
 create mode 100644 docs/implementation/intake/G3/2026-10-09-jr13/joint-05/actors/logs/joint-05/j03-independent-cold.stderr.log
 create mode 100644 docs/implementation/intake/G3/2026-10-09-jr13/joint-05/actors/logs/joint-05/j03-independent-cold.stdout.log
 create mode 100644 docs/implementation/intake/G3/2026-10-09-jr13/joint-05/actors/logs/joint-05/j03-replay.process.json
 create mode 100644 docs/implementation/intake/G3/2026-10-09-jr13/joint-05/actors/logs/joint-05/j03-replay.response.json
 create mode 100644 docs/implementation/intake/G3/2026-10-09-jr13/joint-05/actors/logs/joint-05/j03-replay.stderr.log
 create mode 100644 docs/implementation/intake/G3/2026-10-09-jr13/joint-05/actors/logs/joint-05/j03-replay.stdout.log
 create mode 100644 docs/implementation/intake/G3/2026-10-09-jr13/joint-05/actors/logs/joint-05/j04-duplicate.process.json
 create mode 100644 docs/implementation/intake/G3/2026-10-09-jr13/joint-05/actors/logs/joint-05/j04-duplicate.response.json
 create mode 100644 docs/implementation/intake/G3/2026-10-09-jr13/joint-05/actors/logs/joint-05/j04-duplicate.stderr.log
 create mode 100644 docs/implementation/intake/G3/2026-10-09-jr13/joint-05/actors/logs/joint-05/j04-duplicate.stdout.log
 create mode 100644 docs/implementation/intake/G3/2026-10-09-jr13/joint-05/actors/logs/joint-05/j04-rows.process.json
 create mode 100644 docs/implementation/intake/G3/2026-10-09-jr13/joint-05/actors/logs/joint-05/j04-rows.response.json
 create mode 100644 docs/implementation/intake/G3/2026-10-09-jr13/joint-05/actors/logs/joint-05/j04-rows.stderr.log
 create mode 100644 docs/implementation/intake/G3/2026-10-09-jr13/joint-05/actors/logs/joint-05/j04-rows.stdout.log
 create mode 100644 docs/implementation/intake/G3/2026-10-09-jr13/joint-05/actors/logs/joint-05/j04-seed.process.json
 create mode 100644 docs/implementation/intake/G3/2026-10-09-jr13/joint-05/actors/logs/joint-05/j04-seed.response.json
 create mode 100644 docs/implementation/intake/G3/2026-10-09-jr13/joint-05/actors/logs/joint-05/j04-seed.stderr.log
 create mode 100644 docs/implementation/intake/G3/2026-10-09-jr13/joint-05/actors/logs/joint-05/j04-seed.stdout.log
 create mode 100644 docs/implementation/intake/G3/2026-10-09-jr13/joint-05/actors/logs/joint-05/j05-empty-identity.process.json
 create mode 100644 docs/implementation/intake/G3/2026-10-09-jr13/joint-05/actors/logs/joint-05/j05-empty-identity.response.json
 create mode 100644 docs/implementation/intake/G3/2026-10-09-jr13/joint-05/actors/logs/joint-05/j05-empty-identity.stderr.log
 create mode 100644 docs/implementation/intake/G3/2026-10-09-jr13/joint-05/actors/logs/joint-05/j05-empty-identity.stdout.log
 create mode 100644 docs/implementation/intake/G3/2026-10-09-jr13/joint-05/actors/logs/joint-05/j05-entity.process.json
 create mode 100644 docs/implementation/intake/G3/2026-10-09-jr13/joint-05/actors/logs/joint-05/j05-entity.response.json
 create mode 100644 docs/implementation/intake/G3/2026-10-09-jr13/joint-05/actors/logs/joint-05/j05-entity.stderr.log
 create mode 100644 docs/implementation/intake/G3/2026-10-09-jr13/joint-05/actors/logs/joint-05/j05-entity.stdout.log
 create mode 100644 docs/implementation/intake/G3/2026-10-09-jr13/joint-05/actors/logs/joint-05/j05-hash.process.json
 create mode 100644 docs/implementation/intake/G3/2026-10-09-jr13/joint-05/actors/logs/joint-05/j05-hash.response.json
 create mode 100644 docs/implementation/intake/G3/2026-10-09-jr13/joint-05/actors/logs/joint-05/j05-hash.stderr.log
 create mode 100644 docs/implementation/intake/G3/2026-10-09-jr13/joint-05/actors/logs/joint-05/j05-hash.stdout.log
 create mode 100644 docs/implementation/intake/G3/2026-10-09-jr13/joint-05/actors/logs/joint-05/j06-ack-again.process.json
 create mode 100644 docs/implementation/intake/G3/2026-10-09-jr13/joint-05/actors/logs/joint-05/j06-ack-again.response.json
 create mode 100644 docs/implementation/intake/G3/2026-10-09-jr13/joint-05/actors/logs/joint-05/j06-ack-again.stderr.log
 create mode 100644 docs/implementation/intake/G3/2026-10-09-jr13/joint-05/actors/logs/joint-05/j06-ack-again.stdout.log
 create mode 100644 docs/implementation/intake/G3/2026-10-09-jr13/joint-05/actors/logs/joint-05/j06-ack-apply.process.json
 create mode 100644 docs/implementation/intake/G3/2026-10-09-jr13/joint-05/actors/logs/joint-05/j06-ack-apply.response.json
 create mode 100644 docs/implementation/intake/G3/2026-10-09-jr13/joint-05/actors/logs/joint-05/j06-ack-apply.stderr.log
 create mode 100644 docs/implementation/intake/G3/2026-10-09-jr13/joint-05/actors/logs/joint-05/j06-ack-apply.stdout.log
 create mode 100644 docs/implementation/intake/G3/2026-10-09-jr13/joint-05/actors/logs/joint-05/j06-ack-read.process.json
 create mode 100644 docs/implementation/intake/G3/2026-10-09-jr13/joint-05/actors/logs/joint-05/j06-ack-read.response.json
 create mode 100644 docs/implementation/intake/G3/2026-10-09-jr13/joint-05/actors/logs/joint-05/j06-ack-read.stderr.log
 create mode 100644 docs/implementation/intake/G3/2026-10-09-jr13/joint-05/actors/logs/joint-05/j06-ack-read.stdout.log
 create mode 100644 docs/implementation/intake/G3/2026-10-09-jr13/joint-05/actors/logs/joint-05/j06-before.process.json
 create mode 100644 docs/implementation/intake/G3/2026-10-09-jr13/joint-05/actors/logs/joint-05/j06-before.response.json
 create mode 100644 docs/implementation/intake/G3/2026-10-09-jr13/joint-05/actors/logs/joint-05/j06-before.stderr.log
 create mode 100644 docs/implementation/intake/G3/2026-10-09-jr13/joint-05/actors/logs/joint-05/j06-before.stdout.log
 create mode 100644 docs/implementation/intake/G3/2026-10-09-jr13/joint-05/actors/logs/joint-05/j07-key-item_id.process.json
 create mode 100644 docs/implementation/intake/G3/2026-10-09-jr13/joint-05/actors/logs/joint-05/j07-key-item_id.response.json
 create mode 100644 docs/implementation/intake/G3/2026-10-09-jr13/joint-05/actors/logs/joint-05/j07-key-item_id.stderr.log
 create mode 100644 docs/implementation/intake/G3/2026-10-09-jr13/joint-05/actors/logs/joint-05/j07-key-item_id.stdout.log
 create mode 100644 docs/implementation/intake/G3/2026-10-09-jr13/joint-05/actors/logs/joint-05/j07-key-namespace.process.json
 create mode 100644 docs/implementation/intake/G3/2026-10-09-jr13/joint-05/actors/logs/joint-05/j07-key-namespace.response.json
 create mode 100644 docs/implementation/intake/G3/2026-10-09-jr13/joint-05/actors/logs/joint-05/j07-key-namespace.stderr.log
 create mode 100644 docs/implementation/intake/G3/2026-10-09-jr13/joint-05/actors/logs/joint-05/j07-key-namespace.stdout.log
 create mode 100644 docs/implementation/intake/G3/2026-10-09-jr13/joint-05/actors/logs/joint-05/j07-key-observation_id.process.json
 create mode 100644 docs/implementation/intake/G3/2026-10-09-jr13/joint-05/actors/logs/joint-05/j07-key-observation_id.response.json
 create mode 100644 docs/implementation/intake/G3/2026-10-09-jr13/joint-05/actors/logs/joint-05/j07-key-observation_id.stderr.log
 create mode 100644 docs/implementation/intake/G3/2026-10-09-jr13/joint-05/actors/logs/joint-05/j07-key-observation_id.stdout.log
 create mode 100644 docs/implementation/intake/G3/2026-10-09-jr13/joint-05/actors/logs/joint-05/j07-key-package_id.process.json
 create mode 100644 docs/implementation/intake/G3/2026-10-09-jr13/joint-05/actors/logs/joint-05/j07-key-package_id.response.json
 create mode 100644 docs/implementation/intake/G3/2026-10-09-jr13/joint-05/actors/logs/joint-05/j07-key-package_id.stderr.log
 create mode 100644 docs/implementation/intake/G3/2026-10-09-jr13/joint-05/actors/logs/joint-05/j07-key-package_id.stdout.log
 create mode 100644 docs/implementation/intake/G3/2026-10-09-jr13/joint-05/actors/logs/joint-05/j07-key-payload_sha256.process.json
 create mode 100644 docs/implementation/intake/G3/2026-10-09-jr13/joint-05/actors/logs/joint-05/j07-key-payload_sha256.response.json
 create mode 100644 docs/implementation/intake/G3/2026-10-09-jr13/joint-05/actors/logs/joint-05/j07-key-payload_sha256.stderr.log
 create mode 100644 docs/implementation/intake/G3/2026-10-09-jr13/joint-05/actors/logs/joint-05/j07-key-payload_sha256.stdout.log
 create mode 100644 docs/implementation/intake/G3/2026-10-09-jr13/joint-05/actors/logs/joint-05/j07-wrong-store.process.json
 create mode 100644 docs/implementation/intake/G3/2026-10-09-jr13/joint-05/actors/logs/joint-05/j07-wrong-store.response.json
 create mode 100644 docs/implementation/intake/G3/2026-10-09-jr13/joint-05/actors/logs/joint-05/j07-wrong-store.stderr.log
 create mode 100644 docs/implementation/intake/G3/2026-10-09-jr13/joint-05/actors/logs/joint-05/j07-wrong-store.stdout.log
 create mode 100644 docs/implementation/intake/G3/2026-10-09-jr13/joint-05/actors/logs/joint-05/j08-upgrade.process.json
 create mode 100644 docs/implementation/intake/G3/2026-10-09-jr13/joint-05/actors/logs/joint-05/j08-upgrade.response.json
 create mode 100644 docs/implementation/intake/G3/2026-10-09-jr13/joint-05/actors/logs/joint-05/j08-upgrade.stderr.log
 create mode 100644 docs/implementation/intake/G3/2026-10-09-jr13/joint-05/actors/logs/joint-05/j08-upgrade.stdout.log
 create mode 100644 docs/implementation/intake/G3/2026-10-09-jr13/joint-05/actors/logs/joint-05/j09-before.process.json
 create mode 100644 docs/implementation/intake/G3/2026-10-09-jr13/joint-05/actors/logs/joint-05/j09-before.response.json
 create mode 100644 docs/implementation/intake/G3/2026-10-09-jr13/joint-05/actors/logs/joint-05/j09-before.stderr.log
 create mode 100644 docs/implementation/intake/G3/2026-10-09-jr13/joint-05/actors/logs/joint-05/j09-before.stdout.log
 create mode 100644 docs/implementation/intake/G3/2026-10-09-jr13/joint-05/actors/logs/joint-05/j09-seal.process.json
 create mode 100644 docs/implementation/intake/G3/2026-10-09-jr13/joint-05/actors/logs/joint-05/j09-seal.response.json
 create mode 100644 docs/implementation/intake/G3/2026-10-09-jr13/joint-05/actors/logs/joint-05/j09-seal.stderr.log
 create mode 100644 docs/implementation/intake/G3/2026-10-09-jr13/joint-05/actors/logs/joint-05/j09-seal.stdout.log
 create mode 100644 docs/implementation/intake/G3/2026-10-09-jr13/joint-05/actors/logs/joint-05/j09-warm.process.json
 create mode 100644 docs/implementation/intake/G3/2026-10-09-jr13/joint-05/actors/logs/joint-05/j09-warm.response.json
 create mode 100644 docs/implementation/intake/G3/2026-10-09-jr13/joint-05/actors/logs/joint-05/j09-warm.stderr.log
 create mode 100644 docs/implementation/intake/G3/2026-10-09-jr13/joint-05/actors/logs/joint-05/j09-warm.stdout.log
 create mode 100644 docs/implementation/intake/G3/2026-10-09-jr13/joint-05/actors/logs/joint-05/j10-after.process.json
 create mode 100644 docs/implementation/intake/G3/2026-10-09-jr13/joint-05/actors/logs/joint-05/j10-after.response.json
 create mode 100644 docs/implementation/intake/G3/2026-10-09-jr13/joint-05/actors/logs/joint-05/j10-after.stderr.log
 create mode 100644 docs/implementation/intake/G3/2026-10-09-jr13/joint-05/actors/logs/joint-05/j10-after.stdout.log
 create mode 100644 docs/implementation/intake/G3/2026-10-09-jr13/joint-05/actors/logs/joint-05/j10-backup.process.json
 create mode 100644 docs/implementation/intake/G3/2026-10-09-jr13/joint-05/actors/logs/joint-05/j10-backup.response.json
 create mode 100644 docs/implementation/intake/G3/2026-10-09-jr13/joint-05/actors/logs/joint-05/j10-backup.stderr.log
 create mode 100644 docs/implementation/intake/G3/2026-10-09-jr13/joint-05/actors/logs/joint-05/j10-backup.stdout.log
 create mode 100644 docs/implementation/intake/G3/2026-10-09-jr13/joint-05/actors/logs/joint-05/j10-before.process.json
 create mode 100644 docs/implementation/intake/G3/2026-10-09-jr13/joint-05/actors/logs/joint-05/j10-before.response.json
 create mode 100644 docs/implementation/intake/G3/2026-10-09-jr13/joint-05/actors/logs/joint-05/j10-before.stderr.log
 create mode 100644 docs/implementation/intake/G3/2026-10-09-jr13/joint-05/actors/logs/joint-05/j10-before.stdout.log
 create mode 100644 docs/implementation/intake/G3/2026-10-09-jr13/joint-05/actors/logs/joint-05/j10-nonempty-refused.process.json
 create mode 100644 docs/implementation/intake/G3/2026-10-09-jr13/joint-05/actors/logs/joint-05/j10-nonempty-refused.response.json
 create mode 100644 docs/implementation/intake/G3/2026-10-09-jr13/joint-05/actors/logs/joint-05/j10-nonempty-refused.stderr.log
 create mode 100644 docs/implementation/intake/G3/2026-10-09-jr13/joint-05/actors/logs/joint-05/j10-nonempty-refused.stdout.log
 create mode 100644 docs/implementation/intake/G3/2026-10-09-jr13/joint-05/actors/logs/joint-05/j10-restore.process.json
 create mode 100644 docs/implementation/intake/G3/2026-10-09-jr13/joint-05/actors/logs/joint-05/j10-restore.response.json
 create mode 100644 docs/implementation/intake/G3/2026-10-09-jr13/joint-05/actors/logs/joint-05/j10-restore.stderr.log
 create mode 100644 docs/implementation/intake/G3/2026-10-09-jr13/joint-05/actors/logs/joint-05/j10-restore.stdout.log
 create mode 100644 docs/implementation/intake/G3/2026-10-09-jr13/joint-05/actors/logs/joint-05/j10-source-unchanged.process.json
 create mode 100644 docs/implementation/intake/G3/2026-10-09-jr13/joint-05/actors/logs/joint-05/j10-source-unchanged.response.json
 create mode 100644 docs/implementation/intake/G3/2026-10-09-jr13/joint-05/actors/logs/joint-05/j10-source-unchanged.stderr.log
 create mode 100644 docs/implementation/intake/G3/2026-10-09-jr13/joint-05/actors/logs/joint-05/j10-source-unchanged.stdout.log
 create mode 100644 docs/implementation/intake/G3/2026-10-09-jr13/joint-05/actors/logs/joint-05/j10-verify.process.json
 create mode 100644 docs/implementation/intake/G3/2026-10-09-jr13/joint-05/actors/logs/joint-05/j10-verify.response.json
 create mode 100644 docs/implementation/intake/G3/2026-10-09-jr13/joint-05/actors/logs/joint-05/j10-verify.stderr.log
 create mode 100644 docs/implementation/intake/G3/2026-10-09-jr13/joint-05/actors/logs/joint-05/j10-verify.stdout.log
 create mode 100644 docs/implementation/intake/G3/2026-10-09-jr13/joint-05/actors/logs/joint-05/j11-import-second.process.json
 create mode 100644 docs/implementation/intake/G3/2026-10-09-jr13/joint-05/actors/logs/joint-05/j11-import-second.response.json
 create mode 100644 docs/implementation/intake/G3/2026-10-09-jr13/joint-05/actors/logs/joint-05/j11-import-second.stderr.log
 create mode 100644 docs/implementation/intake/G3/2026-10-09-jr13/joint-05/actors/logs/joint-05/j11-import-second.stdout.log
 create mode 100644 docs/implementation/intake/G3/2026-10-09-jr13/joint-05/actors/logs/joint-05/j11-query.process.json
 create mode 100644 docs/implementation/intake/G3/2026-10-09-jr13/joint-05/actors/logs/joint-05/j11-query.response.json
 create mode 100644 docs/implementation/intake/G3/2026-10-09-jr13/joint-05/actors/logs/joint-05/j11-query.stderr.log
 create mode 100644 docs/implementation/intake/G3/2026-10-09-jr13/joint-05/actors/logs/joint-05/j11-query.stdout.log
 create mode 100644 docs/implementation/intake/G3/2026-10-09-jr13/joint-05/actors/logs/joint-05/j12-query.process.json
 create mode 100644 docs/implementation/intake/G3/2026-10-09-jr13/joint-05/actors/logs/joint-05/j12-query.response.json
 create mode 100644 docs/implementation/intake/G3/2026-10-09-jr13/joint-05/actors/logs/joint-05/j12-query.stderr.log
 create mode 100644 docs/implementation/intake/G3/2026-10-09-jr13/joint-05/actors/logs/joint-05/j12-query.stdout.log
 create mode 100644 docs/implementation/intake/G3/2026-10-09-jr13/joint-05/actors/logs/joint-05/j13-before.process.json
 create mode 100644 docs/implementation/intake/G3/2026-10-09-jr13/joint-05/actors/logs/joint-05/j13-before.response.json
 create mode 100644 docs/implementation/intake/G3/2026-10-09-jr13/joint-05/actors/logs/joint-05/j13-before.stderr.log
 create mode 100644 docs/implementation/intake/G3/2026-10-09-jr13/joint-05/actors/logs/joint-05/j13-before.stdout.log
 create mode 100644 docs/implementation/intake/G3/2026-10-09-jr13/joint-05/actors/logs/joint-05/j13-seal.process.json
 create mode 100644 docs/implementation/intake/G3/2026-10-09-jr13/joint-05/actors/logs/joint-05/j13-seal.response.json
 create mode 100644 docs/implementation/intake/G3/2026-10-09-jr13/joint-05/actors/logs/joint-05/j13-seal.stderr.log
 create mode 100644 docs/implementation/intake/G3/2026-10-09-jr13/joint-05/actors/logs/joint-05/j13-seal.stdout.log
 create mode 100644 docs/implementation/intake/G3/2026-10-09-jr13/joint-05/actors/logs/joint-05/j13-warm.process.json
 create mode 100644 docs/implementation/intake/G3/2026-10-09-jr13/joint-05/actors/logs/joint-05/j13-warm.response.json
 create mode 100644 docs/implementation/intake/G3/2026-10-09-jr13/joint-05/actors/logs/joint-05/j13-warm.stderr.log
 create mode 100644 docs/implementation/intake/G3/2026-10-09-jr13/joint-05/actors/logs/joint-05/j13-warm.stdout.log
 create mode 100644 docs/implementation/intake/G3/2026-10-09-jr13/joint-05/actors/logs/joint-05/jr13-all-CROSS_BORDER_01.process.json
 create mode 100644 docs/implementation/intake/G3/2026-10-09-jr13/joint-05/actors/logs/joint-05/jr13-all-CROSS_BORDER_01.response.json
 create mode 100644 docs/implementation/intake/G3/2026-10-09-jr13/joint-05/actors/logs/joint-05/jr13-all-CROSS_BORDER_01.stderr.log
 create mode 100644 docs/implementation/intake/G3/2026-10-09-jr13/joint-05/actors/logs/joint-05/jr13-all-CROSS_BORDER_01.stdout.log
 create mode 100644 docs/implementation/intake/G3/2026-10-09-jr13/joint-05/actors/logs/joint-05/jr13-all-CYCLICAL_01.process.json
 create mode 100644 docs/implementation/intake/G3/2026-10-09-jr13/joint-05/actors/logs/joint-05/jr13-all-CYCLICAL_01.response.json
 create mode 100644 docs/implementation/intake/G3/2026-10-09-jr13/joint-05/actors/logs/joint-05/jr13-all-CYCLICAL_01.stderr.log
 create mode 100644 docs/implementation/intake/G3/2026-10-09-jr13/joint-05/actors/logs/joint-05/jr13-all-CYCLICAL_01.stdout.log
 create mode 100644 docs/implementation/intake/G3/2026-10-09-jr13/joint-05/actors/logs/joint-05/jr13-all-CYCLICAL_02.process.json
 create mode 100644 docs/implementation/intake/G3/2026-10-09-jr13/joint-05/actors/logs/joint-05/jr13-all-CYCLICAL_02.response.json
 create mode 100644 docs/implementation/intake/G3/2026-10-09-jr13/joint-05/actors/logs/joint-05/jr13-all-CYCLICAL_02.stderr.log
 create mode 100644 docs/implementation/intake/G3/2026-10-09-jr13/joint-05/actors/logs/joint-05/jr13-all-CYCLICAL_02.stdout.log
 create mode 100644 docs/implementation/intake/G3/2026-10-09-jr13/joint-05/actors/logs/joint-05/jr13-all-INDUSTRIAL_01.process.json
 create mode 100644 docs/implementation/intake/G3/2026-10-09-jr13/joint-05/actors/logs/joint-05/jr13-all-INDUSTRIAL_01.response.json
 create mode 100644 docs/implementation/intake/G3/2026-10-09-jr13/joint-05/actors/logs/joint-05/jr13-all-INDUSTRIAL_01.stderr.log
 create mode 100644 docs/implementation/intake/G3/2026-10-09-jr13/joint-05/actors/logs/joint-05/jr13-all-INDUSTRIAL_01.stdout.log
 create mode 100644 docs/implementation/intake/G3/2026-10-09-jr13/joint-05/actors/logs/joint-05/jr13-all-INDUSTRIAL_02.process.json
 create mode 100644 docs/implementation/intake/G3/2026-10-09-jr13/joint-05/actors/logs/joint-05/jr13-all-INDUSTRIAL_02.response.json
 create mode 100644 docs/implementation/intake/G3/2026-10-09-jr13/joint-05/actors/logs/joint-05/jr13-all-INDUSTRIAL_02.stderr.log
 create mode 100644 docs/implementation/intake/G3/2026-10-09-jr13/joint-05/actors/logs/joint-05/jr13-all-INDUSTRIAL_02.stdout.log
 create mode 100644 docs/implementation/intake/G3/2026-10-09-jr13/joint-05/actors/logs/joint-05/jr13-all-IQS_01.process.json
 create mode 100644 docs/implementation/intake/G3/2026-10-09-jr13/joint-05/actors/logs/joint-05/jr13-all-IQS_01.response.json
 create mode 100644 docs/implementation/intake/G3/2026-10-09-jr13/joint-05/actors/logs/joint-05/jr13-all-IQS_01.stderr.log
 create mode 100644 docs/implementation/intake/G3/2026-10-09-jr13/joint-05/actors/logs/joint-05/jr13-all-IQS_01.stdout.log
 create mode 100644 docs/implementation/intake/G3/2026-10-09-jr13/joint-05/actors/logs/joint-05/jr13-all-IQS_02.process.json
 create mode 100644 docs/implementation/intake/G3/2026-10-09-jr13/joint-05/actors/logs/joint-05/jr13-all-IQS_02.response.json
 create mode 100644 docs/implementation/intake/G3/2026-10-09-jr13/joint-05/actors/logs/joint-05/jr13-all-IQS_02.stderr.log
 create mode 100644 docs/implementation/intake/G3/2026-10-09-jr13/joint-05/actors/logs/joint-05/jr13-all-IQS_02.stdout.log
 create mode 100644 docs/implementation/intake/G3/2026-10-09-jr13/joint-05/actors/logs/joint-05/jr13-all-IQS_04.process.json
 create mode 100644 docs/implementation/intake/G3/2026-10-09-jr13/joint-05/actors/logs/joint-05/jr13-all-IQS_04.response.json
 create mode 100644 docs/implementation/intake/G3/2026-10-09-jr13/joint-05/actors/logs/joint-05/jr13-all-IQS_04.stderr.log
 create mode 100644 docs/implementation/intake/G3/2026-10-09-jr13/joint-05/actors/logs/joint-05/jr13-all-IQS_04.stdout.log
 create mode 100644 docs/implementation/intake/G3/2026-10-09-jr13/joint-05/actors/logs/joint-05/jr13-all-IQS_05.process.json
 create mode 100644 docs/implementation/intake/G3/2026-10-09-jr13/joint-05/actors/logs/joint-05/jr13-all-IQS_05.response.json
 create mode 100644 docs/implementation/intake/G3/2026-10-09-jr13/joint-05/actors/logs/joint-05/jr13-all-IQS_05.stderr.log
 create mode 100644 docs/implementation/intake/G3/2026-10-09-jr13/joint-05/actors/logs/joint-05/jr13-all-IQS_05.stdout.log
 create mode 100644 docs/implementation/intake/G3/2026-10-09-jr13/joint-05/actors/logs/joint-05/jr13-all-IQS_06.process.json
 create mode 100644 docs/implementation/intake/G3/2026-10-09-jr13/joint-05/actors/logs/joint-05/jr13-all-IQS_06.response.json
 create mode 100644 docs/implementation/intake/G3/2026-10-09-jr13/joint-05/actors/logs/joint-05/jr13-all-IQS_06.stderr.log
 create mode 100644 docs/implementation/intake/G3/2026-10-09-jr13/joint-05/actors/logs/joint-05/jr13-all-IQS_06.stdout.log
 create mode 100644 docs/implementation/intake/G3/2026-10-09-jr13/joint-05/actors/logs/joint-05/jr13-all-IQS_07.process.json
 create mode 100644 docs/implementation/intake/G3/2026-10-09-jr13/joint-05/actors/logs/joint-05/jr13-all-IQS_07.response.json
 create mode 100644 docs/implementation/intake/G3/2026-10-09-jr13/joint-05/actors/logs/joint-05/jr13-all-IQS_07.stderr.log
 create mode 100644 docs/implementation/intake/G3/2026-10-09-jr13/joint-05/actors/logs/joint-05/jr13-all-IQS_07.stdout.log
 create mode 100644 docs/implementation/intake/G3/2026-10-09-jr13/joint-05/actors/logs/joint-05/jr13-all-IQS_08.process.json
 create mode 100644 docs/implementation/intake/G3/2026-10-09-jr13/joint-05/actors/logs/joint-05/jr13-all-IQS_08.response.json
 create mode 100644 docs/implementation/intake/G3/2026-10-09-jr13/joint-05/actors/logs/joint-05/jr13-all-IQS_08.stderr.log
 create mode 100644 docs/implementation/intake/G3/2026-10-09-jr13/joint-05/actors/logs/joint-05/jr13-all-IQS_08.stdout.log
 create mode 100644 docs/implementation/intake/G3/2026-10-09-jr13/joint-05/actors/logs/joint-05/jr13-all-IQS_09.process.json
 create mode 100644 docs/implementation/intake/G3/2026-10-09-jr13/joint-05/actors/logs/joint-05/jr13-all-IQS_09.response.json
 create mode 100644 docs/implementation/intake/G3/2026-10-09-jr13/joint-05/actors/logs/joint-05/jr13-all-IQS_09.stderr.log
 create mode 100644 docs/implementation/intake/G3/2026-10-09-jr13/joint-05/actors/logs/joint-05/jr13-all-IQS_09.stdout.log
 create mode 100644 docs/implementation/intake/G3/2026-10-09-jr13/joint-05/actors/logs/joint-05/jr13-all-IQS_10.process.json
 create mode 100644 docs/implementation/intake/G3/2026-10-09-jr13/joint-05/actors/logs/joint-05/jr13-all-IQS_10.response.json
 create mode 100644 docs/implementation/intake/G3/2026-10-09-jr13/joint-05/actors/logs/joint-05/jr13-all-IQS_10.stderr.log
 create mode 100644 docs/implementation/intake/G3/2026-10-09-jr13/joint-05/actors/logs/joint-05/jr13-all-IQS_10.stdout.log
 create mode 100644 docs/implementation/intake/G3/2026-10-09-jr13/joint-05/actors/logs/joint-05/jr13-all-IQS_12.process.json
 create mode 100644 docs/implementation/intake/G3/2026-10-09-jr13/joint-05/actors/logs/joint-05/jr13-all-IQS_12.response.json
 create mode 100644 docs/implementation/intake/G3/2026-10-09-jr13/joint-05/actors/logs/joint-05/jr13-all-IQS_12.stderr.log
 create mode 100644 docs/implementation/intake/G3/2026-10-09-jr13/joint-05/actors/logs/joint-05/jr13-all-IQS_12.stdout.log
 create mode 100644 docs/implementation/intake/G3/2026-10-09-jr13/joint-05/actors/logs/joint-05/jr13-all-IQS_13.process.json
 create mode 100644 docs/implementation/intake/G3/2026-10-09-jr13/joint-05/actors/logs/joint-05/jr13-all-IQS_13.response.json
 create mode 100644 docs/implementation/intake/G3/2026-10-09-jr13/joint-05/actors/logs/joint-05/jr13-all-IQS_13.stderr.log
 create mode 100644 docs/implementation/intake/G3/2026-10-09-jr13/joint-05/actors/logs/joint-05/jr13-all-IQS_13.stdout.log
 create mode 100644 docs/implementation/intake/G3/2026-10-09-jr13/joint-05/actors/logs/joint-05/jr13-all-IQS_14.process.json
 create mode 100644 docs/implementation/intake/G3/2026-10-09-jr13/joint-05/actors/logs/joint-05/jr13-all-IQS_14.response.json
 create mode 100644 docs/implementation/intake/G3/2026-10-09-jr13/joint-05/actors/logs/joint-05/jr13-all-IQS_14.stderr.log
 create mode 100644 docs/implementation/intake/G3/2026-10-09-jr13/joint-05/actors/logs/joint-05/jr13-all-IQS_14.stdout.log
 create mode 100644 docs/implementation/intake/G3/2026-10-09-jr13/joint-05/actors/logs/joint-05/jr13-all-IQS_15.process.json
 create mode 100644 docs/implementation/intake/G3/2026-10-09-jr13/joint-05/actors/logs/joint-05/jr13-all-IQS_15.response.json
 create mode 100644 docs/implementation/intake/G3/2026-10-09-jr13/joint-05/actors/logs/joint-05/jr13-all-IQS_15.stderr.log
 create mode 100644 docs/implementation/intake/G3/2026-10-09-jr13/joint-05/actors/logs/joint-05/jr13-all-IQS_15.stdout.log
 create mode 100644 docs/implementation/intake/G3/2026-10-09-jr13/joint-05/actors/logs/joint-05/jr13-all-IQS_16.process.json
 create mode 100644 docs/implementation/intake/G3/2026-10-09-jr13/joint-05/actors/logs/joint-05/jr13-all-IQS_16.response.json
 create mode 100644 docs/implementation/intake/G3/2026-10-09-jr13/joint-05/actors/logs/joint-05/jr13-all-IQS_16.stderr.log
 create mode 100644 docs/implementation/intake/G3/2026-10-09-jr13/joint-05/actors/logs/joint-05/jr13-all-IQS_16.stdout.log
 create mode 100644 docs/implementation/intake/G3/2026-10-09-jr13/joint-05/actors/logs/joint-05/jr13-all-IQS_17.process.json
 create mode 100644 docs/implementation/intake/G3/2026-10-09-jr13/joint-05/actors/logs/joint-05/jr13-all-IQS_17.response.json
 create mode 100644 docs/implementation/intake/G3/2026-10-09-jr13/joint-05/actors/logs/joint-05/jr13-all-IQS_17.stderr.log
 create mode 100644 docs/implementation/intake/G3/2026-10-09-jr13/joint-05/actors/logs/joint-05/jr13-all-IQS_17.stdout.log
 create mode 100644 docs/implementation/intake/G3/2026-10-09-jr13/joint-05/actors/logs/joint-05/jr13-all-IQS_18.process.json
 create mode 100644 docs/implementation/intake/G3/2026-10-09-jr13/joint-05/actors/logs/joint-05/jr13-all-IQS_18.response.json
 create mode 100644 docs/implementation/intake/G3/2026-10-09-jr13/joint-05/actors/logs/joint-05/jr13-all-IQS_18.stderr.log
 create mode 100644 docs/implementation/intake/G3/2026-10-09-jr13/joint-05/actors/logs/joint-05/jr13-all-IQS_18.stdout.log
 create mode 100644 docs/implementation/intake/G3/2026-10-09-jr13/joint-05/actors/logs/joint-05/jr13-all-IQS_19.process.json
 create mode 100644 docs/implementation/intake/G3/2026-10-09-jr13/joint-05/actors/logs/joint-05/jr13-all-IQS_19.response.json
 create mode 100644 docs/implementation/intake/G3/2026-10-09-jr13/joint-05/actors/logs/joint-05/jr13-all-IQS_19.stderr.log
 create mode 100644 docs/implementation/intake/G3/2026-10-09-jr13/joint-05/actors/logs/joint-05/jr13-all-IQS_19.stdout.log
 create mode 100644 docs/implementation/intake/G3/2026-10-09-jr13/joint-05/actors/logs/joint-05/jr13-all-IQS_20.process.json
 create mode 100644 docs/implementation/intake/G3/2026-10-09-jr13/joint-05/actors/logs/joint-05/jr13-all-IQS_20.response.json
 create mode 100644 docs/implementation/intake/G3/2026-10-09-jr13/joint-05/actors/logs/joint-05/jr13-all-IQS_20.stderr.log
 create mode 100644 docs/implementation/intake/G3/2026-10-09-jr13/joint-05/actors/logs/joint-05/jr13-all-IQS_20.stdout.log
 create mode 100644 docs/implementation/intake/G3/2026-10-09-jr13/joint-05/actors/logs/joint-05/jr13-all-IQS_21.process.json
 create mode 100644 docs/implementation/intake/G3/2026-10-09-jr13/joint-05/actors/logs/joint-05/jr13-all-IQS_21.response.json
 create mode 100644 docs/implementation/intake/G3/2026-10-09-jr13/joint-05/actors/logs/joint-05/jr13-all-IQS_21.stderr.log
 create mode 100644 docs/implementation/intake/G3/2026-10-09-jr13/joint-05/actors/logs/joint-05/jr13-all-IQS_21.stdout.log
 create mode 100644 docs/implementation/intake/G3/2026-10-09-jr13/joint-05/actors/logs/joint-05/jr13-all-IQS_22.process.json
 create mode 100644 docs/implementation/intake/G3/2026-10-09-jr13/joint-05/actors/logs/joint-05/jr13-all-IQS_22.response.json
 create mode 100644 docs/implementation/intake/G3/2026-10-09-jr13/joint-05/actors/logs/joint-05/jr13-all-IQS_22.stderr.log
 create mode 100644 docs/implementation/intake/G3/2026-10-09-jr13/joint-05/actors/logs/joint-05/jr13-all-IQS_22.stdout.log
 create mode 100644 docs/implementation/intake/G3/2026-10-09-jr13/joint-05/actors/logs/joint-05/jr13-all-IQS_23.process.json
 create mode 100644 docs/implementation/intake/G3/2026-10-09-jr13/joint-05/actors/logs/joint-05/jr13-all-IQS_23.response.json
 create mode 100644 docs/implementation/intake/G3/2026-10-09-jr13/joint-05/actors/logs/joint-05/jr13-all-IQS_23.stderr.log
 create mode 100644 docs/implementation/intake/G3/2026-10-09-jr13/joint-05/actors/logs/joint-05/jr13-all-IQS_23.stdout.log
 create mode 100644 docs/implementation/intake/G3/2026-10-09-jr13/joint-05/actors/logs/joint-05/jr13-all-IQS_24.process.json
 create mode 100644 docs/implementation/intake/G3/2026-10-09-jr13/joint-05/actors/logs/joint-05/jr13-all-IQS_24.response.json
 create mode 100644 docs/implementation/intake/G3/2026-10-09-jr13/joint-05/actors/logs/joint-05/jr13-all-IQS_24.stderr.log
 create mode 100644 docs/implementation/intake/G3/2026-10-09-jr13/joint-05/actors/logs/joint-05/jr13-all-IQS_24.stdout.log
 create mode 100644 docs/implementation/intake/G3/2026-10-09-jr13/joint-05/actors/logs/joint-05/jr13-all-MATURE_01.process.json
 create mode 100644 docs/implementation/intake/G3/2026-10-09-jr13/joint-05/actors/logs/joint-05/jr13-all-MATURE_01.response.json
 create mode 100644 docs/implementation/intake/G3/2026-10-09-jr13/joint-05/actors/logs/joint-05/jr13-all-MATURE_01.stderr.log
 create mode 100644 docs/implementation/intake/G3/2026-10-09-jr13/joint-05/actors/logs/joint-05/jr13-all-MATURE_01.stdout.log
 create mode 100644 docs/implementation/intake/G3/2026-10-09-jr13/joint-05/actors/logs/joint-05/jr13-all-MATURE_02.process.json
 create mode 100644 docs/implementation/intake/G3/2026-10-09-jr13/joint-05/actors/logs/joint-05/jr13-all-MATURE_02.response.json
 create mode 100644 docs/implementation/intake/G3/2026-10-09-jr13/joint-05/actors/logs/joint-05/jr13-all-MATURE_02.stderr.log
 create mode 100644 docs/implementation/intake/G3/2026-10-09-jr13/joint-05/actors/logs/joint-05/jr13-all-MATURE_02.stdout.log
 create mode 100644 docs/implementation/intake/G3/2026-10-09-jr13/joint-05/actors/logs/joint-05/jr13-all-OPERATING_01.process.json
 create mode 100644 docs/implementation/intake/G3/2026-10-09-jr13/joint-05/actors/logs/joint-05/jr13-all-OPERATING_01.response.json
 create mode 100644 docs/implementation/intake/G3/2026-10-09-jr13/joint-05/actors/logs/joint-05/jr13-all-OPERATING_01.stderr.log
 create mode 100644 docs/implementation/intake/G3/2026-10-09-jr13/joint-05/actors/logs/joint-05/jr13-all-OPERATING_01.stdout.log
 create mode 100644 docs/implementation/intake/G3/2026-10-09-jr13/joint-05/actors/logs/joint-05/jr13-all-OPERATING_02.process.json
 create mode 100644 docs/implementation/intake/G3/2026-10-09-jr13/joint-05/actors/logs/joint-05/jr13-all-OPERATING_02.response.json
 create mode 100644 docs/implementation/intake/G3/2026-10-09-jr13/joint-05/actors/logs/joint-05/jr13-all-OPERATING_02.stderr.log
 create mode 100644 docs/implementation/intake/G3/2026-10-09-jr13/joint-05/actors/logs/joint-05/jr13-all-OPERATING_02.stdout.log
 create mode 100644 docs/implementation/intake/G3/2026-10-09-jr13/joint-05/actors/logs/joint-05/jr13-all-rows.process.json
 create mode 100644 docs/implementation/intake/G3/2026-10-09-jr13/joint-05/actors/logs/joint-05/jr13-all-rows.response.json
 create mode 100644 docs/implementation/intake/G3/2026-10-09-jr13/joint-05/actors/logs/joint-05/jr13-all-rows.stderr.log
 create mode 100644 docs/implementation/intake/G3/2026-10-09-jr13/joint-05/actors/logs/joint-05/jr13-all-rows.stdout.log
 create mode 100644 docs/implementation/intake/G3/2026-10-09-jr13/joint-05/actors/logs/joint-05/jr13-begin-IQS_01.process.json
 create mode 100644 docs/implementation/intake/G3/2026-10-09-jr13/joint-05/actors/logs/joint-05/jr13-begin-IQS_01.response.json
 create mode 100644 docs/implementation/intake/G3/2026-10-09-jr13/joint-05/actors/logs/joint-05/jr13-begin-IQS_01.stderr.log
 create mode 100644 docs/implementation/intake/G3/2026-10-09-jr13/joint-05/actors/logs/joint-05/jr13-begin-IQS_01.stdout.log
 create mode 100644 docs/implementation/intake/G3/2026-10-09-jr13/joint-05/actors/logs/joint-05/jr13-begin-IQS_06.process.json
 create mode 100644 docs/implementation/intake/G3/2026-10-09-jr13/joint-05/actors/logs/joint-05/jr13-begin-IQS_06.response.json
 create mode 100644 docs/implementation/intake/G3/2026-10-09-jr13/joint-05/actors/logs/joint-05/jr13-begin-IQS_06.stderr.log
 create mode 100644 docs/implementation/intake/G3/2026-10-09-jr13/joint-05/actors/logs/joint-05/jr13-begin-IQS_06.stdout.log
 create mode 100644 docs/implementation/intake/G3/2026-10-09-jr13/joint-05/actors/logs/joint-05/jr13-bind-IQS_01.process.json
 create mode 100644 docs/implementation/intake/G3/2026-10-09-jr13/joint-05/actors/logs/joint-05/jr13-bind-IQS_01.response.json
 create mode 100644 docs/implementation/intake/G3/2026-10-09-jr13/joint-05/actors/logs/joint-05/jr13-bind-IQS_01.stderr.log
 create mode 100644 docs/implementation/intake/G3/2026-10-09-jr13/joint-05/actors/logs/joint-05/jr13-bind-IQS_01.stdout.log
 create mode 100644 docs/implementation/intake/G3/2026-10-09-jr13/joint-05/actors/logs/joint-05/jr13-bind-IQS_06.process.json
 create mode 100644 docs/implementation/intake/G3/2026-10-09-jr13/joint-05/actors/logs/joint-05/jr13-bind-IQS_06.response.json
 create mode 100644 docs/implementation/intake/G3/2026-10-09-jr13/joint-05/actors/logs/joint-05/jr13-bind-IQS_06.stderr.log
 create mode 100644 docs/implementation/intake/G3/2026-10-09-jr13/joint-05/actors/logs/joint-05/jr13-bind-IQS_06.stdout.log
 create mode 100644 docs/implementation/intake/G3/2026-10-09-jr13/joint-05/actors/logs/joint-05/jr13-cold.process.json
 create mode 100644 docs/implementation/intake/G3/2026-10-09-jr13/joint-05/actors/logs/joint-05/jr13-cold.response.json
 create mode 100644 docs/implementation/intake/G3/2026-10-09-jr13/joint-05/actors/logs/joint-05/jr13-cold.stderr.log
 create mode 100644 docs/implementation/intake/G3/2026-10-09-jr13/joint-05/actors/logs/joint-05/jr13-cold.stdout.log
 create mode 100644 docs/implementation/intake/G3/2026-10-09-jr13/joint-05/actors/logs/joint-05/jr13-receiver.process.json
 create mode 100644 docs/implementation/intake/G3/2026-10-09-jr13/joint-05/actors/logs/joint-05/jr13-receiver.response.json
 create mode 100644 docs/implementation/intake/G3/2026-10-09-jr13/joint-05/actors/logs/joint-05/jr13-receiver.stderr.log
 create mode 100644 docs/implementation/intake/G3/2026-10-09-jr13/joint-05/actors/logs/joint-05/jr13-receiver.stdout.log
 create mode 100644 docs/implementation/intake/G3/2026-10-09-jr13/joint-05/actors/logs/joint-05/jr13-seed.process.json
 create mode 100644 docs/implementation/intake/G3/2026-10-09-jr13/joint-05/actors/logs/joint-05/jr13-seed.response.json
 create mode 100644 docs/implementation/intake/G3/2026-10-09-jr13/joint-05/actors/logs/joint-05/jr13-seed.stderr.log
 create mode 100644 docs/implementation/intake/G3/2026-10-09-jr13/joint-05/actors/logs/joint-05/jr13-seed.stdout.log
 create mode 100644 docs/implementation/intake/G3/2026-10-09-jr13/joint-05/actors/logs/joint-05/jr13-unbound-after.process.json
 create mode 100644 docs/implementation/intake/G3/2026-10-09-jr13/joint-05/actors/logs/joint-05/jr13-unbound-after.response.json
 create mode 100644 docs/implementation/intake/G3/2026-10-09-jr13/joint-05/actors/logs/joint-05/jr13-unbound-after.stderr.log
 create mode 100644 docs/implementation/intake/G3/2026-10-09-jr13/joint-05/actors/logs/joint-05/jr13-unbound-after.stdout.log
 create mode 100644 docs/implementation/intake/G3/2026-10-09-jr13/joint-05/actors/logs/joint-05/jr13-unbound-before.process.json
 create mode 100644 docs/implementation/intake/G3/2026-10-09-jr13/joint-05/actors/logs/joint-05/jr13-unbound-before.response.json
 create mode 100644 docs/implementation/intake/G3/2026-10-09-jr13/joint-05/actors/logs/joint-05/jr13-unbound-before.stderr.log
 create mode 100644 docs/implementation/intake/G3/2026-10-09-jr13/joint-05/actors/logs/joint-05/jr13-unbound-before.stdout.log
 create mode 100644 docs/implementation/intake/G3/2026-10-09-jr13/joint-05/actors/logs/joint-05/jr13-unbound-begin.process.json
 create mode 100644 docs/implementation/intake/G3/2026-10-09-jr13/joint-05/actors/logs/joint-05/jr13-unbound-begin.stderr.log
 create mode 100644 docs/implementation/intake/G3/2026-10-09-jr13/joint-05/actors/logs/joint-05/jr13-unbound-begin.stdout.log
 create mode 100644 docs/implementation/intake/G3/2026-10-09-jr13/joint-05/junit.xml
 create mode 100644 docs/implementation/intake/G3/2026-10-09-jr13/joint-05/key-opens.jsonl
 create mode 100644 docs/implementation/intake/G3/2026-10-09-jr13/joint-05/process.json
 create mode 100644 docs/implementation/intake/G3/2026-10-09-jr13/joint-05/source-before.json
 create mode 100644 docs/implementation/intake/G3/2026-10-09-jr13/joint-05/stderr.log
 create mode 100644 docs/implementation/intake/G3/2026-10-09-jr13/joint-05/stdout.log
 create mode 100644 docs/implementation/intake/G3/2026-10-09-jr13/joint-06/actors/cases/joint-06/a-selected/cold.stderr.log
 create mode 100644 docs/implementation/intake/G3/2026-10-09-jr13/joint-06/actors/cases/joint-06/a-selected/cold.stdout.log
 create mode 100644 docs/implementation/intake/G3/2026-10-09-jr13/joint-06/actors/cases/joint-06/a-selected/http-stub-sends.jsonl
 create mode 100644 docs/implementation/intake/G3/2026-10-09-jr13/joint-06/actors/cases/joint-06/a-selected/key-opens.jsonl
 create mode 100644 docs/implementation/intake/G3/2026-10-09-jr13/joint-06/actors/cases/joint-06/a-selected/logs/stock_qa_20261009.log
 create mode 100644 docs/implementation/intake/G3/2026-10-09-jr13/joint-06/actors/cases/joint-06/a-selected/seal.stderr.log
 create mode 100644 docs/implementation/intake/G3/2026-10-09-jr13/joint-06/actors/cases/joint-06/a-selected/seal.stdout.log
 create mode 100644 docs/implementation/intake/G3/2026-10-09-jr13/joint-06/actors/cases/joint-06/a-selected/warm.stderr.log
 create mode 100644 docs/implementation/intake/G3/2026-10-09-jr13/joint-06/actors/cases/joint-06/a-selected/warm.stdout.log
 create mode 100644 docs/implementation/intake/G3/2026-10-09-jr13/joint-06/actors/cases/joint-06/b/cold.stderr.log
 create mode 100644 docs/implementation/intake/G3/2026-10-09-jr13/joint-06/actors/cases/joint-06/b/cold.stdout.log
 create mode 100644 docs/implementation/intake/G3/2026-10-09-jr13/joint-06/actors/cases/joint-06/b/http-stub-sends.jsonl
 create mode 100644 docs/implementation/intake/G3/2026-10-09-jr13/joint-06/actors/cases/joint-06/b/key-opens.jsonl
 create mode 100644 docs/implementation/intake/G3/2026-10-09-jr13/joint-06/actors/cases/joint-06/b/logs/stock_qa_20261009.log
 create mode 100644 docs/implementation/intake/G3/2026-10-09-jr13/joint-06/actors/cases/joint-06/entrybad/cold.stderr.log
 create mode 100644 docs/implementation/intake/G3/2026-10-09-jr13/joint-06/actors/cases/joint-06/entrybad/cold.stdout.log
 create mode 100644 docs/implementation/intake/G3/2026-10-09-jr13/joint-06/actors/cases/joint-06/entrybad/logs/stock_qa_20261009.log
 create mode 100644 docs/implementation/intake/G3/2026-10-09-jr13/joint-06/actors/cases/joint-06/j02-release.request.json
 create mode 100644 docs/implementation/intake/G3/2026-10-09-jr13/joint-06/actors/cases/joint-06/j02-release.response.json
 create mode 100644 docs/implementation/intake/G3/2026-10-09-jr13/joint-06/actors/cases/joint-06/j02-rows.request.json
 create mode 100644 docs/implementation/intake/G3/2026-10-09-jr13/joint-06/actors/cases/joint-06/j02-rows.response.json
 create mode 100644 docs/implementation/intake/G3/2026-10-09-jr13/joint-06/actors/cases/joint-06/j02-seed.request.json
 create mode 100644 docs/implementation/intake/G3/2026-10-09-jr13/joint-06/actors/cases/joint-06/j02-seed.response.json
 create mode 100644 docs/implementation/intake/G3/2026-10-09-jr13/joint-06/actors/cases/joint-06/j02-wrong-entry.request.json
 create mode 100644 docs/implementation/intake/G3/2026-10-09-jr13/joint-06/actors/cases/joint-06/j02-wrong-entry.response.json
 create mode 100644 docs/implementation/intake/G3/2026-10-09-jr13/joint-06/actors/cases/joint-06/j03-independent-cold.request.json
 create mode 100644 docs/implementation/intake/G3/2026-10-09-jr13/joint-06/actors/cases/joint-06/j03-independent-cold.response.json
 create mode 100644 docs/implementation/intake/G3/2026-10-09-jr13/joint-06/actors/cases/joint-06/j03-replay.request.json
 create mode 100644 docs/implementation/intake/G3/2026-10-09-jr13/joint-06/actors/cases/joint-06/j03-replay.response.json
 create mode 100644 docs/implementation/intake/G3/2026-10-09-jr13/joint-06/actors/cases/joint-06/j04-duplicate.request.json
 create mode 100644 docs/implementation/intake/G3/2026-10-09-jr13/joint-06/actors/cases/joint-06/j04-duplicate.response.json
 create mode 100644 docs/implementation/intake/G3/2026-10-09-jr13/joint-06/actors/cases/joint-06/j04-rows.request.json
 create mode 100644 docs/implementation/intake/G3/2026-10-09-jr13/joint-06/actors/cases/joint-06/j04-rows.response.json
 create mode 100644 docs/implementation/intake/G3/2026-10-09-jr13/joint-06/actors/cases/joint-06/j04-seed.request.json
 create mode 100644 docs/implementation/intake/G3/2026-10-09-jr13/joint-06/actors/cases/joint-06/j04-seed.response.json
 create mode 100644 docs/implementation/intake/G3/2026-10-09-jr13/joint-06/actors/cases/joint-06/j05-empty-identity.request.json
 create mode 100644 docs/implementation/intake/G3/2026-10-09-jr13/joint-06/actors/cases/joint-06/j05-empty-identity.response.json
 create mode 100644 docs/implementation/intake/G3/2026-10-09-jr13/joint-06/actors/cases/joint-06/j05-entity.request.json
 create mode 100644 docs/implementation/intake/G3/2026-10-09-jr13/joint-06/actors/cases/joint-06/j05-entity.response.json
 create mode 100644 docs/implementation/intake/G3/2026-10-09-jr13/joint-06/actors/cases/joint-06/j05-hash.request.json
 create mode 100644 docs/implementation/intake/G3/2026-10-09-jr13/joint-06/actors/cases/joint-06/j05-hash.response.json
 create mode 100644 docs/implementation/intake/G3/2026-10-09-jr13/joint-06/actors/cases/joint-06/j06-ack-again.request.json
 create mode 100644 docs/implementation/intake/G3/2026-10-09-jr13/joint-06/actors/cases/joint-06/j06-ack-again.response.json
 create mode 100644 docs/implementation/intake/G3/2026-10-09-jr13/joint-06/actors/cases/joint-06/j06-ack-apply.request.json
 create mode 100644 docs/implementation/intake/G3/2026-10-09-jr13/joint-06/actors/cases/joint-06/j06-ack-apply.response.json
 create mode 100644 docs/implementation/intake/G3/2026-10-09-jr13/joint-06/actors/cases/joint-06/j06-ack-read.request.json
 create mode 100644 docs/implementation/intake/G3/2026-10-09-jr13/joint-06/actors/cases/joint-06/j06-ack-read.response.json
 create mode 100644 docs/implementation/intake/G3/2026-10-09-jr13/joint-06/actors/cases/joint-06/j06-before.request.json
 create mode 100644 docs/implementation/intake/G3/2026-10-09-jr13/joint-06/actors/cases/joint-06/j06-before.response.json
 create mode 100644 docs/implementation/intake/G3/2026-10-09-jr13/joint-06/actors/cases/joint-06/j07-key-item_id.request.json
 create mode 100644 docs/implementation/intake/G3/2026-10-09-jr13/joint-06/actors/cases/joint-06/j07-key-item_id.response.json
 create mode 100644 docs/implementation/intake/G3/2026-10-09-jr13/joint-06/actors/cases/joint-06/j07-key-namespace.request.json
 create mode 100644 docs/implementation/intake/G3/2026-10-09-jr13/joint-06/actors/cases/joint-06/j07-key-namespace.response.json
 create mode 100644 docs/implementation/intake/G3/2026-10-09-jr13/joint-06/actors/cases/joint-06/j07-key-observation_id.request.json
 create mode 100644 docs/implementation/intake/G3/2026-10-09-jr13/joint-06/actors/cases/joint-06/j07-key-observation_id.response.json
 create mode 100644 docs/implementation/intake/G3/2026-10-09-jr13/joint-06/actors/cases/joint-06/j07-key-package_id.request.json
 create mode 100644 docs/implementation/intake/G3/2026-10-09-jr13/joint-06/actors/cases/joint-06/j07-key-package_id.response.json
 create mode 100644 docs/implementation/intake/G3/2026-10-09-jr13/joint-06/actors/cases/joint-06/j07-key-payload_sha256.request.json
 create mode 100644 docs/implementation/intake/G3/2026-10-09-jr13/joint-06/actors/cases/joint-06/j07-key-payload_sha256.response.json
 create mode 100644 docs/implementation/intake/G3/2026-10-09-jr13/joint-06/actors/cases/joint-06/j07-wrong-store.request.json
 create mode 100644 docs/implementation/intake/G3/2026-10-09-jr13/joint-06/actors/cases/joint-06/j07-wrong-store.response.json
 create mode 100644 docs/implementation/intake/G3/2026-10-09-jr13/joint-06/actors/cases/joint-06/j08-upgrade.request.json
 create mode 100644 docs/implementation/intake/G3/2026-10-09-jr13/joint-06/actors/cases/joint-06/j08-upgrade.response.json
 create mode 100644 docs/implementation/intake/G3/2026-10-09-jr13/joint-06/actors/cases/joint-06/j09-before.request.json
 create mode 100644 docs/implementation/intake/G3/2026-10-09-jr13/joint-06/actors/cases/joint-06/j09-before.response.json
 create mode 100644 docs/implementation/intake/G3/2026-10-09-jr13/joint-06/actors/cases/joint-06/j09-seal.request.json
 create mode 100644 docs/implementation/intake/G3/2026-10-09-jr13/joint-06/actors/cases/joint-06/j09-seal.response.json
 create mode 100644 docs/implementation/intake/G3/2026-10-09-jr13/joint-06/actors/cases/joint-06/j09-warm.request.json
 create mode 100644 docs/implementation/intake/G3/2026-10-09-jr13/joint-06/actors/cases/joint-06/j09-warm.response.json
 create mode 100644 docs/implementation/intake/G3/2026-10-09-jr13/joint-06/actors/cases/joint-06/j10-after.request.json
 create mode 100644 docs/implementation/intake/G3/2026-10-09-jr13/joint-06/actors/cases/joint-06/j10-after.response.json
 create mode 100644 docs/implementation/intake/G3/2026-10-09-jr13/joint-06/actors/cases/joint-06/j10-backup.request.json
 create mode 100644 docs/implementation/intake/G3/2026-10-09-jr13/joint-06/actors/cases/joint-06/j10-backup.response.json
 create mode 100644 docs/implementation/intake/G3/2026-10-09-jr13/joint-06/actors/cases/joint-06/j10-before.request.json
 create mode 100644 docs/implementation/intake/G3/2026-10-09-jr13/joint-06/actors/cases/joint-06/j10-before.response.json
 create mode 100644 docs/implementation/intake/G3/2026-10-09-jr13/joint-06/actors/cases/joint-06/j10-nonempty-refused.request.json
 create mode 100644 docs/implementation/intake/G3/2026-10-09-jr13/joint-06/actors/cases/joint-06/j10-nonempty-refused.response.json
 create mode 100644 docs/implementation/intake/G3/2026-10-09-jr13/joint-06/actors/cases/joint-06/j10-restore.request.json
 create mode 100644 docs/implementation/intake/G3/2026-10-09-jr13/joint-06/actors/cases/joint-06/j10-restore.response.json
 create mode 100644 docs/implementation/intake/G3/2026-10-09-jr13/joint-06/actors/cases/joint-06/j10-source-unchanged.request.json
 create mode 100644 docs/implementation/intake/G3/2026-10-09-jr13/joint-06/actors/cases/joint-06/j10-source-unchanged.response.json
 create mode 100644 docs/implementation/intake/G3/2026-10-09-jr13/joint-06/actors/cases/joint-06/j10-verify.request.json
 create mode 100644 docs/implementation/intake/G3/2026-10-09-jr13/joint-06/actors/cases/joint-06/j10-verify.response.json
 create mode 100644 docs/implementation/intake/G3/2026-10-09-jr13/joint-06/actors/cases/joint-06/j11-import-second.request.json
 create mode 100644 docs/implementation/intake/G3/2026-10-09-jr13/joint-06/actors/cases/joint-06/j11-import-second.response.json
 create mode 100644 docs/implementation/intake/G3/2026-10-09-jr13/joint-06/actors/cases/joint-06/j11-query.request.json
 create mode 100644 docs/implementation/intake/G3/2026-10-09-jr13/joint-06/actors/cases/joint-06/j11-query.response.json
 create mode 100644 docs/implementation/intake/G3/2026-10-09-jr13/joint-06/actors/cases/joint-06/j12-query.request.json
 create mode 100644 docs/implementation/intake/G3/2026-10-09-jr13/joint-06/actors/cases/joint-06/j12-query.response.json
 create mode 100644 docs/implementation/intake/G3/2026-10-09-jr13/joint-06/actors/cases/joint-06/j13-before.request.json
 create mode 100644 docs/implementation/intake/G3/2026-10-09-jr13/joint-06/actors/cases/joint-06/j13-before.response.json
 create mode 100644 docs/implementation/intake/G3/2026-10-09-jr13/joint-06/actors/cases/joint-06/j13-seal.request.json
 create mode 100644 docs/implementation/intake/G3/2026-10-09-jr13/joint-06/actors/cases/joint-06/j13-seal.response.json
 create mode 100644 docs/implementation/intake/G3/2026-10-09-jr13/joint-06/actors/cases/joint-06/j13-warm.request.json
 create mode 100644 docs/implementation/intake/G3/2026-10-09-jr13/joint-06/actors/cases/joint-06/j13-warm.response.json
 create mode 100644 docs/implementation/intake/G3/2026-10-09-jr13/joint-06/actors/cases/joint-06/jr13-all-CROSS_BORDER_01.request.json
 create mode 100644 docs/implementation/intake/G3/2026-10-09-jr13/joint-06/actors/cases/joint-06/jr13-all-CROSS_BORDER_01.response.json
 create mode 100644 docs/implementation/intake/G3/2026-10-09-jr13/joint-06/actors/cases/joint-06/jr13-all-CYCLICAL_01.request.json
 create mode 100644 docs/implementation/intake/G3/2026-10-09-jr13/joint-06/actors/cases/joint-06/jr13-all-CYCLICAL_01.response.json
 create mode 100644 docs/implementation/intake/G3/2026-10-09-jr13/joint-06/actors/cases/joint-06/jr13-all-CYCLICAL_02.request.json
 create mode 100644 docs/implementation/intake/G3/2026-10-09-jr13/joint-06/actors/cases/joint-06/jr13-all-CYCLICAL_02.response.json
 create mode 100644 docs/implementation/intake/G3/2026-10-09-jr13/joint-06/actors/cases/joint-06/jr13-all-INDUSTRIAL_01.request.json
 create mode 100644 docs/implementation/intake/G3/2026-10-09-jr13/joint-06/actors/cases/joint-06/jr13-all-INDUSTRIAL_01.response.json
 create mode 100644 docs/implementation/intake/G3/2026-10-09-jr13/joint-06/actors/cases/joint-06/jr13-all-INDUSTRIAL_02.request.json
 create mode 100644 docs/implementation/intake/G3/2026-10-09-jr13/joint-06/actors/cases/joint-06/jr13-all-INDUSTRIAL_02.response.json
 create mode 100644 docs/implementation/intake/G3/2026-10-09-jr13/joint-06/actors/cases/joint-06/jr13-all-IQS_01.request.json
 create mode 100644 docs/implementation/intake/G3/2026-10-09-jr13/joint-06/actors/cases/joint-06/jr13-all-IQS_01.response.json
 create mode 100644 docs/implementation/intake/G3/2026-10-09-jr13/joint-06/actors/cases/joint-06/jr13-all-IQS_02.request.json
 create mode 100644 docs/implementation/intake/G3/2026-10-09-jr13/joint-06/actors/cases/joint-06/jr13-all-IQS_02.response.json
 create mode 100644 docs/implementation/intake/G3/2026-10-09-jr13/joint-06/actors/cases/joint-06/jr13-all-IQS_04.request.json
 create mode 100644 docs/implementation/intake/G3/2026-10-09-jr13/joint-06/actors/cases/joint-06/jr13-all-IQS_04.response.json
 create mode 100644 docs/implementation/intake/G3/2026-10-09-jr13/joint-06/actors/cases/joint-06/jr13-all-IQS_05.request.json
 create mode 100644 docs/implementation/intake/G3/2026-10-09-jr13/joint-06/actors/cases/joint-06/jr13-all-IQS_05.response.json
 create mode 100644 docs/implementation/intake/G3/2026-10-09-jr13/joint-06/actors/cases/joint-06/jr13-all-IQS_06.request.json
 create mode 100644 docs/implementation/intake/G3/2026-10-09-jr13/joint-06/actors/cases/joint-06/jr13-all-IQS_06.response.json
 create mode 100644 docs/implementation/intake/G3/2026-10-09-jr13/joint-06/actors/cases/joint-06/jr13-all-IQS_07.request.json
 create mode 100644 docs/implementation/intake/G3/2026-10-09-jr13/joint-06/actors/cases/joint-06/jr13-all-IQS_07.response.json
 create mode 100644 docs/implementation/intake/G3/2026-10-09-jr13/joint-06/actors/cases/joint-06/jr13-all-IQS_08.request.json
 create mode 100644 docs/implementation/intake/G3/2026-10-09-jr13/joint-06/actors/cases/joint-06/jr13-all-IQS_08.response.json
 create mode 100644 docs/implementation/intake/G3/2026-10-09-jr13/joint-06/actors/cases/joint-06/jr13-all-IQS_09.request.json
 create mode 100644 docs/implementation/intake/G3/2026-10-09-jr13/joint-06/actors/cases/joint-06/jr13-all-IQS_09.response.json
 create mode 100644 docs/implementation/intake/G3/2026-10-09-jr13/joint-06/actors/cases/joint-06/jr13-all-IQS_10.request.json
 create mode 100644 docs/implementation/intake/G3/2026-10-09-jr13/joint-06/actors/cases/joint-06/jr13-all-IQS_10.response.json
 create mode 100644 docs/implementation/intake/G3/2026-10-09-jr13/joint-06/actors/cases/joint-06/jr13-all-IQS_12.request.json
 create mode 100644 docs/implementation/intake/G3/2026-10-09-jr13/joint-06/actors/cases/joint-06/jr13-all-IQS_12.response.json
 create mode 100644 docs/implementation/intake/G3/2026-10-09-jr13/joint-06/actors/cases/joint-06/jr13-all-IQS_13.request.json
 create mode 100644 docs/implementation/intake/G3/2026-10-09-jr13/joint-06/actors/cases/joint-06/jr13-all-IQS_13.response.json
 create mode 100644 docs/implementation/intake/G3/2026-10-09-jr13/joint-06/actors/cases/joint-06/jr13-all-IQS_14.request.json
 create mode 100644 docs/implementation/intake/G3/2026-10-09-jr13/joint-06/actors/cases/joint-06/jr13-all-IQS_14.response.json
 create mode 100644 docs/implementation/intake/G3/2026-10-09-jr13/joint-06/actors/cases/joint-06/jr13-all-IQS_15.request.json
 create mode 100644 docs/implementation/intake/G3/2026-10-09-jr13/joint-06/actors/cases/joint-06/jr13-all-IQS_15.response.json
 create mode 100644 docs/implementation/intake/G3/2026-10-09-jr13/joint-06/actors/cases/joint-06/jr13-all-IQS_16.request.json
 create mode 100644 docs/implementation/intake/G3/2026-10-09-jr13/joint-06/actors/cases/joint-06/jr13-all-IQS_16.response.json
 create mode 100644 docs/implementation/intake/G3/2026-10-09-jr13/joint-06/actors/cases/joint-06/jr13-all-IQS_17.request.json
 create mode 100644 docs/implementation/intake/G3/2026-10-09-jr13/joint-06/actors/cases/joint-06/jr13-all-IQS_17.response.json
 create mode 100644 docs/implementation/intake/G3/2026-10-09-jr13/joint-06/actors/cases/joint-06/jr13-all-IQS_18.request.json
 create mode 100644 docs/implementation/intake/G3/2026-10-09-jr13/joint-06/actors/cases/joint-06/jr13-all-IQS_18.response.json
 create mode 100644 docs/implementation/intake/G3/2026-10-09-jr13/joint-06/actors/cases/joint-06/jr13-all-IQS_19.request.json
 create mode 100644 docs/implementation/intake/G3/2026-10-09-jr13/joint-06/actors/cases/joint-06/jr13-all-IQS_19.response.json
 create mode 100644 docs/implementation/intake/G3/2026-10-09-jr13/joint-06/actors/cases/joint-06/jr13-all-IQS_20.request.json
 create mode 100644 docs/implementation/intake/G3/2026-10-09-jr13/joint-06/actors/cases/joint-06/jr13-all-IQS_20.response.json
 create mode 100644 docs/implementation/intake/G3/2026-10-09-jr13/joint-06/actors/cases/joint-06/jr13-all-IQS_21.request.json
 create mode 100644 docs/implementation/intake/G3/2026-10-09-jr13/joint-06/actors/cases/joint-06/jr13-all-IQS_21.response.json
 create mode 100644 docs/implementation/intake/G3/2026-10-09-jr13/joint-06/actors/cases/joint-06/jr13-all-IQS_22.request.json
 create mode 100644 docs/implementation/intake/G3/2026-10-09-jr13/joint-06/actors/cases/joint-06/jr13-all-IQS_22.response.json
 create mode 100644 docs/implementation/intake/G3/2026-10-09-jr13/joint-06/actors/cases/joint-06/jr13-all-IQS_23.request.json
 create mode 100644 docs/implementation/intake/G3/2026-10-09-jr13/joint-06/actors/cases/joint-06/jr13-all-IQS_23.response.json
 create mode 100644 docs/implementation/intake/G3/2026-10-09-jr13/joint-06/actors/cases/joint-06/jr13-all-IQS_24.request.json
 create mode 100644 docs/implementation/intake/G3/2026-10-09-jr13/joint-06/actors/cases/joint-06/jr13-all-IQS_24.response.json
 create mode 100644 docs/implementation/intake/G3/2026-10-09-jr13/joint-06/actors/cases/joint-06/jr13-all-MATURE_01.request.json
 create mode 100644 docs/implementation/intake/G3/2026-10-09-jr13/joint-06/actors/cases/joint-06/jr13-all-MATURE_01.response.json
 create mode 100644 docs/implementation/intake/G3/2026-10-09-jr13/joint-06/actors/cases/joint-06/jr13-all-MATURE_02.request.json
 create mode 100644 docs/implementation/intake/G3/2026-10-09-jr13/joint-06/actors/cases/joint-06/jr13-all-MATURE_02.response.json
 create mode 100644 docs/implementation/intake/G3/2026-10-09-jr13/joint-06/actors/cases/joint-06/jr13-all-OPERATING_01.request.json
 create mode 100644 docs/implementation/intake/G3/2026-10-09-jr13/joint-06/actors/cases/joint-06/jr13-all-OPERATING_01.response.json
 create mode 100644 docs/implementation/intake/G3/2026-10-09-jr13/joint-06/actors/cases/joint-06/jr13-all-OPERATING_02.request.json
 create mode 100644 docs/implementation/intake/G3/2026-10-09-jr13/joint-06/actors/cases/joint-06/jr13-all-OPERATING_02.response.json
 create mode 100644 docs/implementation/intake/G3/2026-10-09-jr13/joint-06/actors/cases/joint-06/jr13-all-rows.request.json
 create mode 100644 docs/implementation/intake/G3/2026-10-09-jr13/joint-06/actors/cases/joint-06/jr13-all-rows.response.json
 create mode 100644 docs/implementation/intake/G3/2026-10-09-jr13/joint-06/actors/cases/joint-06/jr13-begin-IQS_01.request.json
 create mode 100644 docs/implementation/intake/G3/2026-10-09-jr13/joint-06/actors/cases/joint-06/jr13-begin-IQS_01.response.json
 create mode 100644 docs/implementation/intake/G3/2026-10-09-jr13/joint-06/actors/cases/joint-06/jr13-begin-IQS_06.request.json
 create mode 100644 docs/implementation/intake/G3/2026-10-09-jr13/joint-06/actors/cases/joint-06/jr13-begin-IQS_06.response.json
 create mode 100644 docs/implementation/intake/G3/2026-10-09-jr13/joint-06/actors/cases/joint-06/jr13-bind-IQS_01.request.json
 create mode 100644 docs/implementation/intake/G3/2026-10-09-jr13/joint-06/actors/cases/joint-06/jr13-bind-IQS_01.response.json
 create mode 100644 docs/implementation/intake/G3/2026-10-09-jr13/joint-06/actors/cases/joint-06/jr13-bind-IQS_06.request.json
 create mode 100644 docs/implementation/intake/G3/2026-10-09-jr13/joint-06/actors/cases/joint-06/jr13-bind-IQS_06.response.json
 create mode 100644 docs/implementation/intake/G3/2026-10-09-jr13/joint-06/actors/cases/joint-06/jr13-cold.request.json
 create mode 100644 docs/implementation/intake/G3/2026-10-09-jr13/joint-06/actors/cases/joint-06/jr13-cold.response.json
 create mode 100644 docs/implementation/intake/G3/2026-10-09-jr13/joint-06/actors/cases/joint-06/jr13-receiver.request.json
 create mode 100644 docs/implementation/intake/G3/2026-10-09-jr13/joint-06/actors/cases/joint-06/jr13-receiver.response.json
 create mode 100644 docs/implementation/intake/G3/2026-10-09-jr13/joint-06/actors/cases/joint-06/jr13-seed.request.json
 create mode 100644 docs/implementation/intake/G3/2026-10-09-jr13/joint-06/actors/cases/joint-06/jr13-seed.response.json
 create mode 100644 docs/implementation/intake/G3/2026-10-09-jr13/joint-06/actors/cases/joint-06/jr13-unbound-after.request.json
 create mode 100644 docs/implementation/intake/G3/2026-10-09-jr13/joint-06/actors/cases/joint-06/jr13-unbound-after.response.json
 create mode 100644 docs/implementation/intake/G3/2026-10-09-jr13/joint-06/actors/cases/joint-06/jr13-unbound-before.request.json
 create mode 100644 docs/implementation/intake/G3/2026-10-09-jr13/joint-06/actors/cases/joint-06/jr13-unbound-before.response.json
 create mode 100644 docs/implementation/intake/G3/2026-10-09-jr13/joint-06/actors/cases/joint-06/jr13-unbound-begin.request.json
 create mode 100644 docs/implementation/intake/G3/2026-10-09-jr13/joint-06/actors/logs/joint-06/j02-release.process.json
 create mode 100644 docs/implementation/intake/G3/2026-10-09-jr13/joint-06/actors/logs/joint-06/j02-release.response.json
 create mode 100644 docs/implementation/intake/G3/2026-10-09-jr13/joint-06/actors/logs/joint-06/j02-release.stderr.log
 create mode 100644 docs/implementation/intake/G3/2026-10-09-jr13/joint-06/actors/logs/joint-06/j02-release.stdout.log
 create mode 100644 docs/implementation/intake/G3/2026-10-09-jr13/joint-06/actors/logs/joint-06/j02-rows.process.json
 create mode 100644 docs/implementation/intake/G3/2026-10-09-jr13/joint-06/actors/logs/joint-06/j02-rows.response.json
 create mode 100644 docs/implementation/intake/G3/2026-10-09-jr13/joint-06/actors/logs/joint-06/j02-rows.stderr.log
 create mode 100644 docs/implementation/intake/G3/2026-10-09-jr13/joint-06/actors/logs/joint-06/j02-rows.stdout.log
 create mode 100644 docs/implementation/intake/G3/2026-10-09-jr13/joint-06/actors/logs/joint-06/j02-seed.process.json
 create mode 100644 docs/implementation/intake/G3/2026-10-09-jr13/joint-06/actors/logs/joint-06/j02-seed.response.json
 create mode 100644 docs/implementation/intake/G3/2026-10-09-jr13/joint-06/actors/logs/joint-06/j02-seed.stderr.log
 create mode 100644 docs/implementation/intake/G3/2026-10-09-jr13/joint-06/actors/logs/joint-06/j02-seed.stdout.log
 create mode 100644 docs/implementation/intake/G3/2026-10-09-jr13/joint-06/actors/logs/joint-06/j02-wrong-entry.process.json
 create mode 100644 docs/implementation/intake/G3/2026-10-09-jr13/joint-06/actors/logs/joint-06/j02-wrong-entry.response.json
 create mode 100644 docs/implementation/intake/G3/2026-10-09-jr13/joint-06/actors/logs/joint-06/j02-wrong-entry.stderr.log
 create mode 100644 docs/implementation/intake/G3/2026-10-09-jr13/joint-06/actors/logs/joint-06/j02-wrong-entry.stdout.log
 create mode 100644 docs/implementation/intake/G3/2026-10-09-jr13/joint-06/actors/logs/joint-06/j03-independent-cold.process.json
 create mode 100644 docs/implementation/intake/G3/2026-10-09-jr13/joint-06/actors/logs/joint-06/j03-independent-cold.response.json
 create mode 100644 docs/implementation/intake/G3/2026-10-09-jr13/joint-06/actors/logs/joint-06/j03-independent-cold.stderr.log
 create mode 100644 docs/implementation/intake/G3/2026-10-09-jr13/joint-06/actors/logs/joint-06/j03-independent-cold.stdout.log
 create mode 100644 docs/implementation/intake/G3/2026-10-09-jr13/joint-06/actors/logs/joint-06/j03-replay.process.json
 create mode 100644 docs/implementation/intake/G3/2026-10-09-jr13/joint-06/actors/logs/joint-06/j03-replay.response.json
 create mode 100644 docs/implementation/intake/G3/2026-10-09-jr13/joint-06/actors/logs/joint-06/j03-replay.stderr.log
 create mode 100644 docs/implementation/intake/G3/2026-10-09-jr13/joint-06/actors/logs/joint-06/j03-replay.stdout.log
 create mode 100644 docs/implementation/intake/G3/2026-10-09-jr13/joint-06/actors/logs/joint-06/j04-duplicate.process.json
 create mode 100644 docs/implementation/intake/G3/2026-10-09-jr13/joint-06/actors/logs/joint-06/j04-duplicate.response.json
 create mode 100644 docs/implementation/intake/G3/2026-10-09-jr13/joint-06/actors/logs/joint-06/j04-duplicate.stderr.log
 create mode 100644 docs/implementation/intake/G3/2026-10-09-jr13/joint-06/actors/logs/joint-06/j04-duplicate.stdout.log
 create mode 100644 docs/implementation/intake/G3/2026-10-09-jr13/joint-06/actors/logs/joint-06/j04-rows.process.json
 create mode 100644 docs/implementation/intake/G3/2026-10-09-jr13/joint-06/actors/logs/joint-06/j04-rows.response.json
 create mode 100644 docs/implementation/intake/G3/2026-10-09-jr13/joint-06/actors/logs/joint-06/j04-rows.stderr.log
 create mode 100644 docs/implementation/intake/G3/2026-10-09-jr13/joint-06/actors/logs/joint-06/j04-rows.stdout.log
 create mode 100644 docs/implementation/intake/G3/2026-10-09-jr13/joint-06/actors/logs/joint-06/j04-seed.process.json
 create mode 100644 docs/implementation/intake/G3/2026-10-09-jr13/joint-06/actors/logs/joint-06/j04-seed.response.json
 create mode 100644 docs/implementation/intake/G3/2026-10-09-jr13/joint-06/actors/logs/joint-06/j04-seed.stderr.log
 create mode 100644 docs/implementation/intake/G3/2026-10-09-jr13/joint-06/actors/logs/joint-06/j04-seed.stdout.log
 create mode 100644 docs/implementation/intake/G3/2026-10-09-jr13/joint-06/actors/logs/joint-06/j05-empty-identity.process.json
 create mode 100644 docs/implementation/intake/G3/2026-10-09-jr13/joint-06/actors/logs/joint-06/j05-empty-identity.response.json
 create mode 100644 docs/implementation/intake/G3/2026-10-09-jr13/joint-06/actors/logs/joint-06/j05-empty-identity.stderr.log
 create mode 100644 docs/implementation/intake/G3/2026-10-09-jr13/joint-06/actors/logs/joint-06/j05-empty-identity.stdout.log
 create mode 100644 docs/implementation/intake/G3/2026-10-09-jr13/joint-06/actors/logs/joint-06/j05-entity.process.json
 create mode 100644 docs/implementation/intake/G3/2026-10-09-jr13/joint-06/actors/logs/joint-06/j05-entity.response.json
 create mode 100644 docs/implementation/intake/G3/2026-10-09-jr13/joint-06/actors/logs/joint-06/j05-entity.stderr.log
 create mode 100644 docs/implementation/intake/G3/2026-10-09-jr13/joint-06/actors/logs/joint-06/j05-entity.stdout.log
 create mode 100644 docs/implementation/intake/G3/2026-10-09-jr13/joint-06/actors/logs/joint-06/j05-hash.process.json
 create mode 100644 docs/implementation/intake/G3/2026-10-09-jr13/joint-06/actors/logs/joint-06/j05-hash.response.json
 create mode 100644 docs/implementation/intake/G3/2026-10-09-jr13/joint-06/actors/logs/joint-06/j05-hash.stderr.log
 create mode 100644 docs/implementation/intake/G3/2026-10-09-jr13/joint-06/actors/logs/joint-06/j05-hash.stdout.log
 create mode 100644 docs/implementation/intake/G3/2026-10-09-jr13/joint-06/actors/logs/joint-06/j06-ack-again.process.json
 create mode 100644 docs/implementation/intake/G3/2026-10-09-jr13/joint-06/actors/logs/joint-06/j06-ack-again.response.json
 create mode 100644 docs/implementation/intake/G3/2026-10-09-jr13/joint-06/actors/logs/joint-06/j06-ack-again.stderr.log
 create mode 100644 docs/implementation/intake/G3/2026-10-09-jr13/joint-06/actors/logs/joint-06/j06-ack-again.stdout.log
 create mode 100644 docs/implementation/intake/G3/2026-10-09-jr13/joint-06/actors/logs/joint-06/j06-ack-apply.process.json
 create mode 100644 docs/implementation/intake/G3/2026-10-09-jr13/joint-06/actors/logs/joint-06/j06-ack-apply.response.json
 create mode 100644 docs/implementation/intake/G3/2026-10-09-jr13/joint-06/actors/logs/joint-06/j06-ack-apply.stderr.log
 create mode 100644 docs/implementation/intake/G3/2026-10-09-jr13/joint-06/actors/logs/joint-06/j06-ack-apply.stdout.log
 create mode 100644 docs/implementation/intake/G3/2026-10-09-jr13/joint-06/actors/logs/joint-06/j06-ack-read.process.json
 create mode 100644 docs/implementation/intake/G3/2026-10-09-jr13/joint-06/actors/logs/joint-06/j06-ack-read.response.json
 create mode 100644 docs/implementation/intake/G3/2026-10-09-jr13/joint-06/actors/logs/joint-06/j06-ack-read.stderr.log
 create mode 100644 docs/implementation/intake/G3/2026-10-09-jr13/joint-06/actors/logs/joint-06/j06-ack-read.stdout.log
 create mode 100644 docs/implementation/intake/G3/2026-10-09-jr13/joint-06/actors/logs/joint-06/j06-before.process.json
 create mode 100644 docs/implementation/intake/G3/2026-10-09-jr13/joint-06/actors/logs/joint-06/j06-before.response.json
 create mode 100644 docs/implementation/intake/G3/2026-10-09-jr13/joint-06/actors/logs/joint-06/j06-before.stderr.log
 create mode 100644 docs/implementation/intake/G3/2026-10-09-jr13/joint-06/actors/logs/joint-06/j06-before.stdout.log
 create mode 100644 docs/implementation/intake/G3/2026-10-09-jr13/joint-06/actors/logs/joint-06/j07-key-item_id.process.json
 create mode 100644 docs/implementation/intake/G3/2026-10-09-jr13/joint-06/actors/logs/joint-06/j07-key-item_id.response.json
 create mode 100644 docs/implementation/intake/G3/2026-10-09-jr13/joint-06/actors/logs/joint-06/j07-key-item_id.stderr.log
 create mode 100644 docs/implementation/intake/G3/2026-10-09-jr13/joint-06/actors/logs/joint-06/j07-key-item_id.stdout.log
 create mode 100644 docs/implementation/intake/G3/2026-10-09-jr13/joint-06/actors/logs/joint-06/j07-key-namespace.process.json
 create mode 100644 docs/implementation/intake/G3/2026-10-09-jr13/joint-06/actors/logs/joint-06/j07-key-namespace.response.json
 create mode 100644 docs/implementation/intake/G3/2026-10-09-jr13/joint-06/actors/logs/joint-06/j07-key-namespace.stderr.log
 create mode 100644 docs/implementation/intake/G3/2026-10-09-jr13/joint-06/actors/logs/joint-06/j07-key-namespace.stdout.log
 create mode 100644 docs/implementation/intake/G3/2026-10-09-jr13/joint-06/actors/logs/joint-06/j07-key-observation_id.process.json
 create mode 100644 docs/implementation/intake/G3/2026-10-09-jr13/joint-06/actors/logs/joint-06/j07-key-observation_id.response.json
 create mode 100644 docs/implementation/intake/G3/2026-10-09-jr13/joint-06/actors/logs/joint-06/j07-key-observation_id.stderr.log
 create mode 100644 docs/implementation/intake/G3/2026-10-09-jr13/joint-06/actors/logs/joint-06/j07-key-observation_id.stdout.log
 create mode 100644 docs/implementation/intake/G3/2026-10-09-jr13/joint-06/actors/logs/joint-06/j07-key-package_id.process.json
 create mode 100644 docs/implementation/intake/G3/2026-10-09-jr13/joint-06/actors/logs/joint-06/j07-key-package_id.response.json
 create mode 100644 docs/implementation/intake/G3/2026-10-09-jr13/joint-06/actors/logs/joint-06/j07-key-package_id.stderr.log
 create mode 100644 docs/implementation/intake/G3/2026-10-09-jr13/joint-06/actors/logs/joint-06/j07-key-package_id.stdout.log
 create mode 100644 docs/implementation/intake/G3/2026-10-09-jr13/joint-06/actors/logs/joint-06/j07-key-payload_sha256.process.json
 create mode 100644 docs/implementation/intake/G3/2026-10-09-jr13/joint-06/actors/logs/joint-06/j07-key-payload_sha256.response.json
 create mode 100644 docs/implementation/intake/G3/2026-10-09-jr13/joint-06/actors/logs/joint-06/j07-key-payload_sha256.stderr.log
 create mode 100644 docs/implementation/intake/G3/2026-10-09-jr13/joint-06/actors/logs/joint-06/j07-key-payload_sha256.stdout.log
 create mode 100644 docs/implementation/intake/G3/2026-10-09-jr13/joint-06/actors/logs/joint-06/j07-wrong-store.process.json
 create mode 100644 docs/implementation/intake/G3/2026-10-09-jr13/joint-06/actors/logs/joint-06/j07-wrong-store.response.json
 create mode 100644 docs/implementation/intake/G3/2026-10-09-jr13/joint-06/actors/logs/joint-06/j07-wrong-store.stderr.log
 create mode 100644 docs/implementation/intake/G3/2026-10-09-jr13/joint-06/actors/logs/joint-06/j07-wrong-store.stdout.log
 create mode 100644 docs/implementation/intake/G3/2026-10-09-jr13/joint-06/actors/logs/joint-06/j08-upgrade.process.json
 create mode 100644 docs/implementation/intake/G3/2026-10-09-jr13/joint-06/actors/logs/joint-06/j08-upgrade.response.json
 create mode 100644 docs/implementation/intake/G3/2026-10-09-jr13/joint-06/actors/logs/joint-06/j08-upgrade.stderr.log
 create mode 100644 docs/implementation/intake/G3/2026-10-09-jr13/joint-06/actors/logs/joint-06/j08-upgrade.stdout.log
 create mode 100644 docs/implementation/intake/G3/2026-10-09-jr13/joint-06/actors/logs/joint-06/j09-before.process.json
 create mode 100644 docs/implementation/intake/G3/2026-10-09-jr13/joint-06/actors/logs/joint-06/j09-before.response.json
 create mode 100644 docs/implementation/intake/G3/2026-10-09-jr13/joint-06/actors/logs/joint-06/j09-before.stderr.log
 create mode 100644 docs/implementation/intake/G3/2026-10-09-jr13/joint-06/actors/logs/joint-06/j09-before.stdout.log
 create mode 100644 docs/implementation/intake/G3/2026-10-09-jr13/joint-06/actors/logs/joint-06/j09-seal.process.json
 create mode 100644 docs/implementation/intake/G3/2026-10-09-jr13/joint-06/actors/logs/joint-06/j09-seal.response.json
 create mode 100644 docs/implementation/intake/G3/2026-10-09-jr13/joint-06/actors/logs/joint-06/j09-seal.stderr.log
 create mode 100644 docs/implementation/intake/G3/2026-10-09-jr13/joint-06/actors/logs/joint-06/j09-seal.stdout.log
 create mode 100644 docs/implementation/intake/G3/2026-10-09-jr13/joint-06/actors/logs/joint-06/j09-warm.process.json
 create mode 100644 docs/implementation/intake/G3/2026-10-09-jr13/joint-06/actors/logs/joint-06/j09-warm.response.json
 create mode 100644 docs/implementation/intake/G3/2026-10-09-jr13/joint-06/actors/logs/joint-06/j09-warm.stderr.log
 create mode 100644 docs/implementation/intake/G3/2026-10-09-jr13/joint-06/actors/logs/joint-06/j09-warm.stdout.log
 create mode 100644 docs/implementation/intake/G3/2026-10-09-jr13/joint-06/actors/logs/joint-06/j10-after.process.json
 create mode 100644 docs/implementation/intake/G3/2026-10-09-jr13/joint-06/actors/logs/joint-06/j10-after.response.json
 create mode 100644 docs/implementation/intake/G3/2026-10-09-jr13/joint-06/actors/logs/joint-06/j10-after.stderr.log
 create mode 100644 docs/implementation/intake/G3/2026-10-09-jr13/joint-06/actors/logs/joint-06/j10-after.stdout.log
 create mode 100644 docs/implementation/intake/G3/2026-10-09-jr13/joint-06/actors/logs/joint-06/j10-backup.process.json
 create mode 100644 docs/implementation/intake/G3/2026-10-09-jr13/joint-06/actors/logs/joint-06/j10-backup.response.json
 create mode 100644 docs/implementation/intake/G3/2026-10-09-jr13/joint-06/actors/logs/joint-06/j10-backup.stderr.log
 create mode 100644 docs/implementation/intake/G3/2026-10-09-jr13/joint-06/actors/logs/joint-06/j10-backup.stdout.log
 create mode 100644 docs/implementation/intake/G3/2026-10-09-jr13/joint-06/actors/logs/joint-06/j10-before.process.json
 create mode 100644 docs/implementation/intake/G3/2026-10-09-jr13/joint-06/actors/logs/joint-06/j10-before.response.json
 create mode 100644 docs/implementation/intake/G3/2026-10-09-jr13/joint-06/actors/logs/joint-06/j10-before.stderr.log
 create mode 100644 docs/implementation/intake/G3/2026-10-09-jr13/joint-06/actors/logs/joint-06/j10-before.stdout.log
 create mode 100644 docs/implementation/intake/G3/2026-10-09-jr13/joint-06/actors/logs/joint-06/j10-nonempty-refused.process.json
 create mode 100644 docs/implementation/intake/G3/2026-10-09-jr13/joint-06/actors/logs/joint-06/j10-nonempty-refused.response.json
 create mode 100644 docs/implementation/intake/G3/2026-10-09-jr13/joint-06/actors/logs/joint-06/j10-nonempty-refused.stderr.log
 create mode 100644 docs/implementation/intake/G3/2026-10-09-jr13/joint-06/actors/logs/joint-06/j10-nonempty-refused.stdout.log
 create mode 100644 docs/implementation/intake/G3/2026-10-09-jr13/joint-06/actors/logs/joint-06/j10-restore.process.json
 create mode 100644 docs/implementation/intake/G3/2026-10-09-jr13/joint-06/actors/logs/joint-06/j10-restore.response.json
 create mode 100644 docs/implementation/intake/G3/2026-10-09-jr13/joint-06/actors/logs/joint-06/j10-restore.stderr.log
 create mode 100644 docs/implementation/intake/G3/2026-10-09-jr13/joint-06/actors/logs/joint-06/j10-restore.stdout.log
 create mode 100644 docs/implementation/intake/G3/2026-10-09-jr13/joint-06/actors/logs/joint-06/j10-source-unchanged.process.json
 create mode 100644 docs/implementation/intake/G3/2026-10-09-jr13/joint-06/actors/logs/joint-06/j10-source-unchanged.response.json
 create mode 100644 docs/implementation/intake/G3/2026-10-09-jr13/joint-06/actors/logs/joint-06/j10-source-unchanged.stderr.log
 create mode 100644 docs/implementation/intake/G3/2026-10-09-jr13/joint-06/actors/logs/joint-06/j10-source-unchanged.stdout.log
 create mode 100644 docs/implementation/intake/G3/2026-10-09-jr13/joint-06/actors/logs/joint-06/j10-verify.process.json
 create mode 100644 docs/implementation/intake/G3/2026-10-09-jr13/joint-06/actors/logs/joint-06/j10-verify.response.json
 create mode 100644 docs/implementation/intake/G3/2026-10-09-jr13/joint-06/actors/logs/joint-06/j10-verify.stderr.log
 create mode 100644 docs/implementation/intake/G3/2026-10-09-jr13/joint-06/actors/logs/joint-06/j10-verify.stdout.log
 create mode 100644 docs/implementation/intake/G3/2026-10-09-jr13/joint-06/actors/logs/joint-06/j11-import-second.process.json
 create mode 100644 docs/implementation/intake/G3/2026-10-09-jr13/joint-06/actors/logs/joint-06/j11-import-second.response.json
 create mode 100644 docs/implementation/intake/G3/2026-10-09-jr13/joint-06/actors/logs/joint-06/j11-import-second.stderr.log
 create mode 100644 docs/implementation/intake/G3/2026-10-09-jr13/joint-06/actors/logs/joint-06/j11-import-second.stdout.log
 create mode 100644 docs/implementation/intake/G3/2026-10-09-jr13/joint-06/actors/logs/joint-06/j11-query.process.json
 create mode 100644 docs/implementation/intake/G3/2026-10-09-jr13/joint-06/actors/logs/joint-06/j11-query.response.json
 create mode 100644 docs/implementation/intake/G3/2026-10-09-jr13/joint-06/actors/logs/joint-06/j11-query.stderr.log
 create mode 100644 docs/implementation/intake/G3/2026-10-09-jr13/joint-06/actors/logs/joint-06/j11-query.stdout.log
 create mode 100644 docs/implementation/intake/G3/2026-10-09-jr13/joint-06/actors/logs/joint-06/j12-query.process.json
 create mode 100644 docs/implementation/intake/G3/2026-10-09-jr13/joint-06/actors/logs/joint-06/j12-query.response.json
 create mode 100644 docs/implementation/intake/G3/2026-10-09-jr13/joint-06/actors/logs/joint-06/j12-query.stderr.log
 create mode 100644 docs/implementation/intake/G3/2026-10-09-jr13/joint-06/actors/logs/joint-06/j12-query.stdout.log
 create mode 100644 docs/implementation/intake/G3/2026-10-09-jr13/joint-06/actors/logs/joint-06/j13-before.process.json
 create mode 100644 docs/implementation/intake/G3/2026-10-09-jr13/joint-06/actors/logs/joint-06/j13-before.response.json
 create mode 100644 docs/implementation/intake/G3/2026-10-09-jr13/joint-06/actors/logs/joint-06/j13-before.stderr.log
 create mode 100644 docs/implementation/intake/G3/2026-10-09-jr13/joint-06/actors/logs/joint-06/j13-before.stdout.log
 create mode 100644 docs/implementation/intake/G3/2026-10-09-jr13/joint-06/actors/logs/joint-06/j13-seal.process.json
 create mode 100644 docs/implementation/intake/G3/2026-10-09-jr13/joint-06/actors/logs/joint-06/j13-seal.response.json
 create mode 100644 docs/implementation/intake/G3/2026-10-09-jr13/joint-06/actors/logs/joint-06/j13-seal.stderr.log
 create mode 100644 docs/implementation/intake/G3/2026-10-09-jr13/joint-06/actors/logs/joint-06/j13-seal.stdout.log
 create mode 100644 docs/implementation/intake/G3/2026-10-09-jr13/joint-06/actors/logs/joint-06/j13-warm.process.json
 create mode 100644 docs/implementation/intake/G3/2026-10-09-jr13/joint-06/actors/logs/joint-06/j13-warm.response.json
 create mode 100644 docs/implementation/intake/G3/2026-10-09-jr13/joint-06/actors/logs/joint-06/j13-warm.stderr.log
 create mode 100644 docs/implementation/intake/G3/2026-10-09-jr13/joint-06/actors/logs/joint-06/j13-warm.stdout.log
 create mode 100644 docs/implementation/intake/G3/2026-10-09-jr13/joint-06/actors/logs/joint-06/jr13-all-CROSS_BORDER_01.process.json
 create mode 100644 docs/implementation/intake/G3/2026-10-09-jr13/joint-06/actors/logs/joint-06/jr13-all-CROSS_BORDER_01.response.json
 create mode 100644 docs/implementation/intake/G3/2026-10-09-jr13/joint-06/actors/logs/joint-06/jr13-all-CROSS_BORDER_01.stderr.log
 create mode 100644 docs/implementation/intake/G3/2026-10-09-jr13/joint-06/actors/logs/joint-06/jr13-all-CROSS_BORDER_01.stdout.log
 create mode 100644 docs/implementation/intake/G3/2026-10-09-jr13/joint-06/actors/logs/joint-06/jr13-all-CYCLICAL_01.process.json
 create mode 100644 docs/implementation/intake/G3/2026-10-09-jr13/joint-06/actors/logs/joint-06/jr13-all-CYCLICAL_01.response.json
 create mode 100644 docs/implementation/intake/G3/2026-10-09-jr13/joint-06/actors/logs/joint-06/jr13-all-CYCLICAL_01.stderr.log
 create mode 100644 docs/implementation/intake/G3/2026-10-09-jr13/joint-06/actors/logs/joint-06/jr13-all-CYCLICAL_01.stdout.log
 create mode 100644 docs/implementation/intake/G3/2026-10-09-jr13/joint-06/actors/logs/joint-06/jr13-all-CYCLICAL_02.process.json
 create mode 100644 docs/implementation/intake/G3/2026-10-09-jr13/joint-06/actors/logs/joint-06/jr13-all-CYCLICAL_02.response.json
 create mode 100644 docs/implementation/intake/G3/2026-10-09-jr13/joint-06/actors/logs/joint-06/jr13-all-CYCLICAL_02.stderr.log
 create mode 100644 docs/implementation/intake/G3/2026-10-09-jr13/joint-06/actors/logs/joint-06/jr13-all-CYCLICAL_02.stdout.log
 create mode 100644 docs/implementation/intake/G3/2026-10-09-jr13/joint-06/actors/logs/joint-06/jr13-all-INDUSTRIAL_01.process.json
 create mode 100644 docs/implementation/intake/G3/2026-10-09-jr13/joint-06/actors/logs/joint-06/jr13-all-INDUSTRIAL_01.response.json
 create mode 100644 docs/implementation/intake/G3/2026-10-09-jr13/joint-06/actors/logs/joint-06/jr13-all-INDUSTRIAL_01.stderr.log
 create mode 100644 docs/implementation/intake/G3/2026-10-09-jr13/joint-06/actors/logs/joint-06/jr13-all-INDUSTRIAL_01.stdout.log
 create mode 100644 docs/implementation/intake/G3/2026-10-09-jr13/joint-06/actors/logs/joint-06/jr13-all-INDUSTRIAL_02.process.json
 create mode 100644 docs/implementation/intake/G3/2026-10-09-jr13/joint-06/actors/logs/joint-06/jr13-all-INDUSTRIAL_02.response.json
 create mode 100644 docs/implementation/intake/G3/2026-10-09-jr13/joint-06/actors/logs/joint-06/jr13-all-INDUSTRIAL_02.stderr.log
 create mode 100644 docs/implementation/intake/G3/2026-10-09-jr13/joint-06/actors/logs/joint-06/jr13-all-INDUSTRIAL_02.stdout.log
 create mode 100644 docs/implementation/intake/G3/2026-10-09-jr13/joint-06/actors/logs/joint-06/jr13-all-IQS_01.process.json
 create mode 100644 docs/implementation/intake/G3/2026-10-09-jr13/joint-06/actors/logs/joint-06/jr13-all-IQS_01.response.json
 create mode 100644 docs/implementation/intake/G3/2026-10-09-jr13/joint-06/actors/logs/joint-06/jr13-all-IQS_01.stderr.log
 create mode 100644 docs/implementation/intake/G3/2026-10-09-jr13/joint-06/actors/logs/joint-06/jr13-all-IQS_01.stdout.log
 create mode 100644 docs/implementation/intake/G3/2026-10-09-jr13/joint-06/actors/logs/joint-06/jr13-all-IQS_02.process.json
 create mode 100644 docs/implementation/intake/G3/2026-10-09-jr13/joint-06/actors/logs/joint-06/jr13-all-IQS_02.response.json
 create mode 100644 docs/implementation/intake/G3/2026-10-09-jr13/joint-06/actors/logs/joint-06/jr13-all-IQS_02.stderr.log
 create mode 100644 docs/implementation/intake/G3/2026-10-09-jr13/joint-06/actors/logs/joint-06/jr13-all-IQS_02.stdout.log
 create mode 100644 docs/implementation/intake/G3/2026-10-09-jr13/joint-06/actors/logs/joint-06/jr13-all-IQS_04.process.json
 create mode 100644 docs/implementation/intake/G3/2026-10-09-jr13/joint-06/actors/logs/joint-06/jr13-all-IQS_04.response.json
 create mode 100644 docs/implementation/intake/G3/2026-10-09-jr13/joint-06/actors/logs/joint-06/jr13-all-IQS_04.stderr.log
 create mode 100644 docs/implementation/intake/G3/2026-10-09-jr13/joint-06/actors/logs/joint-06/jr13-all-IQS_04.stdout.log
 create mode 100644 docs/implementation/intake/G3/2026-10-09-jr13/joint-06/actors/logs/joint-06/jr13-all-IQS_05.process.json
 create mode 100644 docs/implementation/intake/G3/2026-10-09-jr13/joint-06/actors/logs/joint-06/jr13-all-IQS_05.response.json
 create mode 100644 docs/implementation/intake/G3/2026-10-09-jr13/joint-06/actors/logs/joint-06/jr13-all-IQS_05.stderr.log
 create mode 100644 docs/implementation/intake/G3/2026-10-09-jr13/joint-06/actors/logs/joint-06/jr13-all-IQS_05.stdout.log
 create mode 100644 docs/implementation/intake/G3/2026-10-09-jr13/joint-06/actors/logs/joint-06/jr13-all-IQS_06.process.json
 create mode 100644 docs/implementation/intake/G3/2026-10-09-jr13/joint-06/actors/logs/joint-06/jr13-all-IQS_06.response.json
 create mode 100644 docs/implementation/intake/G3/2026-10-09-jr13/joint-06/actors/logs/joint-06/jr13-all-IQS_06.stderr.log
 create mode 100644 docs/implementation/intake/G3/2026-10-09-jr13/joint-06/actors/logs/joint-06/jr13-all-IQS_06.stdout.log
 create mode 100644 docs/implementation/intake/G3/2026-10-09-jr13/joint-06/actors/logs/joint-06/jr13-all-IQS_07.process.json
 create mode 100644 docs/implementation/intake/G3/2026-10-09-jr13/joint-06/actors/logs/joint-06/jr13-all-IQS_07.response.json
 create mode 100644 docs/implementation/intake/G3/2026-10-09-jr13/joint-06/actors/logs/joint-06/jr13-all-IQS_07.stderr.log
 create mode 100644 docs/implementation/intake/G3/2026-10-09-jr13/joint-06/actors/logs/joint-06/jr13-all-IQS_07.stdout.log
 create mode 100644 docs/implementation/intake/G3/2026-10-09-jr13/joint-06/actors/logs/joint-06/jr13-all-IQS_08.process.json
 create mode 100644 docs/implementation/intake/G3/2026-10-09-jr13/joint-06/actors/logs/joint-06/jr13-all-IQS_08.response.json
 create mode 100644 docs/implementation/intake/G3/2026-10-09-jr13/joint-06/actors/logs/joint-06/jr13-all-IQS_08.stderr.log
 create mode 100644 docs/implementation/intake/G3/2026-10-09-jr13/joint-06/actors/logs/joint-06/jr13-all-IQS_08.stdout.log
 create mode 100644 docs/implementation/intake/G3/2026-10-09-jr13/joint-06/actors/logs/joint-06/jr13-all-IQS_09.process.json
 create mode 100644 docs/implementation/intake/G3/2026-10-09-jr13/joint-06/actors/logs/joint-06/jr13-all-IQS_09.response.json
 create mode 100644 docs/implementation/intake/G3/2026-10-09-jr13/joint-06/actors/logs/joint-06/jr13-all-IQS_09.stderr.log
 create mode 100644 docs/implementation/intake/G3/2026-10-09-jr13/joint-06/actors/logs/joint-06/jr13-all-IQS_09.stdout.log
 create mode 100644 docs/implementation/intake/G3/2026-10-09-jr13/joint-06/actors/logs/joint-06/jr13-all-IQS_10.process.json
 create mode 100644 docs/implementation/intake/G3/2026-10-09-jr13/joint-06/actors/logs/joint-06/jr13-all-IQS_10.response.json
 create mode 100644 docs/implementation/intake/G3/2026-10-09-jr13/joint-06/actors/logs/joint-06/jr13-all-IQS_10.stderr.log
 create mode 100644 docs/implementation/intake/G3/2026-10-09-jr13/joint-06/actors/logs/joint-06/jr13-all-IQS_10.stdout.log
 create mode 100644 docs/implementation/intake/G3/2026-10-09-jr13/joint-06/actors/logs/joint-06/jr13-all-IQS_12.process.json
 create mode 100644 docs/implementation/intake/G3/2026-10-09-jr13/joint-06/actors/logs/joint-06/jr13-all-IQS_12.response.json
 create mode 100644 docs/implementation/intake/G3/2026-10-09-jr13/joint-06/actors/logs/joint-06/jr13-all-IQS_12.stderr.log
 create mode 100644 docs/implementation/intake/G3/2026-10-09-jr13/joint-06/actors/logs/joint-06/jr13-all-IQS_12.stdout.log
 create mode 100644 docs/implementation/intake/G3/2026-10-09-jr13/joint-06/actors/logs/joint-06/jr13-all-IQS_13.process.json
 create mode 100644 docs/implementation/intake/G3/2026-10-09-jr13/joint-06/actors/logs/joint-06/jr13-all-IQS_13.response.json
 create mode 100644 docs/implementation/intake/G3/2026-10-09-jr13/joint-06/actors/logs/joint-06/jr13-all-IQS_13.stderr.log
 create mode 100644 docs/implementation/intake/G3/2026-10-09-jr13/joint-06/actors/logs/joint-06/jr13-all-IQS_13.stdout.log
 create mode 100644 docs/implementation/intake/G3/2026-10-09-jr13/joint-06/actors/logs/joint-06/jr13-all-IQS_14.process.json
 create mode 100644 docs/implementation/intake/G3/2026-10-09-jr13/joint-06/actors/logs/joint-06/jr13-all-IQS_14.response.json
 create mode 100644 docs/implementation/intake/G3/2026-10-09-jr13/joint-06/actors/logs/joint-06/jr13-all-IQS_14.stderr.log
 create mode 100644 docs/implementation/intake/G3/2026-10-09-jr13/joint-06/actors/logs/joint-06/jr13-all-IQS_14.stdout.log
 create mode 100644 docs/implementation/intake/G3/2026-10-09-jr13/joint-06/actors/logs/joint-06/jr13-all-IQS_15.process.json
 create mode 100644 docs/implementation/intake/G3/2026-10-09-jr13/joint-06/actors/logs/joint-06/jr13-all-IQS_15.response.json
 create mode 100644 docs/implementation/intake/G3/2026-10-09-jr13/joint-06/actors/logs/joint-06/jr13-all-IQS_15.stderr.log
 create mode 100644 docs/implementation/intake/G3/2026-10-09-jr13/joint-06/actors/logs/joint-06/jr13-all-IQS_15.stdout.log
 create mode 100644 docs/implementation/intake/G3/2026-10-09-jr13/joint-06/actors/logs/joint-06/jr13-all-IQS_16.process.json
 create mode 100644 docs/implementation/intake/G3/2026-10-09-jr13/joint-06/actors/logs/joint-06/jr13-all-IQS_16.response.json
 create mode 100644 docs/implementation/intake/G3/2026-10-09-jr13/joint-06/actors/logs/joint-06/jr13-all-IQS_16.stderr.log
 create mode 100644 docs/implementation/intake/G3/2026-10-09-jr13/joint-06/actors/logs/joint-06/jr13-all-IQS_16.stdout.log
 create mode 100644 docs/implementation/intake/G3/2026-10-09-jr13/joint-06/actors/logs/joint-06/jr13-all-IQS_17.process.json
 create mode 100644 docs/implementation/intake/G3/2026-10-09-jr13/joint-06/actors/logs/joint-06/jr13-all-IQS_17.response.json
 create mode 100644 docs/implementation/intake/G3/2026-10-09-jr13/joint-06/actors/logs/joint-06/jr13-all-IQS_17.stderr.log
 create mode 100644 docs/implementation/intake/G3/2026-10-09-jr13/joint-06/actors/logs/joint-06/jr13-all-IQS_17.stdout.log
 create mode 100644 docs/implementation/intake/G3/2026-10-09-jr13/joint-06/actors/logs/joint-06/jr13-all-IQS_18.process.json
 create mode 100644 docs/implementation/intake/G3/2026-10-09-jr13/joint-06/actors/logs/joint-06/jr13-all-IQS_18.response.json
 create mode 100644 docs/implementation/intake/G3/2026-10-09-jr13/joint-06/actors/logs/joint-06/jr13-all-IQS_18.stderr.log
 create mode 100644 docs/implementation/intake/G3/2026-10-09-jr13/joint-06/actors/logs/joint-06/jr13-all-IQS_18.stdout.log
 create mode 100644 docs/implementation/intake/G3/2026-10-09-jr13/joint-06/actors/logs/joint-06/jr13-all-IQS_19.process.json
 create mode 100644 docs/implementation/intake/G3/2026-10-09-jr13/joint-06/actors/logs/joint-06/jr13-all-IQS_19.response.json
 create mode 100644 docs/implementation/intake/G3/2026-10-09-jr13/joint-06/actors/logs/joint-06/jr13-all-IQS_19.stderr.log
 create mode 100644 docs/implementation/intake/G3/2026-10-09-jr13/joint-06/actors/logs/joint-06/jr13-all-IQS_19.stdout.log
 create mode 100644 docs/implementation/intake/G3/2026-10-09-jr13/joint-06/actors/logs/joint-06/jr13-all-IQS_20.process.json
 create mode 100644 docs/implementation/intake/G3/2026-10-09-jr13/joint-06/actors/logs/joint-06/jr13-all-IQS_20.response.json
 create mode 100644 docs/implementation/intake/G3/2026-10-09-jr13/joint-06/actors/logs/joint-06/jr13-all-IQS_20.stderr.log
 create mode 100644 docs/implementation/intake/G3/2026-10-09-jr13/joint-06/actors/logs/joint-06/jr13-all-IQS_20.stdout.log
 create mode 100644 docs/implementation/intake/G3/2026-10-09-jr13/joint-06/actors/logs/joint-06/jr13-all-IQS_21.process.json
 create mode 100644 docs/implementation/intake/G3/2026-10-09-jr13/joint-06/actors/logs/joint-06/jr13-all-IQS_21.response.json
 create mode 100644 docs/implementation/intake/G3/2026-10-09-jr13/joint-06/actors/logs/joint-06/jr13-all-IQS_21.stderr.log
 create mode 100644 docs/implementation/intake/G3/2026-10-09-jr13/joint-06/actors/logs/joint-06/jr13-all-IQS_21.stdout.log
 create mode 100644 docs/implementation/intake/G3/2026-10-09-jr13/joint-06/actors/logs/joint-06/jr13-all-IQS_22.process.json
 create mode 100644 docs/implementation/intake/G3/2026-10-09-jr13/joint-06/actors/logs/joint-06/jr13-all-IQS_22.response.json
 create mode 100644 docs/implementation/intake/G3/2026-10-09-jr13/joint-06/actors/logs/joint-06/jr13-all-IQS_22.stderr.log
 create mode 100644 docs/implementation/intake/G3/2026-10-09-jr13/joint-06/actors/logs/joint-06/jr13-all-IQS_22.stdout.log
 create mode 100644 docs/implementation/intake/G3/2026-10-09-jr13/joint-06/actors/logs/joint-06/jr13-all-IQS_23.process.json
 create mode 100644 docs/implementation/intake/G3/2026-10-09-jr13/joint-06/actors/logs/joint-06/jr13-all-IQS_23.response.json
 create mode 100644 docs/implementation/intake/G3/2026-10-09-jr13/joint-06/actors/logs/joint-06/jr13-all-IQS_23.stderr.log
 create mode 100644 docs/implementation/intake/G3/2026-10-09-jr13/joint-06/actors/logs/joint-06/jr13-all-IQS_23.stdout.log
 create mode 100644 docs/implementation/intake/G3/2026-10-09-jr13/joint-06/actors/logs/joint-06/jr13-all-IQS_24.process.json
 create mode 100644 docs/implementation/intake/G3/2026-10-09-jr13/joint-06/actors/logs/joint-06/jr13-all-IQS_24.response.json
 create mode 100644 docs/implementation/intake/G3/2026-10-09-jr13/joint-06/actors/logs/joint-06/jr13-all-IQS_24.stderr.log
 create mode 100644 docs/implementation/intake/G3/2026-10-09-jr13/joint-06/actors/logs/joint-06/jr13-all-IQS_24.stdout.log
 create mode 100644 docs/implementation/intake/G3/2026-10-09-jr13/joint-06/actors/logs/joint-06/jr13-all-MATURE_01.process.json
 create mode 100644 docs/implementation/intake/G3/2026-10-09-jr13/joint-06/actors/logs/joint-06/jr13-all-MATURE_01.response.json
 create mode 100644 docs/implementation/intake/G3/2026-10-09-jr13/joint-06/actors/logs/joint-06/jr13-all-MATURE_01.stderr.log
 create mode 100644 docs/implementation/intake/G3/2026-10-09-jr13/joint-06/actors/logs/joint-06/jr13-all-MATURE_01.stdout.log
 create mode 100644 docs/implementation/intake/G3/2026-10-09-jr13/joint-06/actors/logs/joint-06/jr13-all-MATURE_02.process.json
 create mode 100644 docs/implementation/intake/G3/2026-10-09-jr13/joint-06/actors/logs/joint-06/jr13-all-MATURE_02.response.json
 create mode 100644 docs/implementation/intake/G3/2026-10-09-jr13/joint-06/actors/logs/joint-06/jr13-all-MATURE_02.stderr.log
 create mode 100644 docs/implementation/intake/G3/2026-10-09-jr13/joint-06/actors/logs/joint-06/jr13-all-MATURE_02.stdout.log
 create mode 100644 docs/implementation/intake/G3/2026-10-09-jr13/joint-06/actors/logs/joint-06/jr13-all-OPERATING_01.process.json
 create mode 100644 docs/implementation/intake/G3/2026-10-09-jr13/joint-06/actors/logs/joint-06/jr13-all-OPERATING_01.response.json
 create mode 100644 docs/implementation/intake/G3/2026-10-09-jr13/joint-06/actors/logs/joint-06/jr13-all-OPERATING_01.stderr.log
 create mode 100644 docs/implementation/intake/G3/2026-10-09-jr13/joint-06/actors/logs/joint-06/jr13-all-OPERATING_01.stdout.log
 create mode 100644 docs/implementation/intake/G3/2026-10-09-jr13/joint-06/actors/logs/joint-06/jr13-all-OPERATING_02.process.json
 create mode 100644 docs/implementation/intake/G3/2026-10-09-jr13/joint-06/actors/logs/joint-06/jr13-all-OPERATING_02.response.json
 create mode 100644 docs/implementation/intake/G3/2026-10-09-jr13/joint-06/actors/logs/joint-06/jr13-all-OPERATING_02.stderr.log
 create mode 100644 docs/implementation/intake/G3/2026-10-09-jr13/joint-06/actors/logs/joint-06/jr13-all-OPERATING_02.stdout.log
 create mode 100644 docs/implementation/intake/G3/2026-10-09-jr13/joint-06/actors/logs/joint-06/jr13-all-rows.process.json
 create mode 100644 docs/implementation/intake/G3/2026-10-09-jr13/joint-06/actors/logs/joint-06/jr13-all-rows.response.json
 create mode 100644 docs/implementation/intake/G3/2026-10-09-jr13/joint-06/actors/logs/joint-06/jr13-all-rows.stderr.log
 create mode 100644 docs/implementation/intake/G3/2026-10-09-jr13/joint-06/actors/logs/joint-06/jr13-all-rows.stdout.log
 create mode 100644 docs/implementation/intake/G3/2026-10-09-jr13/joint-06/actors/logs/joint-06/jr13-begin-IQS_01.process.json
 create mode 100644 docs/implementation/intake/G3/2026-10-09-jr13/joint-06/actors/logs/joint-06/jr13-begin-IQS_01.response.json
 create mode 100644 docs/implementation/intake/G3/2026-10-09-jr13/joint-06/actors/logs/joint-06/jr13-begin-IQS_01.stderr.log
 create mode 100644 docs/implementation/intake/G3/2026-10-09-jr13/joint-06/actors/logs/joint-06/jr13-begin-IQS_01.stdout.log
 create mode 100644 docs/implementation/intake/G3/2026-10-09-jr13/joint-06/actors/logs/joint-06/jr13-begin-IQS_06.process.json
 create mode 100644 docs/implementation/intake/G3/2026-10-09-jr13/joint-06/actors/logs/joint-06/jr13-begin-IQS_06.response.json
 create mode 100644 docs/implementation/intake/G3/2026-10-09-jr13/joint-06/actors/logs/joint-06/jr13-begin-IQS_06.stderr.log
 create mode 100644 docs/implementation/intake/G3/2026-10-09-jr13/joint-06/actors/logs/joint-06/jr13-begin-IQS_06.stdout.log
 create mode 100644 docs/implementation/intake/G3/2026-10-09-jr13/joint-06/actors/logs/joint-06/jr13-bind-IQS_01.process.json
 create mode 100644 docs/implementation/intake/G3/2026-10-09-jr13/joint-06/actors/logs/joint-06/jr13-bind-IQS_01.response.json
 create mode 100644 docs/implementation/intake/G3/2026-10-09-jr13/joint-06/actors/logs/joint-06/jr13-bind-IQS_01.stderr.log
 create mode 100644 docs/implementation/intake/G3/2026-10-09-jr13/joint-06/actors/logs/joint-06/jr13-bind-IQS_01.stdout.log
 create mode 100644 docs/implementation/intake/G3/2026-10-09-jr13/joint-06/actors/logs/joint-06/jr13-bind-IQS_06.process.json
 create mode 100644 docs/implementation/intake/G3/2026-10-09-jr13/joint-06/actors/logs/joint-06/jr13-bind-IQS_06.response.json
 create mode 100644 docs/implementation/intake/G3/2026-10-09-jr13/joint-06/actors/logs/joint-06/jr13-bind-IQS_06.stderr.log
 create mode 100644 docs/implementation/intake/G3/2026-10-09-jr13/joint-06/actors/logs/joint-06/jr13-bind-IQS_06.stdout.log
 create mode 100644 docs/implementation/intake/G3/2026-10-09-jr13/joint-06/actors/logs/joint-06/jr13-cold.process.json
 create mode 100644 docs/implementation/intake/G3/2026-10-09-jr13/joint-06/actors/logs/joint-06/jr13-cold.response.json
 create mode 100644 docs/implementation/intake/G3/2026-10-09-jr13/joint-06/actors/logs/joint-06/jr13-cold.stderr.log
 create mode 100644 docs/implementation/intake/G3/2026-10-09-jr13/joint-06/actors/logs/joint-06/jr13-cold.stdout.log
 create mode 100644 docs/implementation/intake/G3/2026-10-09-jr13/joint-06/actors/logs/joint-06/jr13-receiver.process.json
 create mode 100644 docs/implementation/intake/G3/2026-10-09-jr13/joint-06/actors/logs/joint-06/jr13-receiver.response.json
 create mode 100644 docs/implementation/intake/G3/2026-10-09-jr13/joint-06/actors/logs/joint-06/jr13-receiver.stderr.log
 create mode 100644 docs/implementation/intake/G3/2026-10-09-jr13/joint-06/actors/logs/joint-06/jr13-receiver.stdout.log
 create mode 100644 docs/implementation/intake/G3/2026-10-09-jr13/joint-06/actors/logs/joint-06/jr13-seed.process.json
 create mode 100644 docs/implementation/intake/G3/2026-10-09-jr13/joint-06/actors/logs/joint-06/jr13-seed.response.json
 create mode 100644 docs/implementation/intake/G3/2026-10-09-jr13/joint-06/actors/logs/joint-06/jr13-seed.stderr.log
 create mode 100644 docs/implementation/intake/G3/2026-10-09-jr13/joint-06/actors/logs/joint-06/jr13-seed.stdout.log
 create mode 100644 docs/implementation/intake/G3/2026-10-09-jr13/joint-06/actors/logs/joint-06/jr13-unbound-after.process.json
 create mode 100644 docs/implementation/intake/G3/2026-10-09-jr13/joint-06/actors/logs/joint-06/jr13-unbound-after.response.json
 create mode 100644 docs/implementation/intake/G3/2026-10-09-jr13/joint-06/actors/logs/joint-06/jr13-unbound-after.stderr.log
 create mode 100644 docs/implementation/intake/G3/2026-10-09-jr13/joint-06/actors/logs/joint-06/jr13-unbound-after.stdout.log
 create mode 100644 docs/implementation/intake/G3/2026-10-09-jr13/joint-06/actors/logs/joint-06/jr13-unbound-before.process.json
 create mode 100644 docs/implementation/intake/G3/2026-10-09-jr13/joint-06/actors/logs/joint-06/jr13-unbound-before.response.json
 create mode 100644 docs/implementation/intake/G3/2026-10-09-jr13/joint-06/actors/logs/joint-06/jr13-unbound-before.stderr.log
 create mode 100644 docs/implementation/intake/G3/2026-10-09-jr13/joint-06/actors/logs/joint-06/jr13-unbound-before.stdout.log
 create mode 100644 docs/implementation/intake/G3/2026-10-09-jr13/joint-06/actors/logs/joint-06/jr13-unbound-begin.process.json
 create mode 100644 docs/implementation/intake/G3/2026-10-09-jr13/joint-06/actors/logs/joint-06/jr13-unbound-begin.stderr.log
 create mode 100644 docs/implementation/intake/G3/2026-10-09-jr13/joint-06/actors/logs/joint-06/jr13-unbound-begin.stdout.log
 create mode 100644 docs/implementation/intake/G3/2026-10-09-jr13/joint-06/junit.xml
 create mode 100644 docs/implementation/intake/G3/2026-10-09-jr13/joint-06/key-opens.jsonl
 create mode 100644 docs/implementation/intake/G3/2026-10-09-jr13/joint-06/process.json
 create mode 100644 docs/implementation/intake/G3/2026-10-09-jr13/joint-06/source-before.json
 create mode 100644 docs/implementation/intake/G3/2026-10-09-jr13/joint-06/stderr.log
 create mode 100644 docs/implementation/intake/G3/2026-10-09-jr13/joint-06/stdout.log
 create mode 100644 docs/implementation/intake/G3/2026-10-09-jr13/joint-07/actors/cases/joint-07/a-selected/cold.stderr.log
 create mode 100644 docs/implementation/intake/G3/2026-10-09-jr13/joint-07/actors/cases/joint-07/a-selected/cold.stdout.log
 create mode 100644 docs/implementation/intake/G3/2026-10-09-jr13/joint-07/actors/cases/joint-07/a-selected/http-stub-sends.jsonl
 create mode 100644 docs/implementation/intake/G3/2026-10-09-jr13/joint-07/actors/cases/joint-07/a-selected/key-opens.jsonl
 create mode 100644 docs/implementation/intake/G3/2026-10-09-jr13/joint-07/actors/cases/joint-07/a-selected/logs/stock_qa_20261009.log
 create mode 100644 docs/implementation/intake/G3/2026-10-09-jr13/joint-07/actors/cases/joint-07/a-selected/seal.stderr.log
 create mode 100644 docs/implementation/intake/G3/2026-10-09-jr13/joint-07/actors/cases/joint-07/a-selected/seal.stdout.log
 create mode 100644 docs/implementation/intake/G3/2026-10-09-jr13/joint-07/actors/cases/joint-07/a-selected/warm.stderr.log
 create mode 100644 docs/implementation/intake/G3/2026-10-09-jr13/joint-07/actors/cases/joint-07/a-selected/warm.stdout.log
 create mode 100644 docs/implementation/intake/G3/2026-10-09-jr13/joint-07/actors/cases/joint-07/b/cold.stderr.log
 create mode 100644 docs/implementation/intake/G3/2026-10-09-jr13/joint-07/actors/cases/joint-07/b/cold.stdout.log
 create mode 100644 docs/implementation/intake/G3/2026-10-09-jr13/joint-07/actors/cases/joint-07/b/http-stub-sends.jsonl
 create mode 100644 docs/implementation/intake/G3/2026-10-09-jr13/joint-07/actors/cases/joint-07/b/key-opens.jsonl
 create mode 100644 docs/implementation/intake/G3/2026-10-09-jr13/joint-07/actors/cases/joint-07/b/logs/stock_qa_20261009.log
 create mode 100644 docs/implementation/intake/G3/2026-10-09-jr13/joint-07/actors/cases/joint-07/entrybad/cold.stderr.log
 create mode 100644 docs/implementation/intake/G3/2026-10-09-jr13/joint-07/actors/cases/joint-07/entrybad/cold.stdout.log
 create mode 100644 docs/implementation/intake/G3/2026-10-09-jr13/joint-07/actors/cases/joint-07/entrybad/logs/stock_qa_20261009.log
 create mode 100644 docs/implementation/intake/G3/2026-10-09-jr13/joint-07/actors/cases/joint-07/j02-release.request.json
 create mode 100644 docs/implementation/intake/G3/2026-10-09-jr13/joint-07/actors/cases/joint-07/j02-release.response.json
 create mode 100644 docs/implementation/intake/G3/2026-10-09-jr13/joint-07/actors/cases/joint-07/j02-rows.request.json
 create mode 100644 docs/implementation/intake/G3/2026-10-09-jr13/joint-07/actors/cases/joint-07/j02-rows.response.json
 create mode 100644 docs/implementation/intake/G3/2026-10-09-jr13/joint-07/actors/cases/joint-07/j02-seed.request.json
 create mode 100644 docs/implementation/intake/G3/2026-10-09-jr13/joint-07/actors/cases/joint-07/j02-seed.response.json
 create mode 100644 docs/implementation/intake/G3/2026-10-09-jr13/joint-07/actors/cases/joint-07/j02-wrong-entry.request.json
 create mode 100644 docs/implementation/intake/G3/2026-10-09-jr13/joint-07/actors/cases/joint-07/j02-wrong-entry.response.json
 create mode 100644 docs/implementation/intake/G3/2026-10-09-jr13/joint-07/actors/cases/joint-07/j03-independent-cold.request.json
 create mode 100644 docs/implementation/intake/G3/2026-10-09-jr13/joint-07/actors/cases/joint-07/j03-independent-cold.response.json
 create mode 100644 docs/implementation/intake/G3/2026-10-09-jr13/joint-07/actors/cases/joint-07/j03-replay.request.json
 create mode 100644 docs/implementation/intake/G3/2026-10-09-jr13/joint-07/actors/cases/joint-07/j03-replay.response.json
 create mode 100644 docs/implementation/intake/G3/2026-10-09-jr13/joint-07/actors/cases/joint-07/j04-duplicate.request.json
 create mode 100644 docs/implementation/intake/G3/2026-10-09-jr13/joint-07/actors/cases/joint-07/j04-duplicate.response.json
 create mode 100644 docs/implementation/intake/G3/2026-10-09-jr13/joint-07/actors/cases/joint-07/j04-rows.request.json
 create mode 100644 docs/implementation/intake/G3/2026-10-09-jr13/joint-07/actors/cases/joint-07/j04-rows.response.json
 create mode 100644 docs/implementation/intake/G3/2026-10-09-jr13/joint-07/actors/cases/joint-07/j04-seed.request.json
 create mode 100644 docs/implementation/intake/G3/2026-10-09-jr13/joint-07/actors/cases/joint-07/j04-seed.response.json
 create mode 100644 docs/implementation/intake/G3/2026-10-09-jr13/joint-07/actors/cases/joint-07/j05-empty-identity.request.json
 create mode 100644 docs/implementation/intake/G3/2026-10-09-jr13/joint-07/actors/cases/joint-07/j05-empty-identity.response.json
 create mode 100644 docs/implementation/intake/G3/2026-10-09-jr13/joint-07/actors/cases/joint-07/j05-entity.request.json
 create mode 100644 docs/implementation/intake/G3/2026-10-09-jr13/joint-07/actors/cases/joint-07/j05-entity.response.json
 create mode 100644 docs/implementation/intake/G3/2026-10-09-jr13/joint-07/actors/cases/joint-07/j05-hash.request.json
 create mode 100644 docs/implementation/intake/G3/2026-10-09-jr13/joint-07/actors/cases/joint-07/j05-hash.response.json
 create mode 100644 docs/implementation/intake/G3/2026-10-09-jr13/joint-07/actors/cases/joint-07/j06-ack-again.request.json
 create mode 100644 docs/implementation/intake/G3/2026-10-09-jr13/joint-07/actors/cases/joint-07/j06-ack-again.response.json
 create mode 100644 docs/implementation/intake/G3/2026-10-09-jr13/joint-07/actors/cases/joint-07/j06-ack-apply.request.json
 create mode 100644 docs/implementation/intake/G3/2026-10-09-jr13/joint-07/actors/cases/joint-07/j06-ack-apply.response.json
 create mode 100644 docs/implementation/intake/G3/2026-10-09-jr13/joint-07/actors/cases/joint-07/j06-ack-read.request.json
 create mode 100644 docs/implementation/intake/G3/2026-10-09-jr13/joint-07/actors/cases/joint-07/j06-ack-read.response.json
 create mode 100644 docs/implementation/intake/G3/2026-10-09-jr13/joint-07/actors/cases/joint-07/j06-before.request.json
 create mode 100644 docs/implementation/intake/G3/2026-10-09-jr13/joint-07/actors/cases/joint-07/j06-before.response.json
 create mode 100644 docs/implementation/intake/G3/2026-10-09-jr13/joint-07/actors/cases/joint-07/j07-key-item_id.request.json
 create mode 100644 docs/implementation/intake/G3/2026-10-09-jr13/joint-07/actors/cases/joint-07/j07-key-item_id.response.json
 create mode 100644 docs/implementation/intake/G3/2026-10-09-jr13/joint-07/actors/cases/joint-07/j07-key-namespace.request.json
 create mode 100644 docs/implementation/intake/G3/2026-10-09-jr13/joint-07/actors/cases/joint-07/j07-key-namespace.response.json
 create mode 100644 docs/implementation/intake/G3/2026-10-09-jr13/joint-07/actors/cases/joint-07/j07-key-observation_id.request.json
 create mode 100644 docs/implementation/intake/G3/2026-10-09-jr13/joint-07/actors/cases/joint-07/j07-key-observation_id.response.json
 create mode 100644 docs/implementation/intake/G3/2026-10-09-jr13/joint-07/actors/cases/joint-07/j07-key-package_id.request.json
 create mode 100644 docs/implementation/intake/G3/2026-10-09-jr13/joint-07/actors/cases/joint-07/j07-key-package_id.response.json
 create mode 100644 docs/implementation/intake/G3/2026-10-09-jr13/joint-07/actors/cases/joint-07/j07-key-payload_sha256.request.json
 create mode 100644 docs/implementation/intake/G3/2026-10-09-jr13/joint-07/actors/cases/joint-07/j07-key-payload_sha256.response.json
 create mode 100644 docs/implementation/intake/G3/2026-10-09-jr13/joint-07/actors/cases/joint-07/j07-wrong-store.request.json
 create mode 100644 docs/implementation/intake/G3/2026-10-09-jr13/joint-07/actors/cases/joint-07/j07-wrong-store.response.json
 create mode 100644 docs/implementation/intake/G3/2026-10-09-jr13/joint-07/actors/cases/joint-07/j08-upgrade.request.json
 create mode 100644 docs/implementation/intake/G3/2026-10-09-jr13/joint-07/actors/cases/joint-07/j08-upgrade.response.json
 create mode 100644 docs/implementation/intake/G3/2026-10-09-jr13/joint-07/actors/cases/joint-07/j09-before.request.json
 create mode 100644 docs/implementation/intake/G3/2026-10-09-jr13/joint-07/actors/cases/joint-07/j09-before.response.json
 create mode 100644 docs/implementation/intake/G3/2026-10-09-jr13/joint-07/actors/cases/joint-07/j09-seal.request.json
 create mode 100644 docs/implementation/intake/G3/2026-10-09-jr13/joint-07/actors/cases/joint-07/j09-seal.response.json
 create mode 100644 docs/implementation/intake/G3/2026-10-09-jr13/joint-07/actors/cases/joint-07/j09-warm.request.json
 create mode 100644 docs/implementation/intake/G3/2026-10-09-jr13/joint-07/actors/cases/joint-07/j09-warm.response.json
 create mode 100644 docs/implementation/intake/G3/2026-10-09-jr13/joint-07/actors/cases/joint-07/j10-after.request.json
 create mode 100644 docs/implementation/intake/G3/2026-10-09-jr13/joint-07/actors/cases/joint-07/j10-after.response.json
 create mode 100644 docs/implementation/intake/G3/2026-10-09-jr13/joint-07/actors/cases/joint-07/j10-backup.request.json
 create mode 100644 docs/implementation/intake/G3/2026-10-09-jr13/joint-07/actors/cases/joint-07/j10-backup.response.json
 create mode 100644 docs/implementation/intake/G3/2026-10-09-jr13/joint-07/actors/cases/joint-07/j10-before.request.json
 create mode 100644 docs/implementation/intake/G3/2026-10-09-jr13/joint-07/actors/cases/joint-07/j10-before.response.json
 create mode 100644 docs/implementation/intake/G3/2026-10-09-jr13/joint-07/actors/cases/joint-07/j10-nonempty-refused.request.json
 create mode 100644 docs/implementation/intake/G3/2026-10-09-jr13/joint-07/actors/cases/joint-07/j10-nonempty-refused.response.json
 create mode 100644 docs/implementation/intake/G3/2026-10-09-jr13/joint-07/actors/cases/joint-07/j10-restore.request.json
 create mode 100644 docs/implementation/intake/G3/2026-10-09-jr13/joint-07/actors/cases/joint-07/j10-restore.response.json
 create mode 100644 docs/implementation/intake/G3/2026-10-09-jr13/joint-07/actors/cases/joint-07/j10-source-unchanged.request.json
 create mode 100644 docs/implementation/intake/G3/2026-10-09-jr13/joint-07/actors/cases/joint-07/j10-source-unchanged.response.json
 create mode 100644 docs/implementation/intake/G3/2026-10-09-jr13/joint-07/actors/cases/joint-07/j10-verify.request.json
 create mode 100644 docs/implementation/intake/G3/2026-10-09-jr13/joint-07/actors/cases/joint-07/j10-verify.response.json
 create mode 100644 docs/implementation/intake/G3/2026-10-09-jr13/joint-07/actors/cases/joint-07/j11-import-second.request.json
 create mode 100644 docs/implementation/intake/G3/2026-10-09-jr13/joint-07/actors/cases/joint-07/j11-import-second.response.json
 create mode 100644 docs/implementation/intake/G3/2026-10-09-jr13/joint-07/actors/cases/joint-07/j11-query.request.json
 create mode 100644 docs/implementation/intake/G3/2026-10-09-jr13/joint-07/actors/cases/joint-07/j11-query.response.json
 create mode 100644 docs/implementation/intake/G3/2026-10-09-jr13/joint-07/actors/cases/joint-07/j12-query.request.json
 create mode 100644 docs/implementation/intake/G3/2026-10-09-jr13/joint-07/actors/cases/joint-07/j12-query.response.json
 create mode 100644 docs/implementation/intake/G3/2026-10-09-jr13/joint-07/actors/cases/joint-07/j13-before.request.json
 create mode 100644 docs/implementation/intake/G3/2026-10-09-jr13/joint-07/actors/cases/joint-07/j13-before.response.json
 create mode 100644 docs/implementation/intake/G3/2026-10-09-jr13/joint-07/actors/cases/joint-07/j13-seal.request.json
 create mode 100644 docs/implementation/intake/G3/2026-10-09-jr13/joint-07/actors/cases/joint-07/j13-seal.response.json
 create mode 100644 docs/implementation/intake/G3/2026-10-09-jr13/joint-07/actors/cases/joint-07/j13-warm.request.json
 create mode 100644 docs/implementation/intake/G3/2026-10-09-jr13/joint-07/actors/cases/joint-07/j13-warm.response.json
 create mode 100644 docs/implementation/intake/G3/2026-10-09-jr13/joint-07/actors/cases/joint-07/jr13-all-CROSS_BORDER_01.request.json
 create mode 100644 docs/implementation/intake/G3/2026-10-09-jr13/joint-07/actors/cases/joint-07/jr13-all-CROSS_BORDER_01.response.json
 create mode 100644 docs/implementation/intake/G3/2026-10-09-jr13/joint-07/actors/cases/joint-07/jr13-all-CYCLICAL_01.request.json
 create mode 100644 docs/implementation/intake/G3/2026-10-09-jr13/joint-07/actors/cases/joint-07/jr13-all-CYCLICAL_01.response.json
 create mode 100644 docs/implementation/intake/G3/2026-10-09-jr13/joint-07/actors/cases/joint-07/jr13-all-CYCLICAL_02.request.json
 create mode 100644 docs/implementation/intake/G3/2026-10-09-jr13/joint-07/actors/cases/joint-07/jr13-all-CYCLICAL_02.response.json
 create mode 100644 docs/implementation/intake/G3/2026-10-09-jr13/joint-07/actors/cases/joint-07/jr13-all-INDUSTRIAL_01.request.json
 create mode 100644 docs/implementation/intake/G3/2026-10-09-jr13/joint-07/actors/cases/joint-07/jr13-all-INDUSTRIAL_01.response.json
 create mode 100644 docs/implementation/intake/G3/2026-10-09-jr13/joint-07/actors/cases/joint-07/jr13-all-INDUSTRIAL_02.request.json
 create mode 100644 docs/implementation/intake/G3/2026-10-09-jr13/joint-07/actors/cases/joint-07/jr13-all-INDUSTRIAL_02.response.json
 create mode 100644 docs/implementation/intake/G3/2026-10-09-jr13/joint-07/actors/cases/joint-07/jr13-all-IQS_01.request.json
 create mode 100644 docs/implementation/intake/G3/2026-10-09-jr13/joint-07/actors/cases/joint-07/jr13-all-IQS_01.response.json
 create mode 100644 docs/implementation/intake/G3/2026-10-09-jr13/joint-07/actors/cases/joint-07/jr13-all-IQS_02.request.json
 create mode 100644 docs/implementation/intake/G3/2026-10-09-jr13/joint-07/actors/cases/joint-07/jr13-all-IQS_02.response.json
 create mode 100644 docs/implementation/intake/G3/2026-10-09-jr13/joint-07/actors/cases/joint-07/jr13-all-IQS_04.request.json
 create mode 100644 docs/implementation/intake/G3/2026-10-09-jr13/joint-07/actors/cases/joint-07/jr13-all-IQS_04.response.json
 create mode 100644 docs/implementation/intake/G3/2026-10-09-jr13/joint-07/actors/cases/joint-07/jr13-all-IQS_05.request.json
 create mode 100644 docs/implementation/intake/G3/2026-10-09-jr13/joint-07/actors/cases/joint-07/jr13-all-IQS_05.response.json
 create mode 100644 docs/implementation/intake/G3/2026-10-09-jr13/joint-07/actors/cases/joint-07/jr13-all-IQS_06.request.json
 create mode 100644 docs/implementation/intake/G3/2026-10-09-jr13/joint-07/actors/cases/joint-07/jr13-all-IQS_06.response.json
 create mode 100644 docs/implementation/intake/G3/2026-10-09-jr13/joint-07/actors/cases/joint-07/jr13-all-IQS_07.request.json
 create mode 100644 docs/implementation/intake/G3/2026-10-09-jr13/joint-07/actors/cases/joint-07/jr13-all-IQS_07.response.json
 create mode 100644 docs/implementation/intake/G3/2026-10-09-jr13/joint-07/actors/cases/joint-07/jr13-all-IQS_08.request.json
 create mode 100644 docs/implementation/intake/G3/2026-10-09-jr13/joint-07/actors/cases/joint-07/jr13-all-IQS_08.response.json
 create mode 100644 docs/implementation/intake/G3/2026-10-09-jr13/joint-07/actors/cases/joint-07/jr13-all-IQS_09.request.json
 create mode 100644 docs/implementation/intake/G3/2026-10-09-jr13/joint-07/actors/cases/joint-07/jr13-all-IQS_09.response.json
 create mode 100644 docs/implementation/intake/G3/2026-10-09-jr13/joint-07/actors/cases/joint-07/jr13-all-IQS_10.request.json
 create mode 100644 docs/implementation/intake/G3/2026-10-09-jr13/joint-07/actors/cases/joint-07/jr13-all-IQS_10.response.json
 create mode 100644 docs/implementation/intake/G3/2026-10-09-jr13/joint-07/actors/cases/joint-07/jr13-all-IQS_12.request.json
 create mode 100644 docs/implementation/intake/G3/2026-10-09-jr13/joint-07/actors/cases/joint-07/jr13-all-IQS_12.response.json
 create mode 100644 docs/implementation/intake/G3/2026-10-09-jr13/joint-07/actors/cases/joint-07/jr13-all-IQS_13.request.json
 create mode 100644 docs/implementation/intake/G3/2026-10-09-jr13/joint-07/actors/cases/joint-07/jr13-all-IQS_13.response.json
 create mode 100644 docs/implementation/intake/G3/2026-10-09-jr13/joint-07/actors/cases/joint-07/jr13-all-IQS_14.request.json
 create mode 100644 docs/implementation/intake/G3/2026-10-09-jr13/joint-07/actors/cases/joint-07/jr13-all-IQS_14.response.json
 create mode 100644 docs/implementation/intake/G3/2026-10-09-jr13/joint-07/actors/cases/joint-07/jr13-all-IQS_15.request.json
 create mode 100644 docs/implementation/intake/G3/2026-10-09-jr13/joint-07/actors/cases/joint-07/jr13-all-IQS_15.response.json
 create mode 100644 docs/implementation/intake/G3/2026-10-09-jr13/joint-07/actors/cases/joint-07/jr13-all-IQS_16.request.json
 create mode 100644 docs/implementation/intake/G3/2026-10-09-jr13/joint-07/actors/cases/joint-07/jr13-all-IQS_16.response.json
 create mode 100644 docs/implementation/intake/G3/2026-10-09-jr13/joint-07/actors/cases/joint-07/jr13-all-IQS_17.request.json
 create mode 100644 docs/implementation/intake/G3/2026-10-09-jr13/joint-07/actors/cases/joint-07/jr13-all-IQS_17.response.json
 create mode 100644 docs/implementation/intake/G3/2026-10-09-jr13/joint-07/actors/cases/joint-07/jr13-all-IQS_18.request.json
 create mode 100644 docs/implementation/intake/G3/2026-10-09-jr13/joint-07/actors/cases/joint-07/jr13-all-IQS_18.response.json
 create mode 100644 docs/implementation/intake/G3/2026-10-09-jr13/joint-07/actors/cases/joint-07/jr13-all-IQS_19.request.json
 create mode 100644 docs/implementation/intake/G3/2026-10-09-jr13/joint-07/actors/cases/joint-07/jr13-all-IQS_19.response.json
 create mode 100644 docs/implementation/intake/G3/2026-10-09-jr13/joint-07/actors/cases/joint-07/jr13-all-IQS_20.request.json
 create mode 100644 docs/implementation/intake/G3/2026-10-09-jr13/joint-07/actors/cases/joint-07/jr13-all-IQS_20.response.json
 create mode 100644 docs/implementation/intake/G3/2026-10-09-jr13/joint-07/actors/cases/joint-07/jr13-all-IQS_21.request.json
 create mode 100644 docs/implementation/intake/G3/2026-10-09-jr13/joint-07/actors/cases/joint-07/jr13-all-IQS_21.response.json
 create mode 100644 docs/implementation/intake/G3/2026-10-09-jr13/joint-07/actors/cases/joint-07/jr13-all-IQS_22.request.json
 create mode 100644 docs/implementation/intake/G3/2026-10-09-jr13/joint-07/actors/cases/joint-07/jr13-all-IQS_22.response.json
 create mode 100644 docs/implementation/intake/G3/2026-10-09-jr13/joint-07/actors/cases/joint-07/jr13-all-IQS_23.request.json
 create mode 100644 docs/implementation/intake/G3/2026-10-09-jr13/joint-07/actors/cases/joint-07/jr13-all-IQS_23.response.json
 create mode 100644 docs/implementation/intake/G3/2026-10-09-jr13/joint-07/actors/cases/joint-07/jr13-all-IQS_24.request.json
 create mode 100644 docs/implementation/intake/G3/2026-10-09-jr13/joint-07/actors/cases/joint-07/jr13-all-IQS_24.response.json
 create mode 100644 docs/implementation/intake/G3/2026-10-09-jr13/joint-07/actors/cases/joint-07/jr13-all-MATURE_01.request.json
 create mode 100644 docs/implementation/intake/G3/2026-10-09-jr13/joint-07/actors/cases/joint-07/jr13-all-MATURE_01.response.json
 create mode 100644 docs/implementation/intake/G3/2026-10-09-jr13/joint-07/actors/cases/joint-07/jr13-all-MATURE_02.request.json
 create mode 100644 docs/implementation/intake/G3/2026-10-09-jr13/joint-07/actors/cases/joint-07/jr13-all-MATURE_02.response.json
 create mode 100644 docs/implementation/intake/G3/2026-10-09-jr13/joint-07/actors/cases/joint-07/jr13-all-OPERATING_01.request.json
 create mode 100644 docs/implementation/intake/G3/2026-10-09-jr13/joint-07/actors/cases/joint-07/jr13-all-OPERATING_01.response.json
 create mode 100644 docs/implementation/intake/G3/2026-10-09-jr13/joint-07/actors/cases/joint-07/jr13-all-OPERATING_02.request.json
 create mode 100644 docs/implementation/intake/G3/2026-10-09-jr13/joint-07/actors/cases/joint-07/jr13-all-OPERATING_02.response.json
 create mode 100644 docs/implementation/intake/G3/2026-10-09-jr13/joint-07/actors/cases/joint-07/jr13-all-rows.request.json
 create mode 100644 docs/implementation/intake/G3/2026-10-09-jr13/joint-07/actors/cases/joint-07/jr13-all-rows.response.json
 create mode 100644 docs/implementation/intake/G3/2026-10-09-jr13/joint-07/actors/cases/joint-07/jr13-begin-IQS_01.request.json
 create mode 100644 docs/implementation/intake/G3/2026-10-09-jr13/joint-07/actors/cases/joint-07/jr13-begin-IQS_01.response.json
 create mode 100644 docs/implementation/intake/G3/2026-10-09-jr13/joint-07/actors/cases/joint-07/jr13-begin-IQS_06.request.json
 create mode 100644 docs/implementation/intake/G3/2026-10-09-jr13/joint-07/actors/cases/joint-07/jr13-begin-IQS_06.response.json
 create mode 100644 docs/implementation/intake/G3/2026-10-09-jr13/joint-07/actors/cases/joint-07/jr13-bind-IQS_01.request.json
 create mode 100644 docs/implementation/intake/G3/2026-10-09-jr13/joint-07/actors/cases/joint-07/jr13-bind-IQS_01.response.json
 create mode 100644 docs/implementation/intake/G3/2026-10-09-jr13/joint-07/actors/cases/joint-07/jr13-bind-IQS_06.request.json
 create mode 100644 docs/implementation/intake/G3/2026-10-09-jr13/joint-07/actors/cases/joint-07/jr13-bind-IQS_06.response.json
 create mode 100644 docs/implementation/intake/G3/2026-10-09-jr13/joint-07/actors/cases/joint-07/jr13-cold.request.json
 create mode 100644 docs/implementation/intake/G3/2026-10-09-jr13/joint-07/actors/cases/joint-07/jr13-cold.response.json
 create mode 100644 docs/implementation/intake/G3/2026-10-09-jr13/joint-07/actors/cases/joint-07/jr13-receiver.request.json
 create mode 100644 docs/implementation/intake/G3/2026-10-09-jr13/joint-07/actors/cases/joint-07/jr13-receiver.response.json
 create mode 100644 docs/implementation/intake/G3/2026-10-09-jr13/joint-07/actors/cases/joint-07/jr13-seed.request.json
 create mode 100644 docs/implementation/intake/G3/2026-10-09-jr13/joint-07/actors/cases/joint-07/jr13-seed.response.json
 create mode 100644 docs/implementation/intake/G3/2026-10-09-jr13/joint-07/actors/cases/joint-07/jr13-unbound-after.request.json
 create mode 100644 docs/implementation/intake/G3/2026-10-09-jr13/joint-07/actors/cases/joint-07/jr13-unbound-after.response.json
 create mode 100644 docs/implementation/intake/G3/2026-10-09-jr13/joint-07/actors/cases/joint-07/jr13-unbound-before.request.json
 create mode 100644 docs/implementation/intake/G3/2026-10-09-jr13/joint-07/actors/cases/joint-07/jr13-unbound-before.response.json
 create mode 100644 docs/implementation/intake/G3/2026-10-09-jr13/joint-07/actors/cases/joint-07/jr13-unbound-begin.request.json
 create mode 100644 docs/implementation/intake/G3/2026-10-09-jr13/joint-07/actors/logs/joint-07/j02-release.process.json
 create mode 100644 docs/implementation/intake/G3/2026-10-09-jr13/joint-07/actors/logs/joint-07/j02-release.response.json
 create mode 100644 docs/implementation/intake/G3/2026-10-09-jr13/joint-07/actors/logs/joint-07/j02-release.stderr.log
 create mode 100644 docs/implementation/intake/G3/2026-10-09-jr13/joint-07/actors/logs/joint-07/j02-release.stdout.log
 create mode 100644 docs/implementation/intake/G3/2026-10-09-jr13/joint-07/actors/logs/joint-07/j02-rows.process.json
 create mode 100644 docs/implementation/intake/G3/2026-10-09-jr13/joint-07/actors/logs/joint-07/j02-rows.response.json
 create mode 100644 docs/implementation/intake/G3/2026-10-09-jr13/joint-07/actors/logs/joint-07/j02-rows.stderr.log
 create mode 100644 docs/implementation/intake/G3/2026-10-09-jr13/joint-07/actors/logs/joint-07/j02-rows.stdout.log
 create mode 100644 docs/implementation/intake/G3/2026-10-09-jr13/joint-07/actors/logs/joint-07/j02-seed.process.json
 create mode 100644 docs/implementation/intake/G3/2026-10-09-jr13/joint-07/actors/logs/joint-07/j02-seed.response.json
 create mode 100644 docs/implementation/intake/G3/2026-10-09-jr13/joint-07/actors/logs/joint-07/j02-seed.stderr.log
 create mode 100644 docs/implementation/intake/G3/2026-10-09-jr13/joint-07/actors/logs/joint-07/j02-seed.stdout.log
 create mode 100644 docs/implementation/intake/G3/2026-10-09-jr13/joint-07/actors/logs/joint-07/j02-wrong-entry.process.json
 create mode 100644 docs/implementation/intake/G3/2026-10-09-jr13/joint-07/actors/logs/joint-07/j02-wrong-entry.response.json
 create mode 100644 docs/implementation/intake/G3/2026-10-09-jr13/joint-07/actors/logs/joint-07/j02-wrong-entry.stderr.log
 create mode 100644 docs/implementation/intake/G3/2026-10-09-jr13/joint-07/actors/logs/joint-07/j02-wrong-entry.stdout.log
 create mode 100644 docs/implementation/intake/G3/2026-10-09-jr13/joint-07/actors/logs/joint-07/j03-independent-cold.process.json
 create mode 100644 docs/implementation/intake/G3/2026-10-09-jr13/joint-07/actors/logs/joint-07/j03-independent-cold.response.json
 create mode 100644 docs/implementation/intake/G3/2026-10-09-jr13/joint-07/actors/logs/joint-07/j03-independent-cold.stderr.log
 create mode 100644 docs/implementation/intake/G3/2026-10-09-jr13/joint-07/actors/logs/joint-07/j03-independent-cold.stdout.log
 create mode 100644 docs/implementation/intake/G3/2026-10-09-jr13/joint-07/actors/logs/joint-07/j03-replay.process.json
 create mode 100644 docs/implementation/intake/G3/2026-10-09-jr13/joint-07/actors/logs/joint-07/j03-replay.response.json
 create mode 100644 docs/implementation/intake/G3/2026-10-09-jr13/joint-07/actors/logs/joint-07/j03-replay.stderr.log
 create mode 100644 docs/implementation/intake/G3/2026-10-09-jr13/joint-07/actors/logs/joint-07/j03-replay.stdout.log
 create mode 100644 docs/implementation/intake/G3/2026-10-09-jr13/joint-07/actors/logs/joint-07/j04-duplicate.process.json
 create mode 100644 docs/implementation/intake/G3/2026-10-09-jr13/joint-07/actors/logs/joint-07/j04-duplicate.response.json
 create mode 100644 docs/implementation/intake/G3/2026-10-09-jr13/joint-07/actors/logs/joint-07/j04-duplicate.stderr.log
 create mode 100644 docs/implementation/intake/G3/2026-10-09-jr13/joint-07/actors/logs/joint-07/j04-duplicate.stdout.log
 create mode 100644 docs/implementation/intake/G3/2026-10-09-jr13/joint-07/actors/logs/joint-07/j04-rows.process.json
 create mode 100644 docs/implementation/intake/G3/2026-10-09-jr13/joint-07/actors/logs/joint-07/j04-rows.response.json
 create mode 100644 docs/implementation/intake/G3/2026-10-09-jr13/joint-07/actors/logs/joint-07/j04-rows.stderr.log
 create mode 100644 docs/implementation/intake/G3/2026-10-09-jr13/joint-07/actors/logs/joint-07/j04-rows.stdout.log
 create mode 100644 docs/implementation/intake/G3/2026-10-09-jr13/joint-07/actors/logs/joint-07/j04-seed.process.json
 create mode 100644 docs/implementation/intake/G3/2026-10-09-jr13/joint-07/actors/logs/joint-07/j04-seed.response.json
 create mode 100644 docs/implementation/intake/G3/2026-10-09-jr13/joint-07/actors/logs/joint-07/j04-seed.stderr.log
 create mode 100644 docs/implementation/intake/G3/2026-10-09-jr13/joint-07/actors/logs/joint-07/j04-seed.stdout.log
 create mode 100644 docs/implementation/intake/G3/2026-10-09-jr13/joint-07/actors/logs/joint-07/j05-empty-identity.process.json
 create mode 100644 docs/implementation/intake/G3/2026-10-09-jr13/joint-07/actors/logs/joint-07/j05-empty-identity.response.json
 create mode 100644 docs/implementation/intake/G3/2026-10-09-jr13/joint-07/actors/logs/joint-07/j05-empty-identity.stderr.log
 create mode 100644 docs/implementation/intake/G3/2026-10-09-jr13/joint-07/actors/logs/joint-07/j05-empty-identity.stdout.log
 create mode 100644 docs/implementation/intake/G3/2026-10-09-jr13/joint-07/actors/logs/joint-07/j05-entity.process.json
 create mode 100644 docs/implementation/intake/G3/2026-10-09-jr13/joint-07/actors/logs/joint-07/j05-entity.response.json
 create mode 100644 docs/implementation/intake/G3/2026-10-09-jr13/joint-07/actors/logs/joint-07/j05-entity.stderr.log
 create mode 100644 docs/implementation/intake/G3/2026-10-09-jr13/joint-07/actors/logs/joint-07/j05-entity.stdout.log
 create mode 100644 docs/implementation/intake/G3/2026-10-09-jr13/joint-07/actors/logs/joint-07/j05-hash.process.json
 create mode 100644 docs/implementation/intake/G3/2026-10-09-jr13/joint-07/actors/logs/joint-07/j05-hash.response.json
 create mode 100644 docs/implementation/intake/G3/2026-10-09-jr13/joint-07/actors/logs/joint-07/j05-hash.stderr.log
 create mode 100644 docs/implementation/intake/G3/2026-10-09-jr13/joint-07/actors/logs/joint-07/j05-hash.stdout.log
 create mode 100644 docs/implementation/intake/G3/2026-10-09-jr13/joint-07/actors/logs/joint-07/j06-ack-again.process.json
 create mode 100644 docs/implementation/intake/G3/2026-10-09-jr13/joint-07/actors/logs/joint-07/j06-ack-again.response.json
 create mode 100644 docs/implementation/intake/G3/2026-10-09-jr13/joint-07/actors/logs/joint-07/j06-ack-again.stderr.log
 create mode 100644 docs/implementation/intake/G3/2026-10-09-jr13/joint-07/actors/logs/joint-07/j06-ack-again.stdout.log
 create mode 100644 docs/implementation/intake/G3/2026-10-09-jr13/joint-07/actors/logs/joint-07/j06-ack-apply.process.json
 create mode 100644 docs/implementation/intake/G3/2026-10-09-jr13/joint-07/actors/logs/joint-07/j06-ack-apply.response.json
 create mode 100644 docs/implementation/intake/G3/2026-10-09-jr13/joint-07/actors/logs/joint-07/j06-ack-apply.stderr.log
 create mode 100644 docs/implementation/intake/G3/2026-10-09-jr13/joint-07/actors/logs/joint-07/j06-ack-apply.stdout.log
 create mode 100644 docs/implementation/intake/G3/2026-10-09-jr13/joint-07/actors/logs/joint-07/j06-ack-read.process.json
 create mode 100644 docs/implementation/intake/G3/2026-10-09-jr13/joint-07/actors/logs/joint-07/j06-ack-read.response.json
 create mode 100644 docs/implementation/intake/G3/2026-10-09-jr13/joint-07/actors/logs/joint-07/j06-ack-read.stderr.log
 create mode 100644 docs/implementation/intake/G3/2026-10-09-jr13/joint-07/actors/logs/joint-07/j06-ack-read.stdout.log
 create mode 100644 docs/implementation/intake/G3/2026-10-09-jr13/joint-07/actors/logs/joint-07/j06-before.process.json
 create mode 100644 docs/implementation/intake/G3/2026-10-09-jr13/joint-07/actors/logs/joint-07/j06-before.response.json
 create mode 100644 docs/implementation/intake/G3/2026-10-09-jr13/joint-07/actors/logs/joint-07/j06-before.stderr.log
 create mode 100644 docs/implementation/intake/G3/2026-10-09-jr13/joint-07/actors/logs/joint-07/j06-before.stdout.log
 create mode 100644 docs/implementation/intake/G3/2026-10-09-jr13/joint-07/actors/logs/joint-07/j07-key-item_id.process.json
 create mode 100644 docs/implementation/intake/G3/2026-10-09-jr13/joint-07/actors/logs/joint-07/j07-key-item_id.response.json
 create mode 100644 docs/implementation/intake/G3/2026-10-09-jr13/joint-07/actors/logs/joint-07/j07-key-item_id.stderr.log
 create mode 100644 docs/implementation/intake/G3/2026-10-09-jr13/joint-07/actors/logs/joint-07/j07-key-item_id.stdout.log
 create mode 100644 docs/implementation/intake/G3/2026-10-09-jr13/joint-07/actors/logs/joint-07/j07-key-namespace.process.json
 create mode 100644 docs/implementation/intake/G3/2026-10-09-jr13/joint-07/actors/logs/joint-07/j07-key-namespace.response.json
 create mode 100644 docs/implementation/intake/G3/2026-10-09-jr13/joint-07/actors/logs/joint-07/j07-key-namespace.stderr.log
 create mode 100644 docs/implementation/intake/G3/2026-10-09-jr13/joint-07/actors/logs/joint-07/j07-key-namespace.stdout.log
 create mode 100644 docs/implementation/intake/G3/2026-10-09-jr13/joint-07/actors/logs/joint-07/j07-key-observation_id.process.json
 create mode 100644 docs/implementation/intake/G3/2026-10-09-jr13/joint-07/actors/logs/joint-07/j07-key-observation_id.response.json
 create mode 100644 docs/implementation/intake/G3/2026-10-09-jr13/joint-07/actors/logs/joint-07/j07-key-observation_id.stderr.log
 create mode 100644 docs/implementation/intake/G3/2026-10-09-jr13/joint-07/actors/logs/joint-07/j07-key-observation_id.stdout.log
 create mode 100644 docs/implementation/intake/G3/2026-10-09-jr13/joint-07/actors/logs/joint-07/j07-key-package_id.process.json
 create mode 100644 docs/implementation/intake/G3/2026-10-09-jr13/joint-07/actors/logs/joint-07/j07-key-package_id.response.json
 create mode 100644 docs/implementation/intake/G3/2026-10-09-jr13/joint-07/actors/logs/joint-07/j07-key-package_id.stderr.log
 create mode 100644 docs/implementation/intake/G3/2026-10-09-jr13/joint-07/actors/logs/joint-07/j07-key-package_id.stdout.log
 create mode 100644 docs/implementation/intake/G3/2026-10-09-jr13/joint-07/actors/logs/joint-07/j07-key-payload_sha256.process.json
 create mode 100644 docs/implementation/intake/G3/2026-10-09-jr13/joint-07/actors/logs/joint-07/j07-key-payload_sha256.response.json
 create mode 100644 docs/implementation/intake/G3/2026-10-09-jr13/joint-07/actors/logs/joint-07/j07-key-payload_sha256.stderr.log
 create mode 100644 docs/implementation/intake/G3/2026-10-09-jr13/joint-07/actors/logs/joint-07/j07-key-payload_sha256.stdout.log
 create mode 100644 docs/implementation/intake/G3/2026-10-09-jr13/joint-07/actors/logs/joint-07/j07-wrong-store.process.json
 create mode 100644 docs/implementation/intake/G3/2026-10-09-jr13/joint-07/actors/logs/joint-07/j07-wrong-store.response.json
 create mode 100644 docs/implementation/intake/G3/2026-10-09-jr13/joint-07/actors/logs/joint-07/j07-wrong-store.stderr.log
 create mode 100644 docs/implementation/intake/G3/2026-10-09-jr13/joint-07/actors/logs/joint-07/j07-wrong-store.stdout.log
 create mode 100644 docs/implementation/intake/G3/2026-10-09-jr13/joint-07/actors/logs/joint-07/j08-upgrade.process.json
 create mode 100644 docs/implementation/intake/G3/2026-10-09-jr13/joint-07/actors/logs/joint-07/j08-upgrade.response.json
 create mode 100644 docs/implementation/intake/G3/2026-10-09-jr13/joint-07/actors/logs/joint-07/j08-upgrade.stderr.log
 create mode 100644 docs/implementation/intake/G3/2026-10-09-jr13/joint-07/actors/logs/joint-07/j08-upgrade.stdout.log
 create mode 100644 docs/implementation/intake/G3/2026-10-09-jr13/joint-07/actors/logs/joint-07/j09-before.process.json
 create mode 100644 docs/implementation/intake/G3/2026-10-09-jr13/joint-07/actors/logs/joint-07/j09-before.response.json
 create mode 100644 docs/implementation/intake/G3/2026-10-09-jr13/joint-07/actors/logs/joint-07/j09-before.stderr.log
 create mode 100644 docs/implementation/intake/G3/2026-10-09-jr13/joint-07/actors/logs/joint-07/j09-before.stdout.log
 create mode 100644 docs/implementation/intake/G3/2026-10-09-jr13/joint-07/actors/logs/joint-07/j09-seal.process.json
 create mode 100644 docs/implementation/intake/G3/2026-10-09-jr13/joint-07/actors/logs/joint-07/j09-seal.response.json
 create mode 100644 docs/implementation/intake/G3/2026-10-09-jr13/joint-07/actors/logs/joint-07/j09-seal.stderr.log
 create mode 100644 docs/implementation/intake/G3/2026-10-09-jr13/joint-07/actors/logs/joint-07/j09-seal.stdout.log
 create mode 100644 docs/implementation/intake/G3/2026-10-09-jr13/joint-07/actors/logs/joint-07/j09-warm.process.json
 create mode 100644 docs/implementation/intake/G3/2026-10-09-jr13/joint-07/actors/logs/joint-07/j09-warm.response.json
 create mode 100644 docs/implementation/intake/G3/2026-10-09-jr13/joint-07/actors/logs/joint-07/j09-warm.stderr.log
 create mode 100644 docs/implementation/intake/G3/2026-10-09-jr13/joint-07/actors/logs/joint-07/j09-warm.stdout.log
 create mode 100644 docs/implementation/intake/G3/2026-10-09-jr13/joint-07/actors/logs/joint-07/j10-after.process.json
 create mode 100644 docs/implementation/intake/G3/2026-10-09-jr13/joint-07/actors/logs/joint-07/j10-after.response.json
 create mode 100644 docs/implementation/intake/G3/2026-10-09-jr13/joint-07/actors/logs/joint-07/j10-after.stderr.log
 create mode 100644 docs/implementation/intake/G3/2026-10-09-jr13/joint-07/actors/logs/joint-07/j10-after.stdout.log
 create mode 100644 docs/implementation/intake/G3/2026-10-09-jr13/joint-07/actors/logs/joint-07/j10-backup.process.json
 create mode 100644 docs/implementation/intake/G3/2026-10-09-jr13/joint-07/actors/logs/joint-07/j10-backup.response.json
 create mode 100644 docs/implementation/intake/G3/2026-10-09-jr13/joint-07/actors/logs/joint-07/j10-backup.stderr.log
 create mode 100644 docs/implementation/intake/G3/2026-10-09-jr13/joint-07/actors/logs/joint-07/j10-backup.stdout.log
 create mode 100644 docs/implementation/intake/G3/2026-10-09-jr13/joint-07/actors/logs/joint-07/j10-before.process.json
 create mode 100644 docs/implementation/intake/G3/2026-10-09-jr13/joint-07/actors/logs/joint-07/j10-before.response.json
 create mode 100644 docs/implementation/intake/G3/2026-10-09-jr13/joint-07/actors/logs/joint-07/j10-before.stderr.log
 create mode 100644 docs/implementation/intake/G3/2026-10-09-jr13/joint-07/actors/logs/joint-07/j10-before.stdout.log
 create mode 100644 docs/implementation/intake/G3/2026-10-09-jr13/joint-07/actors/logs/joint-07/j10-nonempty-refused.process.json
 create mode 100644 docs/implementation/intake/G3/2026-10-09-jr13/joint-07/actors/logs/joint-07/j10-nonempty-refused.response.json
 create mode 100644 docs/implementation/intake/G3/2026-10-09-jr13/joint-07/actors/logs/joint-07/j10-nonempty-refused.stderr.log
 create mode 100644 docs/implementation/intake/G3/2026-10-09-jr13/joint-07/actors/logs/joint-07/j10-nonempty-refused.stdout.log
 create mode 100644 docs/implementation/intake/G3/2026-10-09-jr13/joint-07/actors/logs/joint-07/j10-restore.process.json
 create mode 100644 docs/implementation/intake/G3/2026-10-09-jr13/joint-07/actors/logs/joint-07/j10-restore.response.json
 create mode 100644 docs/implementation/intake/G3/2026-10-09-jr13/joint-07/actors/logs/joint-07/j10-restore.stderr.log
 create mode 100644 docs/implementation/intake/G3/2026-10-09-jr13/joint-07/actors/logs/joint-07/j10-restore.stdout.log
 create mode 100644 docs/implementation/intake/G3/2026-10-09-jr13/joint-07/actors/logs/joint-07/j10-source-unchanged.process.json
 create mode 100644 docs/implementation/intake/G3/2026-10-09-jr13/joint-07/actors/logs/joint-07/j10-source-unchanged.response.json
 create mode 100644 docs/implementation/intake/G3/2026-10-09-jr13/joint-07/actors/logs/joint-07/j10-source-unchanged.stderr.log
 create mode 100644 docs/implementation/intake/G3/2026-10-09-jr13/joint-07/actors/logs/joint-07/j10-source-unchanged.stdout.log
 create mode 100644 docs/implementation/intake/G3/2026-10-09-jr13/joint-07/actors/logs/joint-07/j10-verify.process.json
 create mode 100644 docs/implementation/intake/G3/2026-10-09-jr13/joint-07/actors/logs/joint-07/j10-verify.response.json
 create mode 100644 docs/implementation/intake/G3/2026-10-09-jr13/joint-07/actors/logs/joint-07/j10-verify.stderr.log
 create mode 100644 docs/implementation/intake/G3/2026-10-09-jr13/joint-07/actors/logs/joint-07/j10-verify.stdout.log
 create mode 100644 docs/implementation/intake/G3/2026-10-09-jr13/joint-07/actors/logs/joint-07/j11-import-second.process.json
 create mode 100644 docs/implementation/intake/G3/2026-10-09-jr13/joint-07/actors/logs/joint-07/j11-import-second.response.json
 create mode 100644 docs/implementation/intake/G3/2026-10-09-jr13/joint-07/actors/logs/joint-07/j11-import-second.stderr.log
 create mode 100644 docs/implementation/intake/G3/2026-10-09-jr13/joint-07/actors/logs/joint-07/j11-import-second.stdout.log
 create mode 100644 docs/implementation/intake/G3/2026-10-09-jr13/joint-07/actors/logs/joint-07/j11-query.process.json
 create mode 100644 docs/implementation/intake/G3/2026-10-09-jr13/joint-07/actors/logs/joint-07/j11-query.response.json
 create mode 100644 docs/implementation/intake/G3/2026-10-09-jr13/joint-07/actors/logs/joint-07/j11-query.stderr.log
 create mode 100644 docs/implementation/intake/G3/2026-10-09-jr13/joint-07/actors/logs/joint-07/j11-query.stdout.log
 create mode 100644 docs/implementation/intake/G3/2026-10-09-jr13/joint-07/actors/logs/joint-07/j12-query.process.json
 create mode 100644 docs/implementation/intake/G3/2026-10-09-jr13/joint-07/actors/logs/joint-07/j12-query.response.json
 create mode 100644 docs/implementation/intake/G3/2026-10-09-jr13/joint-07/actors/logs/joint-07/j12-query.stderr.log
 create mode 100644 docs/implementation/intake/G3/2026-10-09-jr13/joint-07/actors/logs/joint-07/j12-query.stdout.log
 create mode 100644 docs/implementation/intake/G3/2026-10-09-jr13/joint-07/actors/logs/joint-07/j13-before.process.json
 create mode 100644 docs/implementation/intake/G3/2026-10-09-jr13/joint-07/actors/logs/joint-07/j13-before.response.json
 create mode 100644 docs/implementation/intake/G3/2026-10-09-jr13/joint-07/actors/logs/joint-07/j13-before.stderr.log
 create mode 100644 docs/implementation/intake/G3/2026-10-09-jr13/joint-07/actors/logs/joint-07/j13-before.stdout.log
 create mode 100644 docs/implementation/intake/G3/2026-10-09-jr13/joint-07/actors/logs/joint-07/j13-seal.process.json
 create mode 100644 docs/implementation/intake/G3/2026-10-09-jr13/joint-07/actors/logs/joint-07/j13-seal.response.json
 create mode 100644 docs/implementation/intake/G3/2026-10-09-jr13/joint-07/actors/logs/joint-07/j13-seal.stderr.log
 create mode 100644 docs/implementation/intake/G3/2026-10-09-jr13/joint-07/actors/logs/joint-07/j13-seal.stdout.log
 create mode 100644 docs/implementation/intake/G3/2026-10-09-jr13/joint-07/actors/logs/joint-07/j13-warm.process.json
 create mode 100644 docs/implementation/intake/G3/2026-10-09-jr13/joint-07/actors/logs/joint-07/j13-warm.response.json
 create mode 100644 docs/implementation/intake/G3/2026-10-09-jr13/joint-07/actors/logs/joint-07/j13-warm.stderr.log
 create mode 100644 docs/implementation/intake/G3/2026-10-09-jr13/joint-07/actors/logs/joint-07/j13-warm.stdout.log
 create mode 100644 docs/implementation/intake/G3/2026-10-09-jr13/joint-07/actors/logs/joint-07/jr13-all-CROSS_BORDER_01.process.json
 create mode 100644 docs/implementation/intake/G3/2026-10-09-jr13/joint-07/actors/logs/joint-07/jr13-all-CROSS_BORDER_01.response.json
 create mode 100644 docs/implementation/intake/G3/2026-10-09-jr13/joint-07/actors/logs/joint-07/jr13-all-CROSS_BORDER_01.stderr.log
 create mode 100644 docs/implementation/intake/G3/2026-10-09-jr13/joint-07/actors/logs/joint-07/jr13-all-CROSS_BORDER_01.stdout.log
 create mode 100644 docs/implementation/intake/G3/2026-10-09-jr13/joint-07/actors/logs/joint-07/jr13-all-CYCLICAL_01.process.json
 create mode 100644 docs/implementation/intake/G3/2026-10-09-jr13/joint-07/actors/logs/joint-07/jr13-all-CYCLICAL_01.response.json
 create mode 100644 docs/implementation/intake/G3/2026-10-09-jr13/joint-07/actors/logs/joint-07/jr13-all-CYCLICAL_01.stderr.log
 create mode 100644 docs/implementation/intake/G3/2026-10-09-jr13/joint-07/actors/logs/joint-07/jr13-all-CYCLICAL_01.stdout.log
 create mode 100644 docs/implementation/intake/G3/2026-10-09-jr13/joint-07/actors/logs/joint-07/jr13-all-CYCLICAL_02.process.json
 create mode 100644 docs/implementation/intake/G3/2026-10-09-jr13/joint-07/actors/logs/joint-07/jr13-all-CYCLICAL_02.response.json
 create mode 100644 docs/implementation/intake/G3/2026-10-09-jr13/joint-07/actors/logs/joint-07/jr13-all-CYCLICAL_02.stderr.log
 create mode 100644 docs/implementation/intake/G3/2026-10-09-jr13/joint-07/actors/logs/joint-07/jr13-all-CYCLICAL_02.stdout.log
 create mode 100644 docs/implementation/intake/G3/2026-10-09-jr13/joint-07/actors/logs/joint-07/jr13-all-INDUSTRIAL_01.process.json
 create mode 100644 docs/implementation/intake/G3/2026-10-09-jr13/joint-07/actors/logs/joint-07/jr13-all-INDUSTRIAL_01.response.json
 create mode 100644 docs/implementation/intake/G3/2026-10-09-jr13/joint-07/actors/logs/joint-07/jr13-all-INDUSTRIAL_01.stderr.log
 create mode 100644 docs/implementation/intake/G3/2026-10-09-jr13/joint-07/actors/logs/joint-07/jr13-all-INDUSTRIAL_01.stdout.log
 create mode 100644 docs/implementation/intake/G3/2026-10-09-jr13/joint-07/actors/logs/joint-07/jr13-all-INDUSTRIAL_02.process.json
 create mode 100644 docs/implementation/intake/G3/2026-10-09-jr13/joint-07/actors/logs/joint-07/jr13-all-INDUSTRIAL_02.response.json
 create mode 100644 docs/implementation/intake/G3/2026-10-09-jr13/joint-07/actors/logs/joint-07/jr13-all-INDUSTRIAL_02.stderr.log
 create mode 100644 docs/implementation/intake/G3/2026-10-09-jr13/joint-07/actors/logs/joint-07/jr13-all-INDUSTRIAL_02.stdout.log
 create mode 100644 docs/implementation/intake/G3/2026-10-09-jr13/joint-07/actors/logs/joint-07/jr13-all-IQS_01.process.json
 create mode 100644 docs/implementation/intake/G3/2026-10-09-jr13/joint-07/actors/logs/joint-07/jr13-all-IQS_01.response.json
 create mode 100644 docs/implementation/intake/G3/2026-10-09-jr13/joint-07/actors/logs/joint-07/jr13-all-IQS_01.stderr.log
 create mode 100644 docs/implementation/intake/G3/2026-10-09-jr13/joint-07/actors/logs/joint-07/jr13-all-IQS_01.stdout.log
 create mode 100644 docs/implementation/intake/G3/2026-10-09-jr13/joint-07/actors/logs/joint-07/jr13-all-IQS_02.process.json
 create mode 100644 docs/implementation/intake/G3/2026-10-09-jr13/joint-07/actors/logs/joint-07/jr13-all-IQS_02.response.json
 create mode 100644 docs/implementation/intake/G3/2026-10-09-jr13/joint-07/actors/logs/joint-07/jr13-all-IQS_02.stderr.log
 create mode 100644 docs/implementation/intake/G3/2026-10-09-jr13/joint-07/actors/logs/joint-07/jr13-all-IQS_02.stdout.log
 create mode 100644 docs/implementation/intake/G3/2026-10-09-jr13/joint-07/actors/logs/joint-07/jr13-all-IQS_04.process.json
 create mode 100644 docs/implementation/intake/G3/2026-10-09-jr13/joint-07/actors/logs/joint-07/jr13-all-IQS_04.response.json
 create mode 100644 docs/implementation/intake/G3/2026-10-09-jr13/joint-07/actors/logs/joint-07/jr13-all-IQS_04.stderr.log
 create mode 100644 docs/implementation/intake/G3/2026-10-09-jr13/joint-07/actors/logs/joint-07/jr13-all-IQS_04.stdout.log
 create mode 100644 docs/implementation/intake/G3/2026-10-09-jr13/joint-07/actors/logs/joint-07/jr13-all-IQS_05.process.json
 create mode 100644 docs/implementation/intake/G3/2026-10-09-jr13/joint-07/actors/logs/joint-07/jr13-all-IQS_05.response.json
 create mode 100644 docs/implementation/intake/G3/2026-10-09-jr13/joint-07/actors/logs/joint-07/jr13-all-IQS_05.stderr.log
 create mode 100644 docs/implementation/intake/G3/2026-10-09-jr13/joint-07/actors/logs/joint-07/jr13-all-IQS_05.stdout.log
 create mode 100644 docs/implementation/intake/G3/2026-10-09-jr13/joint-07/actors/logs/joint-07/jr13-all-IQS_06.process.json
 create mode 100644 docs/implementation/intake/G3/2026-10-09-jr13/joint-07/actors/logs/joint-07/jr13-all-IQS_06.response.json
 create mode 100644 docs/implementation/intake/G3/2026-10-09-jr13/joint-07/actors/logs/joint-07/jr13-all-IQS_06.stderr.log
 create mode 100644 docs/implementation/intake/G3/2026-10-09-jr13/joint-07/actors/logs/joint-07/jr13-all-IQS_06.stdout.log
 create mode 100644 docs/implementation/intake/G3/2026-10-09-jr13/joint-07/actors/logs/joint-07/jr13-all-IQS_07.process.json
 create mode 100644 docs/implementation/intake/G3/2026-10-09-jr13/joint-07/actors/logs/joint-07/jr13-all-IQS_07.response.json
 create mode 100644 docs/implementation/intake/G3/2026-10-09-jr13/joint-07/actors/logs/joint-07/jr13-all-IQS_07.stderr.log
 create mode 100644 docs/implementation/intake/G3/2026-10-09-jr13/joint-07/actors/logs/joint-07/jr13-all-IQS_07.stdout.log
 create mode 100644 docs/implementation/intake/G3/2026-10-09-jr13/joint-07/actors/logs/joint-07/jr13-all-IQS_08.process.json
 create mode 100644 docs/implementation/intake/G3/2026-10-09-jr13/joint-07/actors/logs/joint-07/jr13-all-IQS_08.response.json
 create mode 100644 docs/implementation/intake/G3/2026-10-09-jr13/joint-07/actors/logs/joint-07/jr13-all-IQS_08.stderr.log
 create mode 100644 docs/implementation/intake/G3/2026-10-09-jr13/joint-07/actors/logs/joint-07/jr13-all-IQS_08.stdout.log
 create mode 100644 docs/implementation/intake/G3/2026-10-09-jr13/joint-07/actors/logs/joint-07/jr13-all-IQS_09.process.json
 create mode 100644 docs/implementation/intake/G3/2026-10-09-jr13/joint-07/actors/logs/joint-07/jr13-all-IQS_09.response.json
 create mode 100644 docs/implementation/intake/G3/2026-10-09-jr13/joint-07/actors/logs/joint-07/jr13-all-IQS_09.stderr.log
 create mode 100644 docs/implementation/intake/G3/2026-10-09-jr13/joint-07/actors/logs/joint-07/jr13-all-IQS_09.stdout.log
 create mode 100644 docs/implementation/intake/G3/2026-10-09-jr13/joint-07/actors/logs/joint-07/jr13-all-IQS_10.process.json
 create mode 100644 docs/implementation/intake/G3/2026-10-09-jr13/joint-07/actors/logs/joint-07/jr13-all-IQS_10.response.json
 create mode 100644 docs/implementation/intake/G3/2026-10-09-jr13/joint-07/actors/logs/joint-07/jr13-all-IQS_10.stderr.log
 create mode 100644 docs/implementation/intake/G3/2026-10-09-jr13/joint-07/actors/logs/joint-07/jr13-all-IQS_10.stdout.log
 create mode 100644 docs/implementation/intake/G3/2026-10-09-jr13/joint-07/actors/logs/joint-07/jr13-all-IQS_12.process.json
 create mode 100644 docs/implementation/intake/G3/2026-10-09-jr13/joint-07/actors/logs/joint-07/jr13-all-IQS_12.response.json
 create mode 100644 docs/implementation/intake/G3/2026-10-09-jr13/joint-07/actors/logs/joint-07/jr13-all-IQS_12.stderr.log
 create mode 100644 docs/implementation/intake/G3/2026-10-09-jr13/joint-07/actors/logs/joint-07/jr13-all-IQS_12.stdout.log
 create mode 100644 docs/implementation/intake/G3/2026-10-09-jr13/joint-07/actors/logs/joint-07/jr13-all-IQS_13.process.json
 create mode 100644 docs/implementation/intake/G3/2026-10-09-jr13/joint-07/actors/logs/joint-07/jr13-all-IQS_13.response.json
 create mode 100644 docs/implementation/intake/G3/2026-10-09-jr13/joint-07/actors/logs/joint-07/jr13-all-IQS_13.stderr.log
 create mode 100644 docs/implementation/intake/G3/2026-10-09-jr13/joint-07/actors/logs/joint-07/jr13-all-IQS_13.stdout.log
 create mode 100644 docs/implementation/intake/G3/2026-10-09-jr13/joint-07/actors/logs/joint-07/jr13-all-IQS_14.process.json
 create mode 100644 docs/implementation/intake/G3/2026-10-09-jr13/joint-07/actors/logs/joint-07/jr13-all-IQS_14.response.json
 create mode 100644 docs/implementation/intake/G3/2026-10-09-jr13/joint-07/actors/logs/joint-07/jr13-all-IQS_14.stderr.log
 create mode 100644 docs/implementation/intake/G3/2026-10-09-jr13/joint-07/actors/logs/joint-07/jr13-all-IQS_14.stdout.log
 create mode 100644 docs/implementation/intake/G3/2026-10-09-jr13/joint-07/actors/logs/joint-07/jr13-all-IQS_15.process.json
 create mode 100644 docs/implementation/intake/G3/2026-10-09-jr13/joint-07/actors/logs/joint-07/jr13-all-IQS_15.response.json
 create mode 100644 docs/implementation/intake/G3/2026-10-09-jr13/joint-07/actors/logs/joint-07/jr13-all-IQS_15.stderr.log
 create mode 100644 docs/implementation/intake/G3/2026-10-09-jr13/joint-07/actors/logs/joint-07/jr13-all-IQS_15.stdout.log
 create mode 100644 docs/implementation/intake/G3/2026-10-09-jr13/joint-07/actors/logs/joint-07/jr13-all-IQS_16.process.json
 create mode 100644 docs/implementation/intake/G3/2026-10-09-jr13/joint-07/actors/logs/joint-07/jr13-all-IQS_16.response.json
 create mode 100644 docs/implementation/intake/G3/2026-10-09-jr13/joint-07/actors/logs/joint-07/jr13-all-IQS_16.stderr.log
 create mode 100644 docs/implementation/intake/G3/2026-10-09-jr13/joint-07/actors/logs/joint-07/jr13-all-IQS_16.stdout.log
 create mode 100644 docs/implementation/intake/G3/2026-10-09-jr13/joint-07/actors/logs/joint-07/jr13-all-IQS_17.process.json
 create mode 100644 docs/implementation/intake/G3/2026-10-09-jr13/joint-07/actors/logs/joint-07/jr13-all-IQS_17.response.json
 create mode 100644 docs/implementation/intake/G3/2026-10-09-jr13/joint-07/actors/logs/joint-07/jr13-all-IQS_17.stderr.log
 create mode 100644 docs/implementation/intake/G3/2026-10-09-jr13/joint-07/actors/logs/joint-07/jr13-all-IQS_17.stdout.log
 create mode 100644 docs/implementation/intake/G3/2026-10-09-jr13/joint-07/actors/logs/joint-07/jr13-all-IQS_18.process.json
 create mode 100644 docs/implementation/intake/G3/2026-10-09-jr13/joint-07/actors/logs/joint-07/jr13-all-IQS_18.response.json
 create mode 100644 docs/implementation/intake/G3/2026-10-09-jr13/joint-07/actors/logs/joint-07/jr13-all-IQS_18.stderr.log
 create mode 100644 docs/implementation/intake/G3/2026-10-09-jr13/joint-07/actors/logs/joint-07/jr13-all-IQS_18.stdout.log
 create mode 100644 docs/implementation/intake/G3/2026-10-09-jr13/joint-07/actors/logs/joint-07/jr13-all-IQS_19.process.json
 create mode 100644 docs/implementation/intake/G3/2026-10-09-jr13/joint-07/actors/logs/joint-07/jr13-all-IQS_19.response.json
 create mode 100644 docs/implementation/intake/G3/2026-10-09-jr13/joint-07/actors/logs/joint-07/jr13-all-IQS_19.stderr.log
 create mode 100644 docs/implementation/intake/G3/2026-10-09-jr13/joint-07/actors/logs/joint-07/jr13-all-IQS_19.stdout.log
 create mode 100644 docs/implementation/intake/G3/2026-10-09-jr13/joint-07/actors/logs/joint-07/jr13-all-IQS_20.process.json
 create mode 100644 docs/implementation/intake/G3/2026-10-09-jr13/joint-07/actors/logs/joint-07/jr13-all-IQS_20.response.json
 create mode 100644 docs/implementation/intake/G3/2026-10-09-jr13/joint-07/actors/logs/joint-07/jr13-all-IQS_20.stderr.log
 create mode 100644 docs/implementation/intake/G3/2026-10-09-jr13/joint-07/actors/logs/joint-07/jr13-all-IQS_20.stdout.log
 create mode 100644 docs/implementation/intake/G3/2026-10-09-jr13/joint-07/actors/logs/joint-07/jr13-all-IQS_21.process.json
 create mode 100644 docs/implementation/intake/G3/2026-10-09-jr13/joint-07/actors/logs/joint-07/jr13-all-IQS_21.response.json
 create mode 100644 docs/implementation/intake/G3/2026-10-09-jr13/joint-07/actors/logs/joint-07/jr13-all-IQS_21.stderr.log
 create mode 100644 docs/implementation/intake/G3/2026-10-09-jr13/joint-07/actors/logs/joint-07/jr13-all-IQS_21.stdout.log
 create mode 100644 docs/implementation/intake/G3/2026-10-09-jr13/joint-07/actors/logs/joint-07/jr13-all-IQS_22.process.json
 create mode 100644 docs/implementation/intake/G3/2026-10-09-jr13/joint-07/actors/logs/joint-07/jr13-all-IQS_22.response.json
 create mode 100644 docs/implementation/intake/G3/2026-10-09-jr13/joint-07/actors/logs/joint-07/jr13-all-IQS_22.stderr.log
 create mode 100644 docs/implementation/intake/G3/2026-10-09-jr13/joint-07/actors/logs/joint-07/jr13-all-IQS_22.stdout.log
 create mode 100644 docs/implementation/intake/G3/2026-10-09-jr13/joint-07/actors/logs/joint-07/jr13-all-IQS_23.process.json
 create mode 100644 docs/implementation/intake/G3/2026-10-09-jr13/joint-07/actors/logs/joint-07/jr13-all-IQS_23.response.json
 create mode 100644 docs/implementation/intake/G3/2026-10-09-jr13/joint-07/actors/logs/joint-07/jr13-all-IQS_23.stderr.log
 create mode 100644 docs/implementation/intake/G3/2026-10-09-jr13/joint-07/actors/logs/joint-07/jr13-all-IQS_23.stdout.log
 create mode 100644 docs/implementation/intake/G3/2026-10-09-jr13/joint-07/actors/logs/joint-07/jr13-all-IQS_24.process.json
 create mode 100644 docs/implementation/intake/G3/2026-10-09-jr13/joint-07/actors/logs/joint-07/jr13-all-IQS_24.response.json
 create mode 100644 docs/implementation/intake/G3/2026-10-09-jr13/joint-07/actors/logs/joint-07/jr13-all-IQS_24.stderr.log
 create mode 100644 docs/implementation/intake/G3/2026-10-09-jr13/joint-07/actors/logs/joint-07/jr13-all-IQS_24.stdout.log
 create mode 100644 docs/implementation/intake/G3/2026-10-09-jr13/joint-07/actors/logs/joint-07/jr13-all-MATURE_01.process.json
 create mode 100644 docs/implementation/intake/G3/2026-10-09-jr13/joint-07/actors/logs/joint-07/jr13-all-MATURE_01.response.json
 create mode 100644 docs/implementation/intake/G3/2026-10-09-jr13/joint-07/actors/logs/joint-07/jr13-all-MATURE_01.stderr.log
 create mode 100644 docs/implementation/intake/G3/2026-10-09-jr13/joint-07/actors/logs/joint-07/jr13-all-MATURE_01.stdout.log
 create mode 100644 docs/implementation/intake/G3/2026-10-09-jr13/joint-07/actors/logs/joint-07/jr13-all-MATURE_02.process.json
 create mode 100644 docs/implementation/intake/G3/2026-10-09-jr13/joint-07/actors/logs/joint-07/jr13-all-MATURE_02.response.json
 create mode 100644 docs/implementation/intake/G3/2026-10-09-jr13/joint-07/actors/logs/joint-07/jr13-all-MATURE_02.stderr.log
 create mode 100644 docs/implementation/intake/G3/2026-10-09-jr13/joint-07/actors/logs/joint-07/jr13-all-MATURE_02.stdout.log
 create mode 100644 docs/implementation/intake/G3/2026-10-09-jr13/joint-07/actors/logs/joint-07/jr13-all-OPERATING_01.process.json
 create mode 100644 docs/implementation/intake/G3/2026-10-09-jr13/joint-07/actors/logs/joint-07/jr13-all-OPERATING_01.response.json
 create mode 100644 docs/implementation/intake/G3/2026-10-09-jr13/joint-07/actors/logs/joint-07/jr13-all-OPERATING_01.stderr.log
 create mode 100644 docs/implementation/intake/G3/2026-10-09-jr13/joint-07/actors/logs/joint-07/jr13-all-OPERATING_01.stdout.log
 create mode 100644 docs/implementation/intake/G3/2026-10-09-jr13/joint-07/actors/logs/joint-07/jr13-all-OPERATING_02.process.json
 create mode 100644 docs/implementation/intake/G3/2026-10-09-jr13/joint-07/actors/logs/joint-07/jr13-all-OPERATING_02.response.json
 create mode 100644 docs/implementation/intake/G3/2026-10-09-jr13/joint-07/actors/logs/joint-07/jr13-all-OPERATING_02.stderr.log
 create mode 100644 docs/implementation/intake/G3/2026-10-09-jr13/joint-07/actors/logs/joint-07/jr13-all-OPERATING_02.stdout.log
 create mode 100644 docs/implementation/intake/G3/2026-10-09-jr13/joint-07/actors/logs/joint-07/jr13-all-rows.process.json
 create mode 100644 docs/implementation/intake/G3/2026-10-09-jr13/joint-07/actors/logs/joint-07/jr13-all-rows.response.json
 create mode 100644 docs/implementation/intake/G3/2026-10-09-jr13/joint-07/actors/logs/joint-07/jr13-all-rows.stderr.log
 create mode 100644 docs/implementation/intake/G3/2026-10-09-jr13/joint-07/actors/logs/joint-07/jr13-all-rows.stdout.log
 create mode 100644 docs/implementation/intake/G3/2026-10-09-jr13/joint-07/actors/logs/joint-07/jr13-begin-IQS_01.process.json
 create mode 100644 docs/implementation/intake/G3/2026-10-09-jr13/joint-07/actors/logs/joint-07/jr13-begin-IQS_01.response.json
 create mode 100644 docs/implementation/intake/G3/2026-10-09-jr13/joint-07/actors/logs/joint-07/jr13-begin-IQS_01.stderr.log
 create mode 100644 docs/implementation/intake/G3/2026-10-09-jr13/joint-07/actors/logs/joint-07/jr13-begin-IQS_01.stdout.log
 create mode 100644 docs/implementation/intake/G3/2026-10-09-jr13/joint-07/actors/logs/joint-07/jr13-begin-IQS_06.process.json
 create mode 100644 docs/implementation/intake/G3/2026-10-09-jr13/joint-07/actors/logs/joint-07/jr13-begin-IQS_06.response.json
 create mode 100644 docs/implementation/intake/G3/2026-10-09-jr13/joint-07/actors/logs/joint-07/jr13-begin-IQS_06.stderr.log
 create mode 100644 docs/implementation/intake/G3/2026-10-09-jr13/joint-07/actors/logs/joint-07/jr13-begin-IQS_06.stdout.log
 create mode 100644 docs/implementation/intake/G3/2026-10-09-jr13/joint-07/actors/logs/joint-07/jr13-bind-IQS_01.process.json
 create mode 100644 docs/implementation/intake/G3/2026-10-09-jr13/joint-07/actors/logs/joint-07/jr13-bind-IQS_01.response.json
 create mode 100644 docs/implementation/intake/G3/2026-10-09-jr13/joint-07/actors/logs/joint-07/jr13-bind-IQS_01.stderr.log
 create mode 100644 docs/implementation/intake/G3/2026-10-09-jr13/joint-07/actors/logs/joint-07/jr13-bind-IQS_01.stdout.log
 create mode 100644 docs/implementation/intake/G3/2026-10-09-jr13/joint-07/actors/logs/joint-07/jr13-bind-IQS_06.process.json
 create mode 100644 docs/implementation/intake/G3/2026-10-09-jr13/joint-07/actors/logs/joint-07/jr13-bind-IQS_06.response.json
 create mode 100644 docs/implementation/intake/G3/2026-10-09-jr13/joint-07/actors/logs/joint-07/jr13-bind-IQS_06.stderr.log
 create mode 100644 docs/implementation/intake/G3/2026-10-09-jr13/joint-07/actors/logs/joint-07/jr13-bind-IQS_06.stdout.log
 create mode 100644 docs/implementation/intake/G3/2026-10-09-jr13/joint-07/actors/logs/joint-07/jr13-cold.process.json
 create mode 100644 docs/implementation/intake/G3/2026-10-09-jr13/joint-07/actors/logs/joint-07/jr13-cold.response.json
 create mode 100644 docs/implementation/intake/G3/2026-10-09-jr13/joint-07/actors/logs/joint-07/jr13-cold.stderr.log
 create mode 100644 docs/implementation/intake/G3/2026-10-09-jr13/joint-07/actors/logs/joint-07/jr13-cold.stdout.log
 create mode 100644 docs/implementation/intake/G3/2026-10-09-jr13/joint-07/actors/logs/joint-07/jr13-receiver.process.json
 create mode 100644 docs/implementation/intake/G3/2026-10-09-jr13/joint-07/actors/logs/joint-07/jr13-receiver.response.json
 create mode 100644 docs/implementation/intake/G3/2026-10-09-jr13/joint-07/actors/logs/joint-07/jr13-receiver.stderr.log
 create mode 100644 docs/implementation/intake/G3/2026-10-09-jr13/joint-07/actors/logs/joint-07/jr13-receiver.stdout.log
 create mode 100644 docs/implementation/intake/G3/2026-10-09-jr13/joint-07/actors/logs/joint-07/jr13-seed.process.json
 create mode 100644 docs/implementation/intake/G3/2026-10-09-jr13/joint-07/actors/logs/joint-07/jr13-seed.response.json
 create mode 100644 docs/implementation/intake/G3/2026-10-09-jr13/joint-07/actors/logs/joint-07/jr13-seed.stderr.log
 create mode 100644 docs/implementation/intake/G3/2026-10-09-jr13/joint-07/actors/logs/joint-07/jr13-seed.stdout.log
 create mode 100644 docs/implementation/intake/G3/2026-10-09-jr13/joint-07/actors/logs/joint-07/jr13-unbound-after.process.json
 create mode 100644 docs/implementation/intake/G3/2026-10-09-jr13/joint-07/actors/logs/joint-07/jr13-unbound-after.response.json
 create mode 100644 docs/implementation/intake/G3/2026-10-09-jr13/joint-07/actors/logs/joint-07/jr13-unbound-after.stderr.log
 create mode 100644 docs/implementation/intake/G3/2026-10-09-jr13/joint-07/actors/logs/joint-07/jr13-unbound-after.stdout.log
 create mode 100644 docs/implementation/intake/G3/2026-10-09-jr13/joint-07/actors/logs/joint-07/jr13-unbound-before.process.json
 create mode 100644 docs/implementation/intake/G3/2026-10-09-jr13/joint-07/actors/logs/joint-07/jr13-unbound-before.response.json
 create mode 100644 docs/implementation/intake/G3/2026-10-09-jr13/joint-07/actors/logs/joint-07/jr13-unbound-before.stderr.log
 create mode 100644 docs/implementation/intake/G3/2026-10-09-jr13/joint-07/actors/logs/joint-07/jr13-unbound-before.stdout.log
 create mode 100644 docs/implementation/intake/G3/2026-10-09-jr13/joint-07/actors/logs/joint-07/jr13-unbound-begin.process.json
 create mode 100644 docs/implementation/intake/G3/2026-10-09-jr13/joint-07/actors/logs/joint-07/jr13-unbound-begin.stderr.log
 create mode 100644 docs/implementation/intake/G3/2026-10-09-jr13/joint-07/actors/logs/joint-07/jr13-unbound-begin.stdout.log
 create mode 100644 docs/implementation/intake/G3/2026-10-09-jr13/joint-07/junit.xml
 create mode 100644 docs/implementation/intake/G3/2026-10-09-jr13/joint-07/key-opens.jsonl
 create mode 100644 docs/implementation/intake/G3/2026-10-09-jr13/joint-07/process.json
 create mode 100644 docs/implementation/intake/G3/2026-10-09-jr13/joint-07/source-before.json
 create mode 100644 docs/implementation/intake/G3/2026-10-09-jr13/joint-07/stderr.log
 create mode 100644 docs/implementation/intake/G3/2026-10-09-jr13/joint-07/stdout.log
 create mode 100644 docs/implementation/intake/G3/2026-10-09-jr13/joint-dependency-02.json
 create mode 100644 docs/implementation/intake/G3/2026-10-09-jr13/joint-dependency-03.json
 create mode 100644 docs/implementation/intake/G3/2026-10-09-jr13/joint-input-01.json
 create mode 100644 docs/implementation/intake/G3/2026-10-09-jr13/mixed-green-01/junit.xml
 create mode 100644 docs/implementation/intake/G3/2026-10-09-jr13/mixed-green-01/key-opens.jsonl
 create mode 100644 docs/implementation/intake/G3/2026-10-09-jr13/mixed-green-01/process.json
 create mode 100644 docs/implementation/intake/G3/2026-10-09-jr13/mixed-green-01/source-before.json
 create mode 100644 docs/implementation/intake/G3/2026-10-09-jr13/mixed-green-01/stderr.log
 create mode 100644 docs/implementation/intake/G3/2026-10-09-jr13/mixed-green-01/stdout.log
 create mode 100644 docs/implementation/intake/G3/2026-10-09-jr13/mixed-red-01/junit.xml
 create mode 100644 docs/implementation/intake/G3/2026-10-09-jr13/mixed-red-01/key-opens.jsonl
 create mode 100644 docs/implementation/intake/G3/2026-10-09-jr13/mixed-red-01/process.json
 create mode 100644 docs/implementation/intake/G3/2026-10-09-jr13/mixed-red-01/source-before.json
 create mode 100644 docs/implementation/intake/G3/2026-10-09-jr13/mixed-red-01/stderr.log
 create mode 100644 docs/implementation/intake/G3/2026-10-09-jr13/mixed-red-01/stdout.log
 create mode 100644 docs/implementation/intake/G3/2026-10-09-jr13/residual-actor-index.json
 create mode 100644 docs/implementation/intake/G3/2026-10-09-jr13/review-green-01/junit.xml
 create mode 100644 docs/implementation/intake/G3/2026-10-09-jr13/review-green-01/key-opens.jsonl
 create mode 100644 docs/implementation/intake/G3/2026-10-09-jr13/review-green-01/process.json
 create mode 100644 docs/implementation/intake/G3/2026-10-09-jr13/review-green-01/source-before.json
 create mode 100644 docs/implementation/intake/G3/2026-10-09-jr13/review-green-01/stderr.log
 create mode 100644 docs/implementation/intake/G3/2026-10-09-jr13/review-green-01/stdout.log
 create mode 100644 docs/implementation/intake/G3/2026-10-09-jr13/review-green-02/junit.xml
 create mode 100644 docs/implementation/intake/G3/2026-10-09-jr13/review-green-02/key-opens.jsonl
 create mode 100644 docs/implementation/intake/G3/2026-10-09-jr13/review-green-02/process.json
 create mode 100644 docs/implementation/intake/G3/2026-10-09-jr13/review-green-02/source-before.json
 create mode 100644 docs/implementation/intake/G3/2026-10-09-jr13/review-green-02/stderr.log
 create mode 100644 docs/implementation/intake/G3/2026-10-09-jr13/review-green-02/stdout.log
 create mode 100644 docs/implementation/intake/G3/2026-10-09-jr13/review-red-01/junit.xml
 create mode 100644 docs/implementation/intake/G3/2026-10-09-jr13/review-red-01/source-before.json
 create mode 100644 docs/implementation/intake/G3/2026-10-09-jr13/review-red-01/stderr.log
 create mode 100644 docs/implementation/intake/G3/2026-10-09-jr13/review-red-01/stdout.log
 create mode 100644 docs/implementation/intake/G3/2026-10-09-jr13/source-candidate-diff.json
 create mode 100644 docs/implementation/intake/G3/2026-10-09-jr13/source-candidate.diff
 create mode 100644 docs/implementation/intake/G3/2026-10-09-jr13/source-preflight-01.json
 create mode 100644 docs/implementation/intake/G3/2026-10-09-jr13/source-preflight-02.json
 create mode 100644 docs/implementation/intake/G3/2026-10-09-jr13/static-01/process.json
 create mode 100644 docs/implementation/intake/G3/2026-10-09-jr13/static-01/stderr.log
 create mode 100644 docs/implementation/intake/G3/2026-10-09-jr13/static-01/stdout.log
 create mode 100644 docs/implementation/intake/G3/2026-10-09-jr13/static-02/0.stderr.log
 create mode 100644 docs/implementation/intake/G3/2026-10-09-jr13/static-02/0.stdout.log
 create mode 100644 docs/implementation/intake/G3/2026-10-09-jr13/static-02/1.stderr.log
 create mode 100644 docs/implementation/intake/G3/2026-10-09-jr13/static-02/1.stdout.log
 create mode 100644 docs/implementation/intake/G3/2026-10-09-jr13/static-02/process.json
 create mode 100644 docs/implementation/intake/G3/2026-10-09-jr13/static-03/0.stderr.log
 create mode 100644 docs/implementation/intake/G3/2026-10-09-jr13/static-03/0.stdout.log
 create mode 100644 docs/implementation/intake/G3/2026-10-09-jr13/static-03/1.stderr.log
 create mode 100644 docs/implementation/intake/G3/2026-10-09-jr13/static-03/1.stdout.log
 create mode 100644 docs/implementation/intake/G3/2026-10-09-jr13/static-03/process.json
 create mode 100644 docs/implementation/intake/G3/2026-10-09-jr13/static-04/0.stderr.log
 create mode 100644 docs/implementation/intake/G3/2026-10-09-jr13/static-04/0.stdout.log
 create mode 100644 docs/implementation/intake/G3/2026-10-09-jr13/static-04/1.stderr.log
 create mode 100644 docs/implementation/intake/G3/2026-10-09-jr13/static-04/1.stdout.log
 create mode 100644 docs/implementation/intake/G3/2026-10-09-jr13/static-04/process.json
 create mode 100644 docs/implementation/intake/G3/2026-10-09-jr13/static-05/0.stderr.log
 create mode 100644 docs/implementation/intake/G3/2026-10-09-jr13/static-05/0.stdout.log
 create mode 100644 docs/implementation/intake/G3/2026-10-09-jr13/static-05/1.stderr.log
 create mode 100644 docs/implementation/intake/G3/2026-10-09-jr13/static-05/1.stdout.log
 create mode 100644 docs/implementation/intake/G3/2026-10-09-jr13/static-05/process.json
 create mode 100644 docs/implementation/reviews/G3/jr13-2026-10-09/README.md
 create mode 100644 docs/implementation/reviews/G3/jr13-2026-10-09/acceptance.md
 create mode 100644 docs/implementation/reviews/G3/jr13-2026-10-09/adapt_model_fixture.py
 create mode 100644 docs/implementation/reviews/G3/jr13-2026-10-09/add_mixed_red.py
 create mode 100644 docs/implementation/reviews/G3/jr13-2026-10-09/add_red.py
 create mode 100644 docs/implementation/reviews/G3/jr13-2026-10-09/add_review_red.py
 create mode 100644 docs/implementation/reviews/G3/jr13-2026-10-09/archive_residual.py
 create mode 100644 docs/implementation/reviews/G3/jr13-2026-10-09/backup-scope-extension.md
 create mode 100644 docs/implementation/reviews/G3/jr13-2026-10-09/bind_fixture_bytes.py
 create mode 100644 docs/implementation/reviews/G3/jr13-2026-10-09/cleanup.ps1
 create mode 100644 docs/implementation/reviews/G3/jr13-2026-10-09/compatibility-recheck-evidence/batches/affected-final-03/junit.xml
 create mode 100644 docs/implementation/reviews/G3/jr13-2026-10-09/compatibility-recheck-evidence/batches/affected-final-03/key-opens.jsonl
 create mode 100644 docs/implementation/reviews/G3/jr13-2026-10-09/compatibility-recheck-evidence/batches/affected-final-03/process.json
 create mode 100644 docs/implementation/reviews/G3/jr13-2026-10-09/compatibility-recheck-evidence/batches/affected-final-03/source-before.json
 create mode 100644 docs/implementation/reviews/G3/jr13-2026-10-09/compatibility-recheck-evidence/batches/affected-final-03/stderr.log
 create mode 100644 docs/implementation/reviews/G3/jr13-2026-10-09/compatibility-recheck-evidence/batches/affected-final-03/stdout.log
 create mode 100644 docs/implementation/reviews/G3/jr13-2026-10-09/compatibility-recheck-evidence/batches/affected-final-04/junit.xml
 create mode 100644 docs/implementation/reviews/G3/jr13-2026-10-09/compatibility-recheck-evidence/batches/affected-final-04/key-opens.jsonl
 create mode 100644 docs/implementation/reviews/G3/jr13-2026-10-09/compatibility-recheck-evidence/batches/affected-final-04/process.json
 create mode 100644 docs/implementation/reviews/G3/jr13-2026-10-09/compatibility-recheck-evidence/batches/affected-final-04/source-before.json
 create mode 100644 docs/implementation/reviews/G3/jr13-2026-10-09/compatibility-recheck-evidence/batches/affected-final-04/stderr.log
 create mode 100644 docs/implementation/reviews/G3/jr13-2026-10-09/compatibility-recheck-evidence/batches/affected-final-04/stdout.log
 create mode 100644 docs/implementation/reviews/G3/jr13-2026-10-09/compatibility-recheck-evidence/batches/compatibility-green-01/junit.xml
 create mode 100644 docs/implementation/reviews/G3/jr13-2026-10-09/compatibility-recheck-evidence/batches/compatibility-green-01/key-opens.jsonl
 create mode 100644 docs/implementation/reviews/G3/jr13-2026-10-09/compatibility-recheck-evidence/batches/compatibility-green-01/process.json
 create mode 100644 docs/implementation/reviews/G3/jr13-2026-10-09/compatibility-recheck-evidence/batches/compatibility-green-01/source-before.json
 create mode 100644 docs/implementation/reviews/G3/jr13-2026-10-09/compatibility-recheck-evidence/batches/compatibility-green-01/stderr.log
 create mode 100644 docs/implementation/reviews/G3/jr13-2026-10-09/compatibility-recheck-evidence/batches/compatibility-green-01/stdout.log
 create mode 100644 docs/implementation/reviews/G3/jr13-2026-10-09/compatibility-recheck-evidence/batches/compatibility-red-01/junit.xml
 create mode 100644 docs/implementation/reviews/G3/jr13-2026-10-09/compatibility-recheck-evidence/batches/compatibility-red-01/key-opens.jsonl
 create mode 100644 docs/implementation/reviews/G3/jr13-2026-10-09/compatibility-recheck-evidence/batches/compatibility-red-01/process.json
 create mode 100644 docs/implementation/reviews/G3/jr13-2026-10-09/compatibility-recheck-evidence/batches/compatibility-red-01/source-before.json
 create mode 100644 docs/implementation/reviews/G3/jr13-2026-10-09/compatibility-recheck-evidence/batches/compatibility-red-01/stderr.log
 create mode 100644 docs/implementation/reviews/G3/jr13-2026-10-09/compatibility-recheck-evidence/batches/compatibility-red-01/stdout.log
 create mode 100644 docs/implementation/reviews/G3/jr13-2026-10-09/compatibility-recheck-evidence/batches/joint-06/junit.xml
 create mode 100644 docs/implementation/reviews/G3/jr13-2026-10-09/compatibility-recheck-evidence/batches/joint-06/key-opens.jsonl
 create mode 100644 docs/implementation/reviews/G3/jr13-2026-10-09/compatibility-recheck-evidence/batches/joint-06/process.json
 create mode 100644 docs/implementation/reviews/G3/jr13-2026-10-09/compatibility-recheck-evidence/batches/joint-06/source-before.json
 create mode 100644 docs/implementation/reviews/G3/jr13-2026-10-09/compatibility-recheck-evidence/batches/joint-06/stderr.log
 create mode 100644 docs/implementation/reviews/G3/jr13-2026-10-09/compatibility-recheck-evidence/batches/joint-06/stdout.log
 create mode 100644 docs/implementation/reviews/G3/jr13-2026-10-09/compatibility-recheck-evidence/batches/joint-07/junit.xml
 create mode 100644 docs/implementation/reviews/G3/jr13-2026-10-09/compatibility-recheck-evidence/batches/joint-07/key-opens.jsonl
 create mode 100644 docs/implementation/reviews/G3/jr13-2026-10-09/compatibility-recheck-evidence/batches/joint-07/process.json
 create mode 100644 docs/implementation/reviews/G3/jr13-2026-10-09/compatibility-recheck-evidence/batches/joint-07/source-before.json
 create mode 100644 docs/implementation/reviews/G3/jr13-2026-10-09/compatibility-recheck-evidence/batches/joint-07/stderr.log
 create mode 100644 docs/implementation/reviews/G3/jr13-2026-10-09/compatibility-recheck-evidence/batches/joint-07/stdout.log
 create mode 100644 docs/implementation/reviews/G3/jr13-2026-10-09/compatibility-recheck-evidence/batches/mixed-green-01/junit.xml
 create mode 100644 docs/implementation/reviews/G3/jr13-2026-10-09/compatibility-recheck-evidence/batches/mixed-green-01/key-opens.jsonl
 create mode 100644 docs/implementation/reviews/G3/jr13-2026-10-09/compatibility-recheck-evidence/batches/mixed-green-01/process.json
 create mode 100644 docs/implementation/reviews/G3/jr13-2026-10-09/compatibility-recheck-evidence/batches/mixed-green-01/source-before.json
 create mode 100644 docs/implementation/reviews/G3/jr13-2026-10-09/compatibility-recheck-evidence/batches/mixed-green-01/stderr.log
 create mode 100644 docs/implementation/reviews/G3/jr13-2026-10-09/compatibility-recheck-evidence/batches/mixed-green-01/stdout.log
 create mode 100644 docs/implementation/reviews/G3/jr13-2026-10-09/compatibility-recheck-evidence/batches/mixed-red-01/junit.xml
 create mode 100644 docs/implementation/reviews/G3/jr13-2026-10-09/compatibility-recheck-evidence/batches/mixed-red-01/key-opens.jsonl
 create mode 100644 docs/implementation/reviews/G3/jr13-2026-10-09/compatibility-recheck-evidence/batches/mixed-red-01/process.json
 create mode 100644 docs/implementation/reviews/G3/jr13-2026-10-09/compatibility-recheck-evidence/batches/mixed-red-01/source-before.json
 create mode 100644 docs/implementation/reviews/G3/jr13-2026-10-09/compatibility-recheck-evidence/batches/mixed-red-01/stderr.log
 create mode 100644 docs/implementation/reviews/G3/jr13-2026-10-09/compatibility-recheck-evidence/batches/mixed-red-01/stdout.log
 create mode 100644 docs/implementation/reviews/G3/jr13-2026-10-09/compatibility-recheck-evidence/batches/static-05/0.stderr.log
 create mode 100644 docs/implementation/reviews/G3/jr13-2026-10-09/compatibility-recheck-evidence/batches/static-05/0.stdout.log
 create mode 100644 docs/implementation/reviews/G3/jr13-2026-10-09/compatibility-recheck-evidence/batches/static-05/1.stderr.log
 create mode 100644 docs/implementation/reviews/G3/jr13-2026-10-09/compatibility-recheck-evidence/batches/static-05/1.stdout.log
 create mode 100644 docs/implementation/reviews/G3/jr13-2026-10-09/compatibility-recheck-evidence/batches/static-05/process.json
 create mode 100644 docs/implementation/reviews/G3/jr13-2026-10-09/compatibility-recheck-evidence/candidate/stockwiki/quick_scan_backup_manifest.py
 create mode 100644 docs/implementation/reviews/G3/jr13-2026-10-09/compatibility-recheck-evidence/candidate/stockwiki/quick_scan_import.py
 create mode 100644 docs/implementation/reviews/G3/jr13-2026-10-09/compatibility-recheck-evidence/candidate/stockwiki/quick_scan_observations.py
 create mode 100644 docs/implementation/reviews/G3/jr13-2026-10-09/compatibility-recheck-evidence/candidate/tests/test_quick_scan_delivery.py
 create mode 100644 docs/implementation/reviews/G3/jr13-2026-10-09/compatibility-recheck-evidence/candidate/tests/test_quick_scan_observations.py
 create mode 100644 docs/implementation/reviews/G3/jr13-2026-10-09/compatibility-recheck-evidence/evidence-manifest.json
 create mode 100644 docs/implementation/reviews/G3/jr13-2026-10-09/compatibility-recheck-evidence/guard/sitecustomize.py
 create mode 100644 docs/implementation/reviews/G3/jr13-2026-10-09/compatibility-recheck-evidence/probes/compatibility_probe.py
 create mode 100644 docs/implementation/reviews/G3/jr13-2026-10-09/compatibility-recheck-evidence/probes/compatibility_probe_02.py
 create mode 100644 docs/implementation/reviews/G3/jr13-2026-10-09/compatibility-recheck-evidence/probes/final-01/canonical_history/exact_replay.package.json
 create mode 100644 docs/implementation/reviews/G3/jr13-2026-10-09/compatibility-recheck-evidence/probes/final-01/canonical_history/exact_replay.release.json
 create mode 100644 docs/implementation/reviews/G3/jr13-2026-10-09/compatibility-recheck-evidence/probes/final-01/canonical_history/exact_replay.stderr.log
 create mode 100644 docs/implementation/reviews/G3/jr13-2026-10-09/compatibility-recheck-evidence/probes/final-01/canonical_history/exact_replay.stdout.log
 create mode 100644 docs/implementation/reviews/G3/jr13-2026-10-09/compatibility-recheck-evidence/probes/final-01/canonical_history/exact_replay_again.package.json
 create mode 100644 docs/implementation/reviews/G3/jr13-2026-10-09/compatibility-recheck-evidence/probes/final-01/canonical_history/exact_replay_again.release.json
 create mode 100644 docs/implementation/reviews/G3/jr13-2026-10-09/compatibility-recheck-evidence/probes/final-01/canonical_history/exact_replay_again.stderr.log
 create mode 100644 docs/implementation/reviews/G3/jr13-2026-10-09/compatibility-recheck-evidence/probes/final-01/canonical_history/exact_replay_again.stdout.log
 create mode 100644 docs/implementation/reviews/G3/jr13-2026-10-09/compatibility-recheck-evidence/probes/final-01/logs/stock_qa_20261009.log
 create mode 100644 docs/implementation/reviews/G3/jr13-2026-10-09/compatibility-recheck-evidence/probes/final-01/probe.stderr.log
 create mode 100644 docs/implementation/reviews/G3/jr13-2026-10-09/compatibility-recheck-evidence/probes/final-01/probe.stdout.log
 create mode 100644 docs/implementation/reviews/G3/jr13-2026-10-09/compatibility-recheck-evidence/probes/final-01/short_history/array_duplicate.package.json
 create mode 100644 docs/implementation/reviews/G3/jr13-2026-10-09/compatibility-recheck-evidence/probes/final-01/short_history/array_duplicate.release.json
 create mode 100644 docs/implementation/reviews/G3/jr13-2026-10-09/compatibility-recheck-evidence/probes/final-01/short_history/array_duplicate.stderr.log
 create mode 100644 docs/implementation/reviews/G3/jr13-2026-10-09/compatibility-recheck-evidence/probes/final-01/short_history/array_duplicate.stdout.log
 create mode 100644 docs/implementation/reviews/G3/jr13-2026-10-09/compatibility-recheck-evidence/probes/final-01/short_history/deep_duplicate.package.json
 create mode 100644 docs/implementation/reviews/G3/jr13-2026-10-09/compatibility-recheck-evidence/probes/final-01/short_history/deep_duplicate.release.json
 create mode 100644 docs/implementation/reviews/G3/jr13-2026-10-09/compatibility-recheck-evidence/probes/final-01/short_history/deep_duplicate.stderr.log
 create mode 100644 docs/implementation/reviews/G3/jr13-2026-10-09/compatibility-recheck-evidence/probes/final-01/short_history/deep_duplicate.stdout.log
 create mode 100644 docs/implementation/reviews/G3/jr13-2026-10-09/compatibility-recheck-evidence/probes/final-01/short_history/exact_replay.package.json
 create mode 100644 docs/implementation/reviews/G3/jr13-2026-10-09/compatibility-recheck-evidence/probes/final-01/short_history/exact_replay.release.json
 create mode 100644 docs/implementation/reviews/G3/jr13-2026-10-09/compatibility-recheck-evidence/probes/final-01/short_history/exact_replay.stderr.log
 create mode 100644 docs/implementation/reviews/G3/jr13-2026-10-09/compatibility-recheck-evidence/probes/final-01/short_history/exact_replay.stdout.log
 create mode 100644 docs/implementation/reviews/G3/jr13-2026-10-09/compatibility-recheck-evidence/probes/final-01/short_history/exact_replay_again.package.json
 create mode 100644 docs/implementation/reviews/G3/jr13-2026-10-09/compatibility-recheck-evidence/probes/final-01/short_history/exact_replay_again.release.json
 create mode 100644 docs/implementation/reviews/G3/jr13-2026-10-09/compatibility-recheck-evidence/probes/final-01/short_history/exact_replay_again.stderr.log
 create mode 100644 docs/implementation/reviews/G3/jr13-2026-10-09/compatibility-recheck-evidence/probes/final-01/short_history/exact_replay_again.stdout.log
 create mode 100644 docs/implementation/reviews/G3/jr13-2026-10-09/compatibility-recheck-evidence/probes/final-01/short_history/missing_field.package.json
 create mode 100644 docs/implementation/reviews/G3/jr13-2026-10-09/compatibility-recheck-evidence/probes/final-01/short_history/missing_field.release.json
 create mode 100644 docs/implementation/reviews/G3/jr13-2026-10-09/compatibility-recheck-evidence/probes/final-01/short_history/missing_field.stderr.log
 create mode 100644 docs/implementation/reviews/G3/jr13-2026-10-09/compatibility-recheck-evidence/probes/final-01/short_history/missing_field.stdout.log
 create mode 100644 docs/implementation/reviews/G3/jr13-2026-10-09/compatibility-recheck-evidence/probes/final-01/short_history/mixed_old_and_empty.package.json
 create mode 100644 docs/implementation/reviews/G3/jr13-2026-10-09/compatibility-recheck-evidence/probes/final-01/short_history/mixed_old_and_empty.release.json
 create mode 100644 docs/implementation/reviews/G3/jr13-2026-10-09/compatibility-recheck-evidence/probes/final-01/short_history/mixed_old_and_empty.stderr.log
 create mode 100644 docs/implementation/reviews/G3/jr13-2026-10-09/compatibility-recheck-evidence/probes/final-01/short_history/mixed_old_and_empty.stdout.log
 create mode 100644 docs/implementation/reviews/G3/jr13-2026-10-09/compatibility-recheck-evidence/probes/final-01/short_history/raw_hash_tamper.package.json
 create mode 100644 docs/implementation/reviews/G3/jr13-2026-10-09/compatibility-recheck-evidence/probes/final-01/short_history/raw_hash_tamper.release.json
 create mode 100644 docs/implementation/reviews/G3/jr13-2026-10-09/compatibility-recheck-evidence/probes/final-01/short_history/raw_hash_tamper.stderr.log
 create mode 100644 docs/implementation/reviews/G3/jr13-2026-10-09/compatibility-recheck-evidence/probes/final-01/short_history/raw_hash_tamper.stdout.log
 create mode 100644 docs/implementation/reviews/G3/jr13-2026-10-09/compatibility-recheck-evidence/probes/final-01/short_history/signed_new_short.package.json
 create mode 100644 docs/implementation/reviews/G3/jr13-2026-10-09/compatibility-recheck-evidence/probes/final-01/short_history/signed_new_short.release.json
 create mode 100644 docs/implementation/reviews/G3/jr13-2026-10-09/compatibility-recheck-evidence/probes/final-01/short_history/signed_new_short.stderr.log
 create mode 100644 docs/implementation/reviews/G3/jr13-2026-10-09/compatibility-recheck-evidence/probes/final-01/short_history/signed_new_short.stdout.log
 create mode 100644 docs/implementation/reviews/G3/jr13-2026-10-09/compatibility-recheck-evidence/probes/final-02/canonical_history/exact_replay.package.json
 create mode 100644 docs/implementation/reviews/G3/jr13-2026-10-09/compatibility-recheck-evidence/probes/final-02/canonical_history/exact_replay.release.json
 create mode 100644 docs/implementation/reviews/G3/jr13-2026-10-09/compatibility-recheck-evidence/probes/final-02/canonical_history/exact_replay.stderr.log
 create mode 100644 docs/implementation/reviews/G3/jr13-2026-10-09/compatibility-recheck-evidence/probes/final-02/canonical_history/exact_replay.stdout.log
 create mode 100644 docs/implementation/reviews/G3/jr13-2026-10-09/compatibility-recheck-evidence/probes/final-02/canonical_history/exact_replay_again.package.json
 create mode 100644 docs/implementation/reviews/G3/jr13-2026-10-09/compatibility-recheck-evidence/probes/final-02/canonical_history/exact_replay_again.release.json
 create mode 100644 docs/implementation/reviews/G3/jr13-2026-10-09/compatibility-recheck-evidence/probes/final-02/canonical_history/exact_replay_again.stderr.log
 create mode 100644 docs/implementation/reviews/G3/jr13-2026-10-09/compatibility-recheck-evidence/probes/final-02/canonical_history/exact_replay_again.stdout.log
 create mode 100644 docs/implementation/reviews/G3/jr13-2026-10-09/compatibility-recheck-evidence/probes/final-02/logs/stock_qa_20261009.log
 create mode 100644 docs/implementation/reviews/G3/jr13-2026-10-09/compatibility-recheck-evidence/probes/final-02/probe.stderr.log
 create mode 100644 docs/implementation/reviews/G3/jr13-2026-10-09/compatibility-recheck-evidence/probes/final-02/probe.stdout.log
 create mode 100644 docs/implementation/reviews/G3/jr13-2026-10-09/compatibility-recheck-evidence/probes/final-02/qa_old_receiver/qa_legacy_replay.package.json
 create mode 100644 docs/implementation/reviews/G3/jr13-2026-10-09/compatibility-recheck-evidence/probes/final-02/qa_old_receiver/qa_legacy_replay.release.json
 create mode 100644 docs/implementation/reviews/G3/jr13-2026-10-09/compatibility-recheck-evidence/probes/final-02/qa_old_receiver/qa_legacy_replay.stderr.log
 create mode 100644 docs/implementation/reviews/G3/jr13-2026-10-09/compatibility-recheck-evidence/probes/final-02/qa_old_receiver/qa_legacy_replay.stdout.log
 create mode 100644 docs/implementation/reviews/G3/jr13-2026-10-09/compatibility-recheck-evidence/probes/final-02/results.json
 create mode 100644 docs/implementation/reviews/G3/jr13-2026-10-09/compatibility-recheck-evidence/probes/final-02/short_history/array_duplicate.package.json
 create mode 100644 docs/implementation/reviews/G3/jr13-2026-10-09/compatibility-recheck-evidence/probes/final-02/short_history/array_duplicate.release.json
 create mode 100644 docs/implementation/reviews/G3/jr13-2026-10-09/compatibility-recheck-evidence/probes/final-02/short_history/array_duplicate.stderr.log
 create mode 100644 docs/implementation/reviews/G3/jr13-2026-10-09/compatibility-recheck-evidence/probes/final-02/short_history/array_duplicate.stdout.log
 create mode 100644 docs/implementation/reviews/G3/jr13-2026-10-09/compatibility-recheck-evidence/probes/final-02/short_history/deep_duplicate.package.json
 create mode 100644 docs/implementation/reviews/G3/jr13-2026-10-09/compatibility-recheck-evidence/probes/final-02/short_history/deep_duplicate.release.json
 create mode 100644 docs/implementation/reviews/G3/jr13-2026-10-09/compatibility-recheck-evidence/probes/final-02/short_history/deep_duplicate.stderr.log
 create mode 100644 docs/implementation/reviews/G3/jr13-2026-10-09/compatibility-recheck-evidence/probes/final-02/short_history/deep_duplicate.stdout.log
 create mode 100644 docs/implementation/reviews/G3/jr13-2026-10-09/compatibility-recheck-evidence/probes/final-02/short_history/exact_replay.package.json
 create mode 100644 docs/implementation/reviews/G3/jr13-2026-10-09/compatibility-recheck-evidence/probes/final-02/short_history/exact_replay.release.json
 create mode 100644 docs/implementation/reviews/G3/jr13-2026-10-09/compatibility-recheck-evidence/probes/final-02/short_history/exact_replay.stderr.log
 create mode 100644 docs/implementation/reviews/G3/jr13-2026-10-09/compatibility-recheck-evidence/probes/final-02/short_history/exact_replay.stdout.log
 create mode 100644 docs/implementation/reviews/G3/jr13-2026-10-09/compatibility-recheck-evidence/probes/final-02/short_history/exact_replay_again.package.json
 create mode 100644 docs/implementation/reviews/G3/jr13-2026-10-09/compatibility-recheck-evidence/probes/final-02/short_history/exact_replay_again.release.json
 create mode 100644 docs/implementation/reviews/G3/jr13-2026-10-09/compatibility-recheck-evidence/probes/final-02/short_history/exact_replay_again.stderr.log
 create mode 100644 docs/implementation/reviews/G3/jr13-2026-10-09/compatibility-recheck-evidence/probes/final-02/short_history/exact_replay_again.stdout.log
 create mode 100644 docs/implementation/reviews/G3/jr13-2026-10-09/compatibility-recheck-evidence/probes/final-02/short_history/missing_field.package.json
 create mode 100644 docs/implementation/reviews/G3/jr13-2026-10-09/compatibility-recheck-evidence/probes/final-02/short_history/missing_field.release.json
 create mode 100644 docs/implementation/reviews/G3/jr13-2026-10-09/compatibility-recheck-evidence/probes/final-02/short_history/missing_field.stderr.log
 create mode 100644 docs/implementation/reviews/G3/jr13-2026-10-09/compatibility-recheck-evidence/probes/final-02/short_history/missing_field.stdout.log
 create mode 100644 docs/implementation/reviews/G3/jr13-2026-10-09/compatibility-recheck-evidence/probes/final-02/short_history/mixed_old_and_empty.package.json
 create mode 100644 docs/implementation/reviews/G3/jr13-2026-10-09/compatibility-recheck-evidence/probes/final-02/short_history/mixed_old_and_empty.release.json
 create mode 100644 docs/implementation/reviews/G3/jr13-2026-10-09/compatibility-recheck-evidence/probes/final-02/short_history/mixed_old_and_empty.stderr.log
 create mode 100644 docs/implementation/reviews/G3/jr13-2026-10-09/compatibility-recheck-evidence/probes/final-02/short_history/mixed_old_and_empty.stdout.log
 create mode 100644 docs/implementation/reviews/G3/jr13-2026-10-09/compatibility-recheck-evidence/probes/final-02/short_history/raw_hash_tamper.package.json
 create mode 100644 docs/implementation/reviews/G3/jr13-2026-10-09/compatibility-recheck-evidence/probes/final-02/short_history/raw_hash_tamper.release.json
 create mode 100644 docs/implementation/reviews/G3/jr13-2026-10-09/compatibility-recheck-evidence/probes/final-02/short_history/raw_hash_tamper.stderr.log
 create mode 100644 docs/implementation/reviews/G3/jr13-2026-10-09/compatibility-recheck-evidence/probes/final-02/short_history/raw_hash_tamper.stdout.log
 create mode 100644 docs/implementation/reviews/G3/jr13-2026-10-09/compatibility-recheck-evidence/probes/final-02/short_history/signed_new_short.package.json
 create mode 100644 docs/implementation/reviews/G3/jr13-2026-10-09/compatibility-recheck-evidence/probes/final-02/short_history/signed_new_short.release.json
 create mode 100644 docs/implementation/reviews/G3/jr13-2026-10-09/compatibility-recheck-evidence/probes/final-02/short_history/signed_new_short.stderr.log
 create mode 100644 docs/implementation/reviews/G3/jr13-2026-10-09/compatibility-recheck-evidence/probes/final-02/short_history/signed_new_short.stdout.log
 create mode 100644 docs/implementation/reviews/G3/jr13-2026-10-09/compatibility-recheck-evidence/probes/legacy/quick_scan_import.py
 create mode 100644 docs/implementation/reviews/G3/jr13-2026-10-09/compatibility-recheck-evidence/probes/legacy/quick_scan_observations.py
 create mode 100644 docs/implementation/reviews/G3/jr13-2026-10-09/compatibility-recheck-evidence/probes/mixed-results.json
 create mode 100644 docs/implementation/reviews/G3/jr13-2026-10-09/compatibility-recheck-evidence/probes/mixed.stderr.log
 create mode 100644 docs/implementation/reviews/G3/jr13-2026-10-09/compatibility-recheck-evidence/probes/mixed.stdout.log
 create mode 100644 docs/implementation/reviews/G3/jr13-2026-10-09/compatibility-recheck-evidence/probes/mixed_probe.py
 create mode 100644 docs/implementation/reviews/G3/jr13-2026-10-09/compatibility-recheck-evidence/probes/processes-final.json
 create mode 100644 docs/implementation/reviews/G3/jr13-2026-10-09/compatibility-recheck-evidence/probes/qa-accepted-01/logs/stock_qa_20261009.log
 create mode 100644 docs/implementation/reviews/G3/jr13-2026-10-09/compatibility-recheck-evidence/probes/qa-accepted-01/probe.stderr.log
 create mode 100644 docs/implementation/reviews/G3/jr13-2026-10-09/compatibility-recheck-evidence/probes/qa-accepted-01/probe.stdout.log
 create mode 100644 docs/implementation/reviews/G3/jr13-2026-10-09/compatibility-recheck-evidence/probes/qa_accepted_probe.py
 create mode 100644 docs/implementation/reviews/G3/jr13-2026-10-09/compatibility-recheck-evidence/probes/regression-01/bad_item/bad_item.package.json
 create mode 100644 docs/implementation/reviews/G3/jr13-2026-10-09/compatibility-recheck-evidence/probes/regression-01/bad_item/bad_item.release.json
 create mode 100644 docs/implementation/reviews/G3/jr13-2026-10-09/compatibility-recheck-evidence/probes/regression-01/bad_item/bad_item.stderr.log
 create mode 100644 docs/implementation/reviews/G3/jr13-2026-10-09/compatibility-recheck-evidence/probes/regression-01/bad_item/bad_item.stdout.log
 create mode 100644 docs/implementation/reviews/G3/jr13-2026-10-09/compatibility-recheck-evidence/probes/regression-01/bad_sha/bad_sha.package.json
 create mode 100644 docs/implementation/reviews/G3/jr13-2026-10-09/compatibility-recheck-evidence/probes/regression-01/bad_sha/bad_sha.release.json
 create mode 100644 docs/implementation/reviews/G3/jr13-2026-10-09/compatibility-recheck-evidence/probes/regression-01/bad_sha/bad_sha.stderr.log
 create mode 100644 docs/implementation/reviews/G3/jr13-2026-10-09/compatibility-recheck-evidence/probes/regression-01/bad_sha/bad_sha.stdout.log
 create mode 100644 docs/implementation/reviews/G3/jr13-2026-10-09/compatibility-recheck-evidence/probes/regression-01/empty_item/empty_item.package.json
 create mode 100644 docs/implementation/reviews/G3/jr13-2026-10-09/compatibility-recheck-evidence/probes/regression-01/empty_item/empty_item.release.json
 create mode 100644 docs/implementation/reviews/G3/jr13-2026-10-09/compatibility-recheck-evidence/probes/regression-01/empty_item/empty_item.stderr.log
 create mode 100644 docs/implementation/reviews/G3/jr13-2026-10-09/compatibility-recheck-evidence/probes/regression-01/empty_item/empty_item.stdout.log
 create mode 100644 docs/implementation/reviews/G3/jr13-2026-10-09/compatibility-recheck-evidence/probes/regression-01/null_obs/null_obs.package.json
 create mode 100644 docs/implementation/reviews/G3/jr13-2026-10-09/compatibility-recheck-evidence/probes/regression-01/null_obs/null_obs.release.json
 create mode 100644 docs/implementation/reviews/G3/jr13-2026-10-09/compatibility-recheck-evidence/probes/regression-01/null_obs/null_obs.stderr.log
 create mode 100644 docs/implementation/reviews/G3/jr13-2026-10-09/compatibility-recheck-evidence/probes/regression-01/null_obs/null_obs.stdout.log
 create mode 100644 docs/implementation/reviews/G3/jr13-2026-10-09/compatibility-recheck-evidence/probes/regression-01/probe.stderr.log
 create mode 100644 docs/implementation/reviews/G3/jr13-2026-10-09/compatibility-recheck-evidence/probes/regression-01/probe.stdout.log
 create mode 100644 docs/implementation/reviews/G3/jr13-2026-10-09/compatibility-recheck-evidence/probes/regression-01/short_obs/short_obs.package.json
 create mode 100644 docs/implementation/reviews/G3/jr13-2026-10-09/compatibility-recheck-evidence/probes/regression-01/short_obs/short_obs.release.json
 create mode 100644 docs/implementation/reviews/G3/jr13-2026-10-09/compatibility-recheck-evidence/probes/regression-01/short_obs/short_obs.stderr.log
 create mode 100644 docs/implementation/reviews/G3/jr13-2026-10-09/compatibility-recheck-evidence/probes/regression-01/short_obs/short_obs.stdout.log
 create mode 100644 docs/implementation/reviews/G3/jr13-2026-10-09/compatibility-recheck-evidence/probes/regression-01/valid_then_empty/valid_then_empty.package.json
 create mode 100644 docs/implementation/reviews/G3/jr13-2026-10-09/compatibility-recheck-evidence/probes/regression-01/valid_then_empty/valid_then_empty.release.json
 create mode 100644 docs/implementation/reviews/G3/jr13-2026-10-09/compatibility-recheck-evidence/probes/regression-01/valid_then_empty/valid_then_empty.stderr.log
 create mode 100644 docs/implementation/reviews/G3/jr13-2026-10-09/compatibility-recheck-evidence/probes/regression-01/valid_then_empty/valid_then_empty.stdout.log
 create mode 100644 docs/implementation/reviews/G3/jr13-2026-10-09/compatibility-recheck-evidence/probes/regression-01/valid_wire_states/accepted.package.json
 create mode 100644 docs/implementation/reviews/G3/jr13-2026-10-09/compatibility-recheck-evidence/probes/regression-01/valid_wire_states/accepted.release.json
 create mode 100644 docs/implementation/reviews/G3/jr13-2026-10-09/compatibility-recheck-evidence/probes/regression-01/valid_wire_states/accepted.stderr.log
 create mode 100644 docs/implementation/reviews/G3/jr13-2026-10-09/compatibility-recheck-evidence/probes/regression-01/valid_wire_states/accepted.stdout.log
 create mode 100644 docs/implementation/reviews/G3/jr13-2026-10-09/compatibility-recheck-evidence/probes/regression-01/valid_wire_states/conflict.package.json
 create mode 100644 docs/implementation/reviews/G3/jr13-2026-10-09/compatibility-recheck-evidence/probes/regression-01/valid_wire_states/conflict.release.json
 create mode 100644 docs/implementation/reviews/G3/jr13-2026-10-09/compatibility-recheck-evidence/probes/regression-01/valid_wire_states/conflict.stderr.log
 create mode 100644 docs/implementation/reviews/G3/jr13-2026-10-09/compatibility-recheck-evidence/probes/regression-01/valid_wire_states/conflict.stdout.log
 create mode 100644 docs/implementation/reviews/G3/jr13-2026-10-09/compatibility-recheck-evidence/probes/regression-01/valid_wire_states/present.package.json
 create mode 100644 docs/implementation/reviews/G3/jr13-2026-10-09/compatibility-recheck-evidence/probes/regression-01/valid_wire_states/present.release.json
 create mode 100644 docs/implementation/reviews/G3/jr13-2026-10-09/compatibility-recheck-evidence/probes/regression-01/valid_wire_states/present.stderr.log
 create mode 100644 docs/implementation/reviews/G3/jr13-2026-10-09/compatibility-recheck-evidence/probes/regression-01/valid_wire_states/present.stdout.log
 create mode 100644 docs/implementation/reviews/G3/jr13-2026-10-09/compatibility-recheck-evidence/probes/regression-01/valid_wire_states/rejected.package.json
 create mode 100644 docs/implementation/reviews/G3/jr13-2026-10-09/compatibility-recheck-evidence/probes/regression-01/valid_wire_states/rejected.release.json
 create mode 100644 docs/implementation/reviews/G3/jr13-2026-10-09/compatibility-recheck-evidence/probes/regression-01/valid_wire_states/rejected.stderr.log
 create mode 100644 docs/implementation/reviews/G3/jr13-2026-10-09/compatibility-recheck-evidence/probes/regression-01/valid_wire_states/rejected.stdout.log
 create mode 100644 docs/implementation/reviews/G3/jr13-2026-10-09/compatibility-recheck-evidence/probes/regression-02/bad_item/bad_item.package.json
 create mode 100644 docs/implementation/reviews/G3/jr13-2026-10-09/compatibility-recheck-evidence/probes/regression-02/bad_item/bad_item.release.json
 create mode 100644 docs/implementation/reviews/G3/jr13-2026-10-09/compatibility-recheck-evidence/probes/regression-02/bad_item/bad_item.stderr.log
 create mode 100644 docs/implementation/reviews/G3/jr13-2026-10-09/compatibility-recheck-evidence/probes/regression-02/bad_item/bad_item.stdout.log
 create mode 100644 docs/implementation/reviews/G3/jr13-2026-10-09/compatibility-recheck-evidence/probes/regression-02/bad_sha/bad_sha.package.json
 create mode 100644 docs/implementation/reviews/G3/jr13-2026-10-09/compatibility-recheck-evidence/probes/regression-02/bad_sha/bad_sha.release.json
 create mode 100644 docs/implementation/reviews/G3/jr13-2026-10-09/compatibility-recheck-evidence/probes/regression-02/bad_sha/bad_sha.stderr.log
 create mode 100644 docs/implementation/reviews/G3/jr13-2026-10-09/compatibility-recheck-evidence/probes/regression-02/bad_sha/bad_sha.stdout.log
 create mode 100644 docs/implementation/reviews/G3/jr13-2026-10-09/compatibility-recheck-evidence/probes/regression-02/empty_item/empty_item.package.json
 create mode 100644 docs/implementation/reviews/G3/jr13-2026-10-09/compatibility-recheck-evidence/probes/regression-02/empty_item/empty_item.release.json
 create mode 100644 docs/implementation/reviews/G3/jr13-2026-10-09/compatibility-recheck-evidence/probes/regression-02/empty_item/empty_item.stderr.log
 create mode 100644 docs/implementation/reviews/G3/jr13-2026-10-09/compatibility-recheck-evidence/probes/regression-02/empty_item/empty_item.stdout.log
 create mode 100644 docs/implementation/reviews/G3/jr13-2026-10-09/compatibility-recheck-evidence/probes/regression-02/null_obs/null_obs.package.json
 create mode 100644 docs/implementation/reviews/G3/jr13-2026-10-09/compatibility-recheck-evidence/probes/regression-02/null_obs/null_obs.release.json
 create mode 100644 docs/implementation/reviews/G3/jr13-2026-10-09/compatibility-recheck-evidence/probes/regression-02/null_obs/null_obs.stderr.log
 create mode 100644 docs/implementation/reviews/G3/jr13-2026-10-09/compatibility-recheck-evidence/probes/regression-02/null_obs/null_obs.stdout.log
 create mode 100644 docs/implementation/reviews/G3/jr13-2026-10-09/compatibility-recheck-evidence/probes/regression-02/probe.stderr.log
 create mode 100644 docs/implementation/reviews/G3/jr13-2026-10-09/compatibility-recheck-evidence/probes/regression-02/probe.stdout.log
 create mode 100644 docs/implementation/reviews/G3/jr13-2026-10-09/compatibility-recheck-evidence/probes/regression-02/regression-results.json
 create mode 100644 docs/implementation/reviews/G3/jr13-2026-10-09/compatibility-recheck-evidence/probes/regression-02/short_obs/short_obs.package.json
 create mode 100644 docs/implementation/reviews/G3/jr13-2026-10-09/compatibility-recheck-evidence/probes/regression-02/short_obs/short_obs.release.json
 create mode 100644 docs/implementation/reviews/G3/jr13-2026-10-09/compatibility-recheck-evidence/probes/regression-02/short_obs/short_obs.stderr.log
 create mode 100644 docs/implementation/reviews/G3/jr13-2026-10-09/compatibility-recheck-evidence/probes/regression-02/short_obs/short_obs.stdout.log
 create mode 100644 docs/implementation/reviews/G3/jr13-2026-10-09/compatibility-recheck-evidence/probes/regression-02/valid_then_empty/valid_then_empty.package.json
 create mode 100644 docs/implementation/reviews/G3/jr13-2026-10-09/compatibility-recheck-evidence/probes/regression-02/valid_then_empty/valid_then_empty.release.json
 create mode 100644 docs/implementation/reviews/G3/jr13-2026-10-09/compatibility-recheck-evidence/probes/regression-02/valid_then_empty/valid_then_empty.stderr.log
 create mode 100644 docs/implementation/reviews/G3/jr13-2026-10-09/compatibility-recheck-evidence/probes/regression-02/valid_then_empty/valid_then_empty.stdout.log
 create mode 100644 docs/implementation/reviews/G3/jr13-2026-10-09/compatibility-recheck-evidence/probes/regression-02/valid_wire_states/accepted.package.json
 create mode 100644 docs/implementation/reviews/G3/jr13-2026-10-09/compatibility-recheck-evidence/probes/regression-02/valid_wire_states/accepted.release.json
 create mode 100644 docs/implementation/reviews/G3/jr13-2026-10-09/compatibility-recheck-evidence/probes/regression-02/valid_wire_states/accepted.stderr.log
 create mode 100644 docs/implementation/reviews/G3/jr13-2026-10-09/compatibility-recheck-evidence/probes/regression-02/valid_wire_states/accepted.stdout.log
 create mode 100644 docs/implementation/reviews/G3/jr13-2026-10-09/compatibility-recheck-evidence/probes/regression-02/valid_wire_states/conflict.package.json
 create mode 100644 docs/implementation/reviews/G3/jr13-2026-10-09/compatibility-recheck-evidence/probes/regression-02/valid_wire_states/conflict.release.json
 create mode 100644 docs/implementation/reviews/G3/jr13-2026-10-09/compatibility-recheck-evidence/probes/regression-02/valid_wire_states/conflict.stderr.log
 create mode 100644 docs/implementation/reviews/G3/jr13-2026-10-09/compatibility-recheck-evidence/probes/regression-02/valid_wire_states/conflict.stdout.log
 create mode 100644 docs/implementation/reviews/G3/jr13-2026-10-09/compatibility-recheck-evidence/probes/regression-02/valid_wire_states/present.package.json
 create mode 100644 docs/implementation/reviews/G3/jr13-2026-10-09/compatibility-recheck-evidence/probes/regression-02/valid_wire_states/present.release.json
 create mode 100644 docs/implementation/reviews/G3/jr13-2026-10-09/compatibility-recheck-evidence/probes/regression-02/valid_wire_states/present.stderr.log
 create mode 100644 docs/implementation/reviews/G3/jr13-2026-10-09/compatibility-recheck-evidence/probes/regression-02/valid_wire_states/present.stdout.log
 create mode 100644 docs/implementation/reviews/G3/jr13-2026-10-09/compatibility-recheck-evidence/probes/regression-02/valid_wire_states/rejected.package.json
 create mode 100644 docs/implementation/reviews/G3/jr13-2026-10-09/compatibility-recheck-evidence/probes/regression-02/valid_wire_states/rejected.release.json
 create mode 100644 docs/implementation/reviews/G3/jr13-2026-10-09/compatibility-recheck-evidence/probes/regression-02/valid_wire_states/rejected.stderr.log
 create mode 100644 docs/implementation/reviews/G3/jr13-2026-10-09/compatibility-recheck-evidence/probes/regression-02/valid_wire_states/rejected.stdout.log
 create mode 100644 docs/implementation/reviews/G3/jr13-2026-10-09/compatibility-recheck-evidence/probes/regression_probe.py
 create mode 100644 docs/implementation/reviews/G3/jr13-2026-10-09/compatibility-recheck-evidence/probes/regression_probe_02.py
 create mode 100644 docs/implementation/reviews/G3/jr13-2026-10-09/compatibility-recheck-evidence/qa-source/src/utils/quick_scan_result_outbox.py
 create mode 100644 docs/implementation/reviews/G3/jr13-2026-10-09/compatibility-recheck-evidence/qa-source/src/utils/quick_scan_work_store.py
 create mode 100644 docs/implementation/reviews/G3/jr13-2026-10-09/compatibility-recheck-evidence/qa-source/tests/unit/test_q10_delivery.py
 create mode 100644 docs/implementation/reviews/G3/jr13-2026-10-09/compatibility-recheck.json
 create mode 100644 docs/implementation/reviews/G3/jr13-2026-10-09/compatibility-recheck.md
 create mode 100644 docs/implementation/reviews/G3/jr13-2026-10-09/extend_tests.py
 create mode 100644 docs/implementation/reviews/G3/jr13-2026-10-09/freeze_final.py
 create mode 100644 docs/implementation/reviews/G3/jr13-2026-10-09/independent-review-evidence/concurrency-results.json
 create mode 100644 docs/implementation/reviews/G3/jr13-2026-10-09/independent-review-evidence/concurrency.stderr.log
 create mode 100644 docs/implementation/reviews/G3/jr13-2026-10-09/independent-review-evidence/concurrency.stdout.log
 create mode 100644 docs/implementation/reviews/G3/jr13-2026-10-09/independent-review-evidence/concurrency_probe.py
 create mode 100644 docs/implementation/reviews/G3/jr13-2026-10-09/independent-review-evidence/evidence-manifest.json
 create mode 100644 docs/implementation/reviews/G3/jr13-2026-10-09/independent-review-evidence/probe.py
 create mode 100644 docs/implementation/reviews/G3/jr13-2026-10-09/independent-review-evidence/probe.stderr.log
 create mode 100644 docs/implementation/reviews/G3/jr13-2026-10-09/independent-review-evidence/probe.stdout.log
 create mode 100644 docs/implementation/reviews/G3/jr13-2026-10-09/independent-review-evidence/results.json
 create mode 100644 docs/implementation/reviews/G3/jr13-2026-10-09/independent-review-evidence/sitecustomize.py
 create mode 100644 docs/implementation/reviews/G3/jr13-2026-10-09/independent-review.md
 create mode 100644 docs/implementation/reviews/G3/jr13-2026-10-09/joint_harness.py
 create mode 100644 docs/implementation/reviews/G3/jr13-2026-10-09/prepare.py
 create mode 100644 docs/implementation/reviews/G3/jr13-2026-10-09/prepare_cleanup.py
 create mode 100644 docs/implementation/reviews/G3/jr13-2026-10-09/prepare_joint.py
 create mode 100644 docs/implementation/reviews/G3/jr13-2026-10-09/prepare_suite.py
 create mode 100644 docs/implementation/reviews/G3/jr13-2026-10-09/publication-handoff.md
 create mode 100644 docs/implementation/reviews/G3/jr13-2026-10-09/publish_iqs_archive.py
 create mode 100644 docs/implementation/reviews/G3/jr13-2026-10-09/qa_actor.py
 create mode 100644 docs/implementation/reviews/G3/jr13-2026-10-09/recheck-evidence/bad_item/bad_item.package.json
 create mode 100644 docs/implementation/reviews/G3/jr13-2026-10-09/recheck-evidence/bad_item/bad_item.release.json
 create mode 100644 docs/implementation/reviews/G3/jr13-2026-10-09/recheck-evidence/bad_item/bad_item.stderr.log
 create mode 100644 docs/implementation/reviews/G3/jr13-2026-10-09/recheck-evidence/bad_item/bad_item.stdout.log
 create mode 100644 docs/implementation/reviews/G3/jr13-2026-10-09/recheck-evidence/bad_sha/bad_sha.package.json
 create mode 100644 docs/implementation/reviews/G3/jr13-2026-10-09/recheck-evidence/bad_sha/bad_sha.release.json
 create mode 100644 docs/implementation/reviews/G3/jr13-2026-10-09/recheck-evidence/bad_sha/bad_sha.stderr.log
 create mode 100644 docs/implementation/reviews/G3/jr13-2026-10-09/recheck-evidence/bad_sha/bad_sha.stdout.log
 create mode 100644 docs/implementation/reviews/G3/jr13-2026-10-09/recheck-evidence/controller-02.stderr.log
 create mode 100644 docs/implementation/reviews/G3/jr13-2026-10-09/recheck-evidence/controller-02.stdout.log
 create mode 100644 docs/implementation/reviews/G3/jr13-2026-10-09/recheck-evidence/controller-negative/exact_offline_fixture/fixture/llm_apis.json
 create mode 100644 docs/implementation/reviews/G3/jr13-2026-10-09/recheck-evidence/controller-negative/exact_offline_fixture/key-opens.jsonl
 create mode 100644 docs/implementation/reviews/G3/jr13-2026-10-09/recheck-evidence/controller-negative/exact_offline_fixture/out/key-opens.jsonl
 create mode 100644 docs/implementation/reviews/G3/jr13-2026-10-09/recheck-evidence/controller-recheck-02/bool_retry/fixture/llm_apis.json
 create mode 100644 docs/implementation/reviews/G3/jr13-2026-10-09/recheck-evidence/controller-recheck-02/exact_offline_fixture/fixture/llm_apis.json
 create mode 100644 docs/implementation/reviews/G3/jr13-2026-10-09/recheck-evidence/controller-recheck-02/extra_provider_dummy_key/fixture/llm_apis.json
 create mode 100644 docs/implementation/reviews/G3/jr13-2026-10-09/recheck-evidence/controller-recheck-02/foreign_base_url/fixture/llm_apis.json
 create mode 100644 docs/implementation/reviews/G3/jr13-2026-10-09/recheck-evidence/controller-recheck-02/nonfixture_dummy_key/fixture/llm_apis.json
 create mode 100644 docs/implementation/reviews/G3/jr13-2026-10-09/recheck-evidence/controller-recheck-02/unexpected_root_field/fixture/llm_apis.json
 create mode 100644 docs/implementation/reviews/G3/jr13-2026-10-09/recheck-evidence/controller-recheck-02/unregistered_model/fixture/llm_apis.json
 create mode 100644 docs/implementation/reviews/G3/jr13-2026-10-09/recheck-evidence/controller-results-02.json
 create mode 100644 docs/implementation/reviews/G3/jr13-2026-10-09/recheck-evidence/controller.stderr.log
 create mode 100644 docs/implementation/reviews/G3/jr13-2026-10-09/recheck-evidence/controller.stdout.log
 create mode 100644 docs/implementation/reviews/G3/jr13-2026-10-09/recheck-evidence/controller_probe-02.py
 create mode 100644 docs/implementation/reviews/G3/jr13-2026-10-09/recheck-evidence/controller_probe.py
 create mode 100644 docs/implementation/reviews/G3/jr13-2026-10-09/recheck-evidence/empty_item/empty_item.package.json
 create mode 100644 docs/implementation/reviews/G3/jr13-2026-10-09/recheck-evidence/empty_item/empty_item.release.json
 create mode 100644 docs/implementation/reviews/G3/jr13-2026-10-09/recheck-evidence/empty_item/empty_item.stderr.log
 create mode 100644 docs/implementation/reviews/G3/jr13-2026-10-09/recheck-evidence/empty_item/empty_item.stdout.log
 create mode 100644 docs/implementation/reviews/G3/jr13-2026-10-09/recheck-evidence/evidence-manifest.json
 create mode 100644 docs/implementation/reviews/G3/jr13-2026-10-09/recheck-evidence/key-opens.jsonl
 create mode 100644 docs/implementation/reviews/G3/jr13-2026-10-09/recheck-evidence/legacy/quick_scan_import.py
 create mode 100644 docs/implementation/reviews/G3/jr13-2026-10-09/recheck-evidence/legacy/quick_scan_observations.py
 create mode 100644 docs/implementation/reviews/G3/jr13-2026-10-09/recheck-evidence/legacy_canonical/legacy_canonical.package.json
 create mode 100644 docs/implementation/reviews/G3/jr13-2026-10-09/recheck-evidence/legacy_canonical/legacy_canonical.release.json
 create mode 100644 docs/implementation/reviews/G3/jr13-2026-10-09/recheck-evidence/legacy_canonical/legacy_canonical.stderr.log
 create mode 100644 docs/implementation/reviews/G3/jr13-2026-10-09/recheck-evidence/legacy_canonical/legacy_canonical.stdout.log
 create mode 100644 docs/implementation/reviews/G3/jr13-2026-10-09/recheck-evidence/legacy_short/legacy_short.package.json
 create mode 100644 docs/implementation/reviews/G3/jr13-2026-10-09/recheck-evidence/legacy_short/legacy_short.release.json
 create mode 100644 docs/implementation/reviews/G3/jr13-2026-10-09/recheck-evidence/legacy_short/legacy_short.stderr.log
 create mode 100644 docs/implementation/reviews/G3/jr13-2026-10-09/recheck-evidence/legacy_short/legacy_short.stdout.log
 create mode 100644 docs/implementation/reviews/G3/jr13-2026-10-09/recheck-evidence/null_obs/null_obs.package.json
 create mode 100644 docs/implementation/reviews/G3/jr13-2026-10-09/recheck-evidence/null_obs/null_obs.release.json
 create mode 100644 docs/implementation/reviews/G3/jr13-2026-10-09/recheck-evidence/null_obs/null_obs.stderr.log
 create mode 100644 docs/implementation/reviews/G3/jr13-2026-10-09/recheck-evidence/null_obs/null_obs.stdout.log
 create mode 100644 docs/implementation/reviews/G3/jr13-2026-10-09/recheck-evidence/probe.stderr.log
 create mode 100644 docs/implementation/reviews/G3/jr13-2026-10-09/recheck-evidence/probe.stdout.log
 create mode 100644 docs/implementation/reviews/G3/jr13-2026-10-09/recheck-evidence/recheck_probe.py
 create mode 100644 docs/implementation/reviews/G3/jr13-2026-10-09/recheck-evidence/results.json
 create mode 100644 docs/implementation/reviews/G3/jr13-2026-10-09/recheck-evidence/run_batch-before-hardening.py
 create mode 100644 docs/implementation/reviews/G3/jr13-2026-10-09/recheck-evidence/run_batch-frozen-02.py
 create mode 100644 docs/implementation/reviews/G3/jr13-2026-10-09/recheck-evidence/short_obs/short_obs.package.json
 create mode 100644 docs/implementation/reviews/G3/jr13-2026-10-09/recheck-evidence/short_obs/short_obs.release.json
 create mode 100644 docs/implementation/reviews/G3/jr13-2026-10-09/recheck-evidence/short_obs/short_obs.stderr.log
 create mode 100644 docs/implementation/reviews/G3/jr13-2026-10-09/recheck-evidence/short_obs/short_obs.stdout.log
 create mode 100644 docs/implementation/reviews/G3/jr13-2026-10-09/recheck-evidence/sitecustomize.py
 create mode 100644 docs/implementation/reviews/G3/jr13-2026-10-09/recheck-evidence/valid_then_empty/valid_then_empty.package.json
 create mode 100644 docs/implementation/reviews/G3/jr13-2026-10-09/recheck-evidence/valid_then_empty/valid_then_empty.release.json
 create mode 100644 docs/implementation/reviews/G3/jr13-2026-10-09/recheck-evidence/valid_then_empty/valid_then_empty.stderr.log
 create mode 100644 docs/implementation/reviews/G3/jr13-2026-10-09/recheck-evidence/valid_then_empty/valid_then_empty.stdout.log
 create mode 100644 docs/implementation/reviews/G3/jr13-2026-10-09/recheck-evidence/valid_wire_states/accepted.package.json
 create mode 100644 docs/implementation/reviews/G3/jr13-2026-10-09/recheck-evidence/valid_wire_states/accepted.release.json
 create mode 100644 docs/implementation/reviews/G3/jr13-2026-10-09/recheck-evidence/valid_wire_states/accepted.stderr.log
 create mode 100644 docs/implementation/reviews/G3/jr13-2026-10-09/recheck-evidence/valid_wire_states/accepted.stdout.log
 create mode 100644 docs/implementation/reviews/G3/jr13-2026-10-09/recheck-evidence/valid_wire_states/conflict.package.json
 create mode 100644 docs/implementation/reviews/G3/jr13-2026-10-09/recheck-evidence/valid_wire_states/conflict.release.json
 create mode 100644 docs/implementation/reviews/G3/jr13-2026-10-09/recheck-evidence/valid_wire_states/conflict.stderr.log
 create mode 100644 docs/implementation/reviews/G3/jr13-2026-10-09/recheck-evidence/valid_wire_states/conflict.stdout.log
 create mode 100644 docs/implementation/reviews/G3/jr13-2026-10-09/recheck-evidence/valid_wire_states/present.package.json
 create mode 100644 docs/implementation/reviews/G3/jr13-2026-10-09/recheck-evidence/valid_wire_states/present.release.json
 create mode 100644 docs/implementation/reviews/G3/jr13-2026-10-09/recheck-evidence/valid_wire_states/present.stderr.log
 create mode 100644 docs/implementation/reviews/G3/jr13-2026-10-09/recheck-evidence/valid_wire_states/present.stdout.log
 create mode 100644 docs/implementation/reviews/G3/jr13-2026-10-09/recheck-evidence/valid_wire_states/rejected.package.json
 create mode 100644 docs/implementation/reviews/G3/jr13-2026-10-09/recheck-evidence/valid_wire_states/rejected.release.json
 create mode 100644 docs/implementation/reviews/G3/jr13-2026-10-09/recheck-evidence/valid_wire_states/rejected.stderr.log
 create mode 100644 docs/implementation/reviews/G3/jr13-2026-10-09/recheck-evidence/valid_wire_states/rejected.stdout.log
 create mode 100644 docs/implementation/reviews/G3/jr13-2026-10-09/recheck.md
 create mode 100644 docs/implementation/reviews/G3/jr13-2026-10-09/resume_iqs_publication.py
 create mode 100644 docs/implementation/reviews/G3/jr13-2026-10-09/run_batch.py
 create mode 100644 docs/implementation/reviews/G3/jr13-2026-10-09/run_static.py
 create mode 100644 docs/implementation/reviews/G3/jr13-2026-10-09/source_preflight.py
 create mode 100644 docs/implementation/reviews/G3/jr13-2026-10-09/supplement_joint.py
 create mode 100644 docs/implementation/reviews/G3/jr13-2026-10-09/test_joint.py
 create mode 100644 docs/implementation/reviews/G3/jr13-2026-10-09/upgrade_test_addresses.py
