[master c556215] feat: retain reviewed external search release and recovery evidence
 1384 files changed, 810145 insertions(+), 3 deletions(-)
 create mode 100644 docs/implementation/intake/QA-NET-01/2026-10-09-external-context/cleanup-baseline.json
 create mode 100644 docs/implementation/intake/QA-NET-01/2026-10-09-external-context/cleanup-dry-run.json
 create mode 100644 docs/implementation/intake/QA-NET-01/2026-10-09-external-context/cleanup-lstat.json
 create mode 100644 docs/implementation/intake/QA-NET-01/2026-10-09-external-context/cleanup-receipt.json
 create mode 100644 docs/implementation/intake/QA-NET-01/2026-10-09-external-context/final-delivery-index.json
 create mode 100644 docs/implementation/intake/QA-NET-01/2026-10-09-external-context/final-git-paths.nul
 create mode 100644 docs/implementation/intake/QA-NET-01/2026-10-09-external-context/independent-review/review-20261009-01/archive-index.json
 create mode 100644 docs/implementation/intake/QA-NET-01/2026-10-09-external-context/independent-review/review-20261009-01/reproduce-inline-archive.py
 create mode 100644 docs/implementation/intake/QA-NET-01/2026-10-09-external-context/independent-review/review-20261009-01/stderr.log
 create mode 100644 docs/implementation/intake/QA-NET-01/2026-10-09-external-context/independent-review/review-20261009-01/stdout.log
 create mode 100644 docs/implementation/intake/QA-NET-01/2026-10-09-external-context/independent-review/review-20261009-02/archive-index.json
 create mode 100644 docs/implementation/intake/QA-NET-01/2026-10-09-external-context/independent-review/review-20261009-02/process.json
 create mode 100644 docs/implementation/intake/QA-NET-01/2026-10-09-external-context/independent-review/review-20261009-02/recheck-inline-archive.py
 create mode 100644 docs/implementation/intake/QA-NET-01/2026-10-09-external-context/independent-review/review-20261009-02/stderr.log
 create mode 100644 docs/implementation/intake/QA-NET-01/2026-10-09-external-context/independent-review/review-20261009-02/stdout.log
 create mode 100644 docs/implementation/intake/QA-NET-01/2026-10-09-external-context/publication/01-stage/process.json
 create mode 100644 docs/implementation/intake/QA-NET-01/2026-10-09-external-context/publication/01-stage/stderr.log
 create mode 100644 docs/implementation/intake/QA-NET-01/2026-10-09-external-context/publication/01-stage/stdout.log
 create mode 100644 docs/implementation/intake/QA-NET-01/2026-10-09-external-context/publication/02-diff-check/process.json
 create mode 100644 docs/implementation/intake/QA-NET-01/2026-10-09-external-context/publication/02-diff-check/stderr.log
 create mode 100644 docs/implementation/intake/QA-NET-01/2026-10-09-external-context/publication/02-diff-check/stdout.log
 create mode 100644 docs/implementation/intake/QA-NET-01/2026-10-09-external-context/publication/03-commit/process.json
 create mode 100644 docs/implementation/intake/QA-NET-01/2026-10-09-external-context/publication/03-commit/stderr.log
 create mode 100644 docs/implementation/intake/QA-NET-01/2026-10-09-external-context/publication/03-commit/stdout.log
 create mode 100644 docs/implementation/intake/QA-NET-01/2026-10-09-external-context/publication/04-push/process.json
 create mode 100644 docs/implementation/intake/QA-NET-01/2026-10-09-external-context/publication/04-push/stderr.log
 create mode 100644 docs/implementation/intake/QA-NET-01/2026-10-09-external-context/publication/04-push/stdout.log
 create mode 100644 docs/implementation/intake/QA-NET-01/2026-10-09-external-context/publication/05-remote-head/process.json
 create mode 100644 docs/implementation/intake/QA-NET-01/2026-10-09-external-context/publication/05-remote-head/stderr.log
 create mode 100644 docs/implementation/intake/QA-NET-01/2026-10-09-external-context/publication/05-remote-head/stdout.log
 create mode 100644 docs/implementation/intake/QA-NET-01/2026-10-09-external-context/publication/input.json
 create mode 100644 docs/implementation/intake/QA-NET-01/2026-10-09-external-context/publication/result.json
 create mode 100644 docs/implementation/intake/QA-NET-01/2026-10-09-external-context/static/whole-phase-format-01/after-source/.gitignore
 create mode 100644 docs/implementation/intake/QA-NET-01/2026-10-09-external-context/static/whole-phase-format-01/after-source/src/config/quick_scan_model_resolution_v1_1.schema.json
 create mode 100644 docs/implementation/intake/QA-NET-01/2026-10-09-external-context/static/whole-phase-format-01/after-source/src/config/quick_scan_search_policy.py
 create mode 100644 docs/implementation/intake/QA-NET-01/2026-10-09-external-context/static/whole-phase-format-01/after-source/src/config/quick_scan_search_policy_v1_1.schema.json
 create mode 100644 docs/implementation/intake/QA-NET-01/2026-10-09-external-context/static/whole-phase-format-01/after-source/src/core/models.py
 create mode 100644 docs/implementation/intake/QA-NET-01/2026-10-09-external-context/static/whole-phase-format-01/after-source/src/core/qa_engine.py
 create mode 100644 docs/implementation/intake/QA-NET-01/2026-10-09-external-context/static/whole-phase-format-01/after-source/src/providers/async_llm_provider.py
 create mode 100644 docs/implementation/intake/QA-NET-01/2026-10-09-external-context/static/whole-phase-format-01/after-source/src/providers/base_llm_provider.py
 create mode 100644 docs/implementation/intake/QA-NET-01/2026-10-09-external-context/static/whole-phase-format-01/after-source/src/providers/external_search_parsers.py
 create mode 100644 docs/implementation/intake/QA-NET-01/2026-10-09-external-context/static/whole-phase-format-01/after-source/src/providers/external_search_provider.py
 create mode 100644 docs/implementation/intake/QA-NET-01/2026-10-09-external-context/static/whole-phase-format-01/after-source/src/providers/llm_client.py
 create mode 100644 docs/implementation/intake/QA-NET-01/2026-10-09-external-context/static/whole-phase-format-01/after-source/src/providers/llm_provider.py
 create mode 100644 docs/implementation/intake/QA-NET-01/2026-10-09-external-context/static/whole-phase-format-01/after-source/src/providers/model_resolution.py
 create mode 100644 docs/implementation/intake/QA-NET-01/2026-10-09-external-context/static/whole-phase-format-01/after-source/src/providers/search_capability.py
 create mode 100644 docs/implementation/intake/QA-NET-01/2026-10-09-external-context/static/whole-phase-format-01/after-source/src/runners/llm_runner.py
 create mode 100644 docs/implementation/intake/QA-NET-01/2026-10-09-external-context/static/whole-phase-format-01/after-source/src/utils/http_client.py
 create mode 100644 docs/implementation/intake/QA-NET-01/2026-10-09-external-context/static/whole-phase-format-01/after-source/src/utils/llm_integration.py
 create mode 100644 docs/implementation/intake/QA-NET-01/2026-10-09-external-context/static/whole-phase-format-01/after-source/src/utils/quick_scan_c06_adapter.py
 create mode 100644 docs/implementation/intake/QA-NET-01/2026-10-09-external-context/static/whole-phase-format-01/after-source/src/utils/quick_scan_cost_resolver.py
 create mode 100644 docs/implementation/intake/QA-NET-01/2026-10-09-external-context/static/whole-phase-format-01/after-source/src/utils/quick_scan_evidence.py
 create mode 100644 docs/implementation/intake/QA-NET-01/2026-10-09-external-context/static/whole-phase-format-01/after-source/src/utils/quick_scan_external_context.py
 create mode 100644 docs/implementation/intake/QA-NET-01/2026-10-09-external-context/static/whole-phase-format-01/after-source/src/utils/quick_scan_external_journal.py
 create mode 100644 docs/implementation/intake/QA-NET-01/2026-10-09-external-context/static/whole-phase-format-01/after-source/src/utils/quick_scan_mcp_journal.py
 create mode 100644 docs/implementation/intake/QA-NET-01/2026-10-09-external-context/static/whole-phase-format-01/after-source/src/utils/quick_scan_observation_context.py
 create mode 100644 docs/implementation/intake/QA-NET-01/2026-10-09-external-context/static/whole-phase-format-01/after-source/src/utils/quick_scan_result_outbox.py
 create mode 100644 docs/implementation/intake/QA-NET-01/2026-10-09-external-context/static/whole-phase-format-01/after-source/src/utils/quick_scan_work_store.py
 create mode 100644 docs/implementation/intake/QA-NET-01/2026-10-09-external-context/static/whole-phase-format-01/after-source/src/utils/quick_scan_work_transport.py
 create mode 100644 docs/implementation/intake/QA-NET-01/2026-10-09-external-context/static/whole-phase-format-01/after-source/tests/integration/test_external_context_cli_e2e.py
 create mode 100644 docs/implementation/intake/QA-NET-01/2026-10-09-external-context/static/whole-phase-format-01/after-source/tests/unit/test_external_search_provider.py
 create mode 100644 docs/implementation/intake/QA-NET-01/2026-10-09-external-context/static/whole-phase-format-01/after-source/tests/unit/test_model_resolution.py
 create mode 100644 docs/implementation/intake/QA-NET-01/2026-10-09-external-context/static/whole-phase-format-01/after-source/tests/unit/test_qa_net01_c06_seal.py
 create mode 100644 docs/implementation/intake/QA-NET-01/2026-10-09-external-context/static/whole-phase-format-01/after-source/tests/unit/test_qa_net01_search_boundary.py
 create mode 100644 docs/implementation/intake/QA-NET-01/2026-10-09-external-context/static/whole-phase-format-01/after-source/tests/unit/test_quick_scan_budget.py
 create mode 100644 docs/implementation/intake/QA-NET-01/2026-10-09-external-context/static/whole-phase-format-01/after-source/tests/unit/test_quick_scan_c06_complete_seal.py
 create mode 100644 docs/implementation/intake/QA-NET-01/2026-10-09-external-context/static/whole-phase-format-01/after-source/tests/unit/test_quick_scan_external_context.py
 create mode 100644 docs/implementation/intake/QA-NET-01/2026-10-09-external-context/static/whole-phase-format-01/after-source/tests/unit/test_quick_scan_mcp.py
 create mode 100644 docs/implementation/intake/QA-NET-01/2026-10-09-external-context/static/whole-phase-format-01/after-source/tests/unit/test_quick_scan_work_store.py
 create mode 100644 docs/implementation/intake/QA-NET-01/2026-10-09-external-context/static/whole-phase-format-01/before-source/.gitignore
 create mode 100644 docs/implementation/intake/QA-NET-01/2026-10-09-external-context/static/whole-phase-format-01/before-source/src/config/quick_scan_model_resolution_v1_1.schema.json
 create mode 100644 docs/implementation/intake/QA-NET-01/2026-10-09-external-context/static/whole-phase-format-01/before-source/src/config/quick_scan_search_policy.py
 create mode 100644 docs/implementation/intake/QA-NET-01/2026-10-09-external-context/static/whole-phase-format-01/before-source/src/config/quick_scan_search_policy_v1_1.schema.json
 create mode 100644 docs/implementation/intake/QA-NET-01/2026-10-09-external-context/static/whole-phase-format-01/before-source/src/core/models.py
 create mode 100644 docs/implementation/intake/QA-NET-01/2026-10-09-external-context/static/whole-phase-format-01/before-source/src/core/qa_engine.py
 create mode 100644 docs/implementation/intake/QA-NET-01/2026-10-09-external-context/static/whole-phase-format-01/before-source/src/providers/async_llm_provider.py
 create mode 100644 docs/implementation/intake/QA-NET-01/2026-10-09-external-context/static/whole-phase-format-01/before-source/src/providers/base_llm_provider.py
 create mode 100644 docs/implementation/intake/QA-NET-01/2026-10-09-external-context/static/whole-phase-format-01/before-source/src/providers/external_search_parsers.py
 create mode 100644 docs/implementation/intake/QA-NET-01/2026-10-09-external-context/static/whole-phase-format-01/before-source/src/providers/external_search_provider.py
 create mode 100644 docs/implementation/intake/QA-NET-01/2026-10-09-external-context/static/whole-phase-format-01/before-source/src/providers/llm_client.py
 create mode 100644 docs/implementation/intake/QA-NET-01/2026-10-09-external-context/static/whole-phase-format-01/before-source/src/providers/llm_provider.py
 create mode 100644 docs/implementation/intake/QA-NET-01/2026-10-09-external-context/static/whole-phase-format-01/before-source/src/providers/model_resolution.py
 create mode 100644 docs/implementation/intake/QA-NET-01/2026-10-09-external-context/static/whole-phase-format-01/before-source/src/providers/search_capability.py
 create mode 100644 docs/implementation/intake/QA-NET-01/2026-10-09-external-context/static/whole-phase-format-01/before-source/src/runners/llm_runner.py
 create mode 100644 docs/implementation/intake/QA-NET-01/2026-10-09-external-context/static/whole-phase-format-01/before-source/src/utils/http_client.py
 create mode 100644 docs/implementation/intake/QA-NET-01/2026-10-09-external-context/static/whole-phase-format-01/before-source/src/utils/llm_integration.py
 create mode 100644 docs/implementation/intake/QA-NET-01/2026-10-09-external-context/static/whole-phase-format-01/before-source/src/utils/quick_scan_c06_adapter.py
 create mode 100644 docs/implementation/intake/QA-NET-01/2026-10-09-external-context/static/whole-phase-format-01/before-source/src/utils/quick_scan_cost_resolver.py
 create mode 100644 docs/implementation/intake/QA-NET-01/2026-10-09-external-context/static/whole-phase-format-01/before-source/src/utils/quick_scan_evidence.py
 create mode 100644 docs/implementation/intake/QA-NET-01/2026-10-09-external-context/static/whole-phase-format-01/before-source/src/utils/quick_scan_external_context.py
 create mode 100644 docs/implementation/intake/QA-NET-01/2026-10-09-external-context/static/whole-phase-format-01/before-source/src/utils/quick_scan_external_journal.py
 create mode 100644 docs/implementation/intake/QA-NET-01/2026-10-09-external-context/static/whole-phase-format-01/before-source/src/utils/quick_scan_mcp_journal.py
 create mode 100644 docs/implementation/intake/QA-NET-01/2026-10-09-external-context/static/whole-phase-format-01/before-source/src/utils/quick_scan_observation_context.py
 create mode 100644 docs/implementation/intake/QA-NET-01/2026-10-09-external-context/static/whole-phase-format-01/before-source/src/utils/quick_scan_result_outbox.py
 create mode 100644 docs/implementation/intake/QA-NET-01/2026-10-09-external-context/static/whole-phase-format-01/before-source/src/utils/quick_scan_work_store.py
 create mode 100644 docs/implementation/intake/QA-NET-01/2026-10-09-external-context/static/whole-phase-format-01/before-source/src/utils/quick_scan_work_transport.py
 create mode 100644 docs/implementation/intake/QA-NET-01/2026-10-09-external-context/static/whole-phase-format-01/before-source/tests/integration/test_external_context_cli_e2e.py
 create mode 100644 docs/implementation/intake/QA-NET-01/2026-10-09-external-context/static/whole-phase-format-01/before-source/tests/unit/test_external_search_provider.py
 create mode 100644 docs/implementation/intake/QA-NET-01/2026-10-09-external-context/static/whole-phase-format-01/before-source/tests/unit/test_model_resolution.py
 create mode 100644 docs/implementation/intake/QA-NET-01/2026-10-09-external-context/static/whole-phase-format-01/before-source/tests/unit/test_qa_net01_c06_seal.py
 create mode 100644 docs/implementation/intake/QA-NET-01/2026-10-09-external-context/static/whole-phase-format-01/before-source/tests/unit/test_qa_net01_search_boundary.py
 create mode 100644 docs/implementation/intake/QA-NET-01/2026-10-09-external-context/static/whole-phase-format-01/before-source/tests/unit/test_quick_scan_budget.py
 create mode 100644 docs/implementation/intake/QA-NET-01/2026-10-09-external-context/static/whole-phase-format-01/before-source/tests/unit/test_quick_scan_c06_complete_seal.py
 create mode 100644 docs/implementation/intake/QA-NET-01/2026-10-09-external-context/static/whole-phase-format-01/before-source/tests/unit/test_quick_scan_external_context.py
 create mode 100644 docs/implementation/intake/QA-NET-01/2026-10-09-external-context/static/whole-phase-format-01/before-source/tests/unit/test_quick_scan_mcp.py
 create mode 100644 docs/implementation/intake/QA-NET-01/2026-10-09-external-context/static/whole-phase-format-01/before-source/tests/unit/test_quick_scan_work_store.py
 create mode 100644 docs/implementation/intake/QA-NET-01/2026-10-09-external-context/static/whole-phase-format-01/black-stderr.log
 create mode 100644 docs/implementation/intake/QA-NET-01/2026-10-09-external-context/static/whole-phase-format-01/black-stdout.log
 create mode 100644 docs/implementation/intake/QA-NET-01/2026-10-09-external-context/static/whole-phase-format-01/isort-stderr.log
 create mode 100644 docs/implementation/intake/QA-NET-01/2026-10-09-external-context/static/whole-phase-format-01/isort-stdout.log
 create mode 100644 docs/implementation/intake/QA-NET-01/2026-10-09-external-context/static/whole-phase-format-01/process.json
 create mode 100644 docs/implementation/intake/QA-NET-01/2026-10-09-external-context/static/whole-phase-format-02/before-source/.gitignore
 create mode 100644 docs/implementation/intake/QA-NET-01/2026-10-09-external-context/static/whole-phase-format-02/before-source/src/config/quick_scan_model_resolution_v1_1.schema.json
 create mode 100644 docs/implementation/intake/QA-NET-01/2026-10-09-external-context/static/whole-phase-format-02/before-source/src/config/quick_scan_search_policy.py
 create mode 100644 docs/implementation/intake/QA-NET-01/2026-10-09-external-context/static/whole-phase-format-02/before-source/src/config/quick_scan_search_policy_v1_1.schema.json
 create mode 100644 docs/implementation/intake/QA-NET-01/2026-10-09-external-context/static/whole-phase-format-02/before-source/src/core/models.py
 create mode 100644 docs/implementation/intake/QA-NET-01/2026-10-09-external-context/static/whole-phase-format-02/before-source/src/core/qa_engine.py
 create mode 100644 docs/implementation/intake/QA-NET-01/2026-10-09-external-context/static/whole-phase-format-02/before-source/src/providers/async_llm_provider.py
 create mode 100644 docs/implementation/intake/QA-NET-01/2026-10-09-external-context/static/whole-phase-format-02/before-source/src/providers/base_llm_provider.py
 create mode 100644 docs/implementation/intake/QA-NET-01/2026-10-09-external-context/static/whole-phase-format-02/before-source/src/providers/external_search_parsers.py
 create mode 100644 docs/implementation/intake/QA-NET-01/2026-10-09-external-context/static/whole-phase-format-02/before-source/src/providers/external_search_provider.py
 create mode 100644 docs/implementation/intake/QA-NET-01/2026-10-09-external-context/static/whole-phase-format-02/before-source/src/providers/llm_client.py
 create mode 100644 docs/implementation/intake/QA-NET-01/2026-10-09-external-context/static/whole-phase-format-02/before-source/src/providers/llm_provider.py
 create mode 100644 docs/implementation/intake/QA-NET-01/2026-10-09-external-context/static/whole-phase-format-02/before-source/src/providers/model_resolution.py
 create mode 100644 docs/implementation/intake/QA-NET-01/2026-10-09-external-context/static/whole-phase-format-02/before-source/src/providers/search_capability.py
 create mode 100644 docs/implementation/intake/QA-NET-01/2026-10-09-external-context/static/whole-phase-format-02/before-source/src/runners/llm_runner.py
 create mode 100644 docs/implementation/intake/QA-NET-01/2026-10-09-external-context/static/whole-phase-format-02/before-source/src/utils/http_client.py
 create mode 100644 docs/implementation/intake/QA-NET-01/2026-10-09-external-context/static/whole-phase-format-02/before-source/src/utils/llm_integration.py
 create mode 100644 docs/implementation/intake/QA-NET-01/2026-10-09-external-context/static/whole-phase-format-02/before-source/src/utils/quick_scan_c06_adapter.py
 create mode 100644 docs/implementation/intake/QA-NET-01/2026-10-09-external-context/static/whole-phase-format-02/before-source/src/utils/quick_scan_cost_resolver.py
 create mode 100644 docs/implementation/intake/QA-NET-01/2026-10-09-external-context/static/whole-phase-format-02/before-source/src/utils/quick_scan_evidence.py
 create mode 100644 docs/implementation/intake/QA-NET-01/2026-10-09-external-context/static/whole-phase-format-02/before-source/src/utils/quick_scan_external_context.py
 create mode 100644 docs/implementation/intake/QA-NET-01/2026-10-09-external-context/static/whole-phase-format-02/before-source/src/utils/quick_scan_external_journal.py
 create mode 100644 docs/implementation/intake/QA-NET-01/2026-10-09-external-context/static/whole-phase-format-02/before-source/src/utils/quick_scan_mcp_journal.py
 create mode 100644 docs/implementation/intake/QA-NET-01/2026-10-09-external-context/static/whole-phase-format-02/before-source/src/utils/quick_scan_observation_context.py
 create mode 100644 docs/implementation/intake/QA-NET-01/2026-10-09-external-context/static/whole-phase-format-02/before-source/src/utils/quick_scan_result_outbox.py
 create mode 100644 docs/implementation/intake/QA-NET-01/2026-10-09-external-context/static/whole-phase-format-02/before-source/src/utils/quick_scan_work_store.py
 create mode 100644 docs/implementation/intake/QA-NET-01/2026-10-09-external-context/static/whole-phase-format-02/before-source/src/utils/quick_scan_work_transport.py
 create mode 100644 docs/implementation/intake/QA-NET-01/2026-10-09-external-context/static/whole-phase-format-02/before-source/tests/integration/test_external_context_cli_e2e.py
 create mode 100644 docs/implementation/intake/QA-NET-01/2026-10-09-external-context/static/whole-phase-format-02/before-source/tests/unit/test_external_search_provider.py
 create mode 100644 docs/implementation/intake/QA-NET-01/2026-10-09-external-context/static/whole-phase-format-02/before-source/tests/unit/test_model_resolution.py
 create mode 100644 docs/implementation/intake/QA-NET-01/2026-10-09-external-context/static/whole-phase-format-02/before-source/tests/unit/test_qa_net01_c06_seal.py
 create mode 100644 docs/implementation/intake/QA-NET-01/2026-10-09-external-context/static/whole-phase-format-02/before-source/tests/unit/test_qa_net01_search_boundary.py
 create mode 100644 docs/implementation/intake/QA-NET-01/2026-10-09-external-context/static/whole-phase-format-02/before-source/tests/unit/test_quick_scan_budget.py
 create mode 100644 docs/implementation/intake/QA-NET-01/2026-10-09-external-context/static/whole-phase-format-02/before-source/tests/unit/test_quick_scan_c06_complete_seal.py
 create mode 100644 docs/implementation/intake/QA-NET-01/2026-10-09-external-context/static/whole-phase-format-02/before-source/tests/unit/test_quick_scan_external_context.py
 create mode 100644 docs/implementation/intake/QA-NET-01/2026-10-09-external-context/static/whole-phase-format-02/before-source/tests/unit/test_quick_scan_mcp.py
 create mode 100644 docs/implementation/intake/QA-NET-01/2026-10-09-external-context/static/whole-phase-format-02/before-source/tests/unit/test_quick_scan_work_store.py
 create mode 100644 docs/implementation/intake/QA-NET-01/2026-10-09-external-context/static/whole-phase-format-02/controller-timeout.md
 create mode 100644 docs/implementation/intake/QA-NET-01/2026-10-09-external-context/static/whole-phase-format-02/isort-stderr.log
 create mode 100644 docs/implementation/intake/QA-NET-01/2026-10-09-external-context/static/whole-phase-format-02/isort-stdout.log
 create mode 100644 docs/implementation/intake/QA-NET-01/2026-10-09-external-context/static/whole-phase-format-03/after-source/.gitignore
 create mode 100644 docs/implementation/intake/QA-NET-01/2026-10-09-external-context/static/whole-phase-format-03/after-source/src/config/quick_scan_model_resolution_v1_1.schema.json
 create mode 100644 docs/implementation/intake/QA-NET-01/2026-10-09-external-context/static/whole-phase-format-03/after-source/src/config/quick_scan_search_policy.py
 create mode 100644 docs/implementation/intake/QA-NET-01/2026-10-09-external-context/static/whole-phase-format-03/after-source/src/config/quick_scan_search_policy_v1_1.schema.json
 create mode 100644 docs/implementation/intake/QA-NET-01/2026-10-09-external-context/static/whole-phase-format-03/after-source/src/core/models.py
 create mode 100644 docs/implementation/intake/QA-NET-01/2026-10-09-external-context/static/whole-phase-format-03/after-source/src/core/qa_engine.py
 create mode 100644 docs/implementation/intake/QA-NET-01/2026-10-09-external-context/static/whole-phase-format-03/after-source/src/providers/async_llm_provider.py
 create mode 100644 docs/implementation/intake/QA-NET-01/2026-10-09-external-context/static/whole-phase-format-03/after-source/src/providers/base_llm_provider.py
 create mode 100644 docs/implementation/intake/QA-NET-01/2026-10-09-external-context/static/whole-phase-format-03/after-source/src/providers/external_search_parsers.py
 create mode 100644 docs/implementation/intake/QA-NET-01/2026-10-09-external-context/static/whole-phase-format-03/after-source/src/providers/external_search_provider.py
 create mode 100644 docs/implementation/intake/QA-NET-01/2026-10-09-external-context/static/whole-phase-format-03/after-source/src/providers/llm_client.py
 create mode 100644 docs/implementation/intake/QA-NET-01/2026-10-09-external-context/static/whole-phase-format-03/after-source/src/providers/llm_provider.py
 create mode 100644 docs/implementation/intake/QA-NET-01/2026-10-09-external-context/static/whole-phase-format-03/after-source/src/providers/model_resolution.py
 create mode 100644 docs/implementation/intake/QA-NET-01/2026-10-09-external-context/static/whole-phase-format-03/after-source/src/providers/search_capability.py
 create mode 100644 docs/implementation/intake/QA-NET-01/2026-10-09-external-context/static/whole-phase-format-03/after-source/src/runners/llm_runner.py
 create mode 100644 docs/implementation/intake/QA-NET-01/2026-10-09-external-context/static/whole-phase-format-03/after-source/src/utils/http_client.py
 create mode 100644 docs/implementation/intake/QA-NET-01/2026-10-09-external-context/static/whole-phase-format-03/after-source/src/utils/llm_integration.py
 create mode 100644 docs/implementation/intake/QA-NET-01/2026-10-09-external-context/static/whole-phase-format-03/after-source/src/utils/quick_scan_c06_adapter.py
 create mode 100644 docs/implementation/intake/QA-NET-01/2026-10-09-external-context/static/whole-phase-format-03/after-source/src/utils/quick_scan_cost_resolver.py
 create mode 100644 docs/implementation/intake/QA-NET-01/2026-10-09-external-context/static/whole-phase-format-03/after-source/src/utils/quick_scan_evidence.py
 create mode 100644 docs/implementation/intake/QA-NET-01/2026-10-09-external-context/static/whole-phase-format-03/after-source/src/utils/quick_scan_external_context.py
 create mode 100644 docs/implementation/intake/QA-NET-01/2026-10-09-external-context/static/whole-phase-format-03/after-source/src/utils/quick_scan_external_journal.py
 create mode 100644 docs/implementation/intake/QA-NET-01/2026-10-09-external-context/static/whole-phase-format-03/after-source/src/utils/quick_scan_mcp_journal.py
 create mode 100644 docs/implementation/intake/QA-NET-01/2026-10-09-external-context/static/whole-phase-format-03/after-source/src/utils/quick_scan_observation_context.py
 create mode 100644 docs/implementation/intake/QA-NET-01/2026-10-09-external-context/static/whole-phase-format-03/after-source/src/utils/quick_scan_result_outbox.py
 create mode 100644 docs/implementation/intake/QA-NET-01/2026-10-09-external-context/static/whole-phase-format-03/after-source/src/utils/quick_scan_work_store.py
 create mode 100644 docs/implementation/intake/QA-NET-01/2026-10-09-external-context/static/whole-phase-format-03/after-source/src/utils/quick_scan_work_transport.py
 create mode 100644 docs/implementation/intake/QA-NET-01/2026-10-09-external-context/static/whole-phase-format-03/after-source/tests/integration/test_external_context_cli_e2e.py
 create mode 100644 docs/implementation/intake/QA-NET-01/2026-10-09-external-context/static/whole-phase-format-03/after-source/tests/unit/test_external_search_provider.py
 create mode 100644 docs/implementation/intake/QA-NET-01/2026-10-09-external-context/static/whole-phase-format-03/after-source/tests/unit/test_model_resolution.py
 create mode 100644 docs/implementation/intake/QA-NET-01/2026-10-09-external-context/static/whole-phase-format-03/after-source/tests/unit/test_qa_net01_c06_seal.py
 create mode 100644 docs/implementation/intake/QA-NET-01/2026-10-09-external-context/static/whole-phase-format-03/after-source/tests/unit/test_qa_net01_search_boundary.py
 create mode 100644 docs/implementation/intake/QA-NET-01/2026-10-09-external-context/static/whole-phase-format-03/after-source/tests/unit/test_quick_scan_budget.py
 create mode 100644 docs/implementation/intake/QA-NET-01/2026-10-09-external-context/static/whole-phase-format-03/after-source/tests/unit/test_quick_scan_c06_complete_seal.py
 create mode 100644 docs/implementation/intake/QA-NET-01/2026-10-09-external-context/static/whole-phase-format-03/after-source/tests/unit/test_quick_scan_external_context.py
 create mode 100644 docs/implementation/intake/QA-NET-01/2026-10-09-external-context/static/whole-phase-format-03/after-source/tests/unit/test_quick_scan_mcp.py
 create mode 100644 docs/implementation/intake/QA-NET-01/2026-10-09-external-context/static/whole-phase-format-03/after-source/tests/unit/test_quick_scan_work_store.py
 create mode 100644 docs/implementation/intake/QA-NET-01/2026-10-09-external-context/static/whole-phase-format-03/before-source/.gitignore
 create mode 100644 docs/implementation/intake/QA-NET-01/2026-10-09-external-context/static/whole-phase-format-03/before-source/src/config/quick_scan_model_resolution_v1_1.schema.json
 create mode 100644 docs/implementation/intake/QA-NET-01/2026-10-09-external-context/static/whole-phase-format-03/before-source/src/config/quick_scan_search_policy.py
 create mode 100644 docs/implementation/intake/QA-NET-01/2026-10-09-external-context/static/whole-phase-format-03/before-source/src/config/quick_scan_search_policy_v1_1.schema.json
 create mode 100644 docs/implementation/intake/QA-NET-01/2026-10-09-external-context/static/whole-phase-format-03/before-source/src/core/models.py
 create mode 100644 docs/implementation/intake/QA-NET-01/2026-10-09-external-context/static/whole-phase-format-03/before-source/src/core/qa_engine.py
 create mode 100644 docs/implementation/intake/QA-NET-01/2026-10-09-external-context/static/whole-phase-format-03/before-source/src/providers/async_llm_provider.py
 create mode 100644 docs/implementation/intake/QA-NET-01/2026-10-09-external-context/static/whole-phase-format-03/before-source/src/providers/base_llm_provider.py
 create mode 100644 docs/implementation/intake/QA-NET-01/2026-10-09-external-context/static/whole-phase-format-03/before-source/src/providers/external_search_parsers.py
 create mode 100644 docs/implementation/intake/QA-NET-01/2026-10-09-external-context/static/whole-phase-format-03/before-source/src/providers/external_search_provider.py
 create mode 100644 docs/implementation/intake/QA-NET-01/2026-10-09-external-context/static/whole-phase-format-03/before-source/src/providers/llm_client.py
 create mode 100644 docs/implementation/intake/QA-NET-01/2026-10-09-external-context/static/whole-phase-format-03/before-source/src/providers/llm_provider.py
 create mode 100644 docs/implementation/intake/QA-NET-01/2026-10-09-external-context/static/whole-phase-format-03/before-source/src/providers/model_resolution.py
 create mode 100644 docs/implementation/intake/QA-NET-01/2026-10-09-external-context/static/whole-phase-format-03/before-source/src/providers/search_capability.py
 create mode 100644 docs/implementation/intake/QA-NET-01/2026-10-09-external-context/static/whole-phase-format-03/before-source/src/runners/llm_runner.py
 create mode 100644 docs/implementation/intake/QA-NET-01/2026-10-09-external-context/static/whole-phase-format-03/before-source/src/utils/http_client.py
 create mode 100644 docs/implementation/intake/QA-NET-01/2026-10-09-external-context/static/whole-phase-format-03/before-source/src/utils/llm_integration.py
 create mode 100644 docs/implementation/intake/QA-NET-01/2026-10-09-external-context/static/whole-phase-format-03/before-source/src/utils/quick_scan_c06_adapter.py
 create mode 100644 docs/implementation/intake/QA-NET-01/2026-10-09-external-context/static/whole-phase-format-03/before-source/src/utils/quick_scan_cost_resolver.py
 create mode 100644 docs/implementation/intake/QA-NET-01/2026-10-09-external-context/static/whole-phase-format-03/before-source/src/utils/quick_scan_evidence.py
 create mode 100644 docs/implementation/intake/QA-NET-01/2026-10-09-external-context/static/whole-phase-format-03/before-source/src/utils/quick_scan_external_context.py
 create mode 100644 docs/implementation/intake/QA-NET-01/2026-10-09-external-context/static/whole-phase-format-03/before-source/src/utils/quick_scan_external_journal.py
 create mode 100644 docs/implementation/intake/QA-NET-01/2026-10-09-external-context/static/whole-phase-format-03/before-source/src/utils/quick_scan_mcp_journal.py
 create mode 100644 docs/implementation/intake/QA-NET-01/2026-10-09-external-context/static/whole-phase-format-03/before-source/src/utils/quick_scan_observation_context.py
 create mode 100644 docs/implementation/intake/QA-NET-01/2026-10-09-external-context/static/whole-phase-format-03/before-source/src/utils/quick_scan_result_outbox.py
 create mode 100644 docs/implementation/intake/QA-NET-01/2026-10-09-external-context/static/whole-phase-format-03/before-source/src/utils/quick_scan_work_store.py
 create mode 100644 docs/implementation/intake/QA-NET-01/2026-10-09-external-context/static/whole-phase-format-03/before-source/src/utils/quick_scan_work_transport.py
 create mode 100644 docs/implementation/intake/QA-NET-01/2026-10-09-external-context/static/whole-phase-format-03/before-source/tests/integration/test_external_context_cli_e2e.py
 create mode 100644 docs/implementation/intake/QA-NET-01/2026-10-09-external-context/static/whole-phase-format-03/before-source/tests/unit/test_external_search_provider.py
 create mode 100644 docs/implementation/intake/QA-NET-01/2026-10-09-external-context/static/whole-phase-format-03/before-source/tests/unit/test_model_resolution.py
 create mode 100644 docs/implementation/intake/QA-NET-01/2026-10-09-external-context/static/whole-phase-format-03/before-source/tests/unit/test_qa_net01_c06_seal.py
 create mode 100644 docs/implementation/intake/QA-NET-01/2026-10-09-external-context/static/whole-phase-format-03/before-source/tests/unit/test_qa_net01_search_boundary.py
 create mode 100644 docs/implementation/intake/QA-NET-01/2026-10-09-external-context/static/whole-phase-format-03/before-source/tests/unit/test_quick_scan_budget.py
 create mode 100644 docs/implementation/intake/QA-NET-01/2026-10-09-external-context/static/whole-phase-format-03/before-source/tests/unit/test_quick_scan_c06_complete_seal.py
 create mode 100644 docs/implementation/intake/QA-NET-01/2026-10-09-external-context/static/whole-phase-format-03/before-source/tests/unit/test_quick_scan_external_context.py
 create mode 100644 docs/implementation/intake/QA-NET-01/2026-10-09-external-context/static/whole-phase-format-03/before-source/tests/unit/test_quick_scan_mcp.py
 create mode 100644 docs/implementation/intake/QA-NET-01/2026-10-09-external-context/static/whole-phase-format-03/before-source/tests/unit/test_quick_scan_work_store.py
 create mode 100644 docs/implementation/intake/QA-NET-01/2026-10-09-external-context/static/whole-phase-format-03/black-stderr.log
 create mode 100644 docs/implementation/intake/QA-NET-01/2026-10-09-external-context/static/whole-phase-format-03/black-stdout.log
 create mode 100644 docs/implementation/intake/QA-NET-01/2026-10-09-external-context/static/whole-phase-format-03/executed-guard.py
 create mode 100644 docs/implementation/intake/QA-NET-01/2026-10-09-external-context/static/whole-phase-format-03/executed-runner.py
 create mode 100644 docs/implementation/intake/QA-NET-01/2026-10-09-external-context/static/whole-phase-format-03/isort-stderr.log
 create mode 100644 docs/implementation/intake/QA-NET-01/2026-10-09-external-context/static/whole-phase-format-03/isort-stdout.log
 create mode 100644 docs/implementation/intake/QA-NET-01/2026-10-09-external-context/static/whole-phase-format-03/process.json
 create mode 100644 docs/implementation/intake/QA-NET-01/2026-10-09-external-context/static/whole-phase-format-04/after-source/.gitignore
 create mode 100644 docs/implementation/intake/QA-NET-01/2026-10-09-external-context/static/whole-phase-format-04/after-source/src/config/quick_scan_model_resolution_v1_1.schema.json
 create mode 100644 docs/implementation/intake/QA-NET-01/2026-10-09-external-context/static/whole-phase-format-04/after-source/src/config/quick_scan_search_policy.py
 create mode 100644 docs/implementation/intake/QA-NET-01/2026-10-09-external-context/static/whole-phase-format-04/after-source/src/config/quick_scan_search_policy_v1_1.schema.json
 create mode 100644 docs/implementation/intake/QA-NET-01/2026-10-09-external-context/static/whole-phase-format-04/after-source/src/core/models.py
 create mode 100644 docs/implementation/intake/QA-NET-01/2026-10-09-external-context/static/whole-phase-format-04/after-source/src/core/qa_engine.py
 create mode 100644 docs/implementation/intake/QA-NET-01/2026-10-09-external-context/static/whole-phase-format-04/after-source/src/providers/async_llm_provider.py
 create mode 100644 docs/implementation/intake/QA-NET-01/2026-10-09-external-context/static/whole-phase-format-04/after-source/src/providers/base_llm_provider.py
 create mode 100644 docs/implementation/intake/QA-NET-01/2026-10-09-external-context/static/whole-phase-format-04/after-source/src/providers/external_search_parsers.py
 create mode 100644 docs/implementation/intake/QA-NET-01/2026-10-09-external-context/static/whole-phase-format-04/after-source/src/providers/external_search_provider.py
 create mode 100644 docs/implementation/intake/QA-NET-01/2026-10-09-external-context/static/whole-phase-format-04/after-source/src/providers/llm_client.py
 create mode 100644 docs/implementation/intake/QA-NET-01/2026-10-09-external-context/static/whole-phase-format-04/after-source/src/providers/llm_provider.py
 create mode 100644 docs/implementation/intake/QA-NET-01/2026-10-09-external-context/static/whole-phase-format-04/after-source/src/providers/model_resolution.py
 create mode 100644 docs/implementation/intake/QA-NET-01/2026-10-09-external-context/static/whole-phase-format-04/after-source/src/providers/search_capability.py
 create mode 100644 docs/implementation/intake/QA-NET-01/2026-10-09-external-context/static/whole-phase-format-04/after-source/src/runners/llm_runner.py
 create mode 100644 docs/implementation/intake/QA-NET-01/2026-10-09-external-context/static/whole-phase-format-04/after-source/src/utils/http_client.py
 create mode 100644 docs/implementation/intake/QA-NET-01/2026-10-09-external-context/static/whole-phase-format-04/after-source/src/utils/llm_integration.py
 create mode 100644 docs/implementation/intake/QA-NET-01/2026-10-09-external-context/static/whole-phase-format-04/after-source/src/utils/quick_scan_c06_adapter.py
 create mode 100644 docs/implementation/intake/QA-NET-01/2026-10-09-external-context/static/whole-phase-format-04/after-source/src/utils/quick_scan_cost_resolver.py
 create mode 100644 docs/implementation/intake/QA-NET-01/2026-10-09-external-context/static/whole-phase-format-04/after-source/src/utils/quick_scan_evidence.py
 create mode 100644 docs/implementation/intake/QA-NET-01/2026-10-09-external-context/static/whole-phase-format-04/after-source/src/utils/quick_scan_external_context.py
 create mode 100644 docs/implementation/intake/QA-NET-01/2026-10-09-external-context/static/whole-phase-format-04/after-source/src/utils/quick_scan_external_journal.py
 create mode 100644 docs/implementation/intake/QA-NET-01/2026-10-09-external-context/static/whole-phase-format-04/after-source/src/utils/quick_scan_mcp_journal.py
 create mode 100644 docs/implementation/intake/QA-NET-01/2026-10-09-external-context/static/whole-phase-format-04/after-source/src/utils/quick_scan_observation_context.py
 create mode 100644 docs/implementation/intake/QA-NET-01/2026-10-09-external-context/static/whole-phase-format-04/after-source/src/utils/quick_scan_result_outbox.py
 create mode 100644 docs/implementation/intake/QA-NET-01/2026-10-09-external-context/static/whole-phase-format-04/after-source/src/utils/quick_scan_work_store.py
 create mode 100644 docs/implementation/intake/QA-NET-01/2026-10-09-external-context/static/whole-phase-format-04/after-source/src/utils/quick_scan_work_transport.py
 create mode 100644 docs/implementation/intake/QA-NET-01/2026-10-09-external-context/static/whole-phase-format-04/after-source/tests/integration/test_external_context_cli_e2e.py
 create mode 100644 docs/implementation/intake/QA-NET-01/2026-10-09-external-context/static/whole-phase-format-04/after-source/tests/unit/test_external_search_provider.py
 create mode 100644 docs/implementation/intake/QA-NET-01/2026-10-09-external-context/static/whole-phase-format-04/after-source/tests/unit/test_model_resolution.py
 create mode 100644 docs/implementation/intake/QA-NET-01/2026-10-09-external-context/static/whole-phase-format-04/after-source/tests/unit/test_qa_net01_c06_seal.py
 create mode 100644 docs/implementation/intake/QA-NET-01/2026-10-09-external-context/static/whole-phase-format-04/after-source/tests/unit/test_qa_net01_search_boundary.py
 create mode 100644 docs/implementation/intake/QA-NET-01/2026-10-09-external-context/static/whole-phase-format-04/after-source/tests/unit/test_quick_scan_budget.py
 create mode 100644 docs/implementation/intake/QA-NET-01/2026-10-09-external-context/static/whole-phase-format-04/after-source/tests/unit/test_quick_scan_c06_complete_seal.py
 create mode 100644 docs/implementation/intake/QA-NET-01/2026-10-09-external-context/static/whole-phase-format-04/after-source/tests/unit/test_quick_scan_external_context.py
 create mode 100644 docs/implementation/intake/QA-NET-01/2026-10-09-external-context/static/whole-phase-format-04/after-source/tests/unit/test_quick_scan_mcp.py
 create mode 100644 docs/implementation/intake/QA-NET-01/2026-10-09-external-context/static/whole-phase-format-04/after-source/tests/unit/test_quick_scan_work_store.py
 create mode 100644 docs/implementation/intake/QA-NET-01/2026-10-09-external-context/static/whole-phase-format-04/before-source/.gitignore
 create mode 100644 docs/implementation/intake/QA-NET-01/2026-10-09-external-context/static/whole-phase-format-04/before-source/src/config/quick_scan_model_resolution_v1_1.schema.json
 create mode 100644 docs/implementation/intake/QA-NET-01/2026-10-09-external-context/static/whole-phase-format-04/before-source/src/config/quick_scan_search_policy.py
 create mode 100644 docs/implementation/intake/QA-NET-01/2026-10-09-external-context/static/whole-phase-format-04/before-source/src/config/quick_scan_search_policy_v1_1.schema.json
 create mode 100644 docs/implementation/intake/QA-NET-01/2026-10-09-external-context/static/whole-phase-format-04/before-source/src/core/models.py
 create mode 100644 docs/implementation/intake/QA-NET-01/2026-10-09-external-context/static/whole-phase-format-04/before-source/src/core/qa_engine.py
 create mode 100644 docs/implementation/intake/QA-NET-01/2026-10-09-external-context/static/whole-phase-format-04/before-source/src/providers/async_llm_provider.py
 create mode 100644 docs/implementation/intake/QA-NET-01/2026-10-09-external-context/static/whole-phase-format-04/before-source/src/providers/base_llm_provider.py
 create mode 100644 docs/implementation/intake/QA-NET-01/2026-10-09-external-context/static/whole-phase-format-04/before-source/src/providers/external_search_parsers.py
 create mode 100644 docs/implementation/intake/QA-NET-01/2026-10-09-external-context/static/whole-phase-format-04/before-source/src/providers/external_search_provider.py
 create mode 100644 docs/implementation/intake/QA-NET-01/2026-10-09-external-context/static/whole-phase-format-04/before-source/src/providers/llm_client.py
 create mode 100644 docs/implementation/intake/QA-NET-01/2026-10-09-external-context/static/whole-phase-format-04/before-source/src/providers/llm_provider.py
 create mode 100644 docs/implementation/intake/QA-NET-01/2026-10-09-external-context/static/whole-phase-format-04/before-source/src/providers/model_resolution.py
 create mode 100644 docs/implementation/intake/QA-NET-01/2026-10-09-external-context/static/whole-phase-format-04/before-source/src/providers/search_capability.py
 create mode 100644 docs/implementation/intake/QA-NET-01/2026-10-09-external-context/static/whole-phase-format-04/before-source/src/runners/llm_runner.py
 create mode 100644 docs/implementation/intake/QA-NET-01/2026-10-09-external-context/static/whole-phase-format-04/before-source/src/utils/http_client.py
 create mode 100644 docs/implementation/intake/QA-NET-01/2026-10-09-external-context/static/whole-phase-format-04/before-source/src/utils/llm_integration.py
 create mode 100644 docs/implementation/intake/QA-NET-01/2026-10-09-external-context/static/whole-phase-format-04/before-source/src/utils/quick_scan_c06_adapter.py
 create mode 100644 docs/implementation/intake/QA-NET-01/2026-10-09-external-context/static/whole-phase-format-04/before-source/src/utils/quick_scan_cost_resolver.py
 create mode 100644 docs/implementation/intake/QA-NET-01/2026-10-09-external-context/static/whole-phase-format-04/before-source/src/utils/quick_scan_evidence.py
 create mode 100644 docs/implementation/intake/QA-NET-01/2026-10-09-external-context/static/whole-phase-format-04/before-source/src/utils/quick_scan_external_context.py
 create mode 100644 docs/implementation/intake/QA-NET-01/2026-10-09-external-context/static/whole-phase-format-04/before-source/src/utils/quick_scan_external_journal.py
 create mode 100644 docs/implementation/intake/QA-NET-01/2026-10-09-external-context/static/whole-phase-format-04/before-source/src/utils/quick_scan_mcp_journal.py
 create mode 100644 docs/implementation/intake/QA-NET-01/2026-10-09-external-context/static/whole-phase-format-04/before-source/src/utils/quick_scan_observation_context.py
 create mode 100644 docs/implementation/intake/QA-NET-01/2026-10-09-external-context/static/whole-phase-format-04/before-source/src/utils/quick_scan_result_outbox.py
 create mode 100644 docs/implementation/intake/QA-NET-01/2026-10-09-external-context/static/whole-phase-format-04/before-source/src/utils/quick_scan_work_store.py
 create mode 100644 docs/implementation/intake/QA-NET-01/2026-10-09-external-context/static/whole-phase-format-04/before-source/src/utils/quick_scan_work_transport.py
 create mode 100644 docs/implementation/intake/QA-NET-01/2026-10-09-external-context/static/whole-phase-format-04/before-source/tests/integration/test_external_context_cli_e2e.py
 create mode 100644 docs/implementation/intake/QA-NET-01/2026-10-09-external-context/static/whole-phase-format-04/before-source/tests/unit/test_external_search_provider.py
 create mode 100644 docs/implementation/intake/QA-NET-01/2026-10-09-external-context/static/whole-phase-format-04/before-source/tests/unit/test_model_resolution.py
 create mode 100644 docs/implementation/intake/QA-NET-01/2026-10-09-external-context/static/whole-phase-format-04/before-source/tests/unit/test_qa_net01_c06_seal.py
 create mode 100644 docs/implementation/intake/QA-NET-01/2026-10-09-external-context/static/whole-phase-format-04/before-source/tests/unit/test_qa_net01_search_boundary.py
 create mode 100644 docs/implementation/intake/QA-NET-01/2026-10-09-external-context/static/whole-phase-format-04/before-source/tests/unit/test_quick_scan_budget.py
 create mode 100644 docs/implementation/intake/QA-NET-01/2026-10-09-external-context/static/whole-phase-format-04/before-source/tests/unit/test_quick_scan_c06_complete_seal.py
 create mode 100644 docs/implementation/intake/QA-NET-01/2026-10-09-external-context/static/whole-phase-format-04/before-source/tests/unit/test_quick_scan_external_context.py
 create mode 100644 docs/implementation/intake/QA-NET-01/2026-10-09-external-context/static/whole-phase-format-04/before-source/tests/unit/test_quick_scan_mcp.py
 create mode 100644 docs/implementation/intake/QA-NET-01/2026-10-09-external-context/static/whole-phase-format-04/before-source/tests/unit/test_quick_scan_work_store.py
 create mode 100644 docs/implementation/intake/QA-NET-01/2026-10-09-external-context/static/whole-phase-format-04/black-stderr.log
 create mode 100644 docs/implementation/intake/QA-NET-01/2026-10-09-external-context/static/whole-phase-format-04/black-stdout.log
 create mode 100644 docs/implementation/intake/QA-NET-01/2026-10-09-external-context/static/whole-phase-format-04/executed-guard.py
 create mode 100644 docs/implementation/intake/QA-NET-01/2026-10-09-external-context/static/whole-phase-format-04/executed-runner.py
 create mode 100644 docs/implementation/intake/QA-NET-01/2026-10-09-external-context/static/whole-phase-format-04/isort-stderr.log
 create mode 100644 docs/implementation/intake/QA-NET-01/2026-10-09-external-context/static/whole-phase-format-04/isort-stdout.log
 create mode 100644 docs/implementation/intake/QA-NET-01/2026-10-09-external-context/static/whole-phase-format-04/process.json
 create mode 100644 docs/implementation/intake/QA-NET-01/2026-10-09-external-context/static/whole-phase-static-02/after-source/.gitignore
 create mode 100644 docs/implementation/intake/QA-NET-01/2026-10-09-external-context/static/whole-phase-static-02/after-source/src/config/quick_scan_model_resolution_v1_1.schema.json
 create mode 100644 docs/implementation/intake/QA-NET-01/2026-10-09-external-context/static/whole-phase-static-02/after-source/src/config/quick_scan_search_policy.py
 create mode 100644 docs/implementation/intake/QA-NET-01/2026-10-09-external-context/static/whole-phase-static-02/after-source/src/config/quick_scan_search_policy_v1_1.schema.json
 create mode 100644 docs/implementation/intake/QA-NET-01/2026-10-09-external-context/static/whole-phase-static-02/after-source/src/core/models.py
 create mode 100644 docs/implementation/intake/QA-NET-01/2026-10-09-external-context/static/whole-phase-static-02/after-source/src/core/qa_engine.py
 create mode 100644 docs/implementation/intake/QA-NET-01/2026-10-09-external-context/static/whole-phase-static-02/after-source/src/providers/async_llm_provider.py
 create mode 100644 docs/implementation/intake/QA-NET-01/2026-10-09-external-context/static/whole-phase-static-02/after-source/src/providers/base_llm_provider.py
 create mode 100644 docs/implementation/intake/QA-NET-01/2026-10-09-external-context/static/whole-phase-static-02/after-source/src/providers/external_search_parsers.py
 create mode 100644 docs/implementation/intake/QA-NET-01/2026-10-09-external-context/static/whole-phase-static-02/after-source/src/providers/external_search_provider.py
 create mode 100644 docs/implementation/intake/QA-NET-01/2026-10-09-external-context/static/whole-phase-static-02/after-source/src/providers/llm_client.py
 create mode 100644 docs/implementation/intake/QA-NET-01/2026-10-09-external-context/static/whole-phase-static-02/after-source/src/providers/llm_provider.py
 create mode 100644 docs/implementation/intake/QA-NET-01/2026-10-09-external-context/static/whole-phase-static-02/after-source/src/providers/model_resolution.py
 create mode 100644 docs/implementation/intake/QA-NET-01/2026-10-09-external-context/static/whole-phase-static-02/after-source/src/providers/search_capability.py
 create mode 100644 docs/implementation/intake/QA-NET-01/2026-10-09-external-context/static/whole-phase-static-02/after-source/src/runners/llm_runner.py
 create mode 100644 docs/implementation/intake/QA-NET-01/2026-10-09-external-context/static/whole-phase-static-02/after-source/src/utils/http_client.py
 create mode 100644 docs/implementation/intake/QA-NET-01/2026-10-09-external-context/static/whole-phase-static-02/after-source/src/utils/llm_integration.py
 create mode 100644 docs/implementation/intake/QA-NET-01/2026-10-09-external-context/static/whole-phase-static-02/after-source/src/utils/quick_scan_c06_adapter.py
 create mode 100644 docs/implementation/intake/QA-NET-01/2026-10-09-external-context/static/whole-phase-static-02/after-source/src/utils/quick_scan_cost_resolver.py
 create mode 100644 docs/implementation/intake/QA-NET-01/2026-10-09-external-context/static/whole-phase-static-02/after-source/src/utils/quick_scan_evidence.py
 create mode 100644 docs/implementation/intake/QA-NET-01/2026-10-09-external-context/static/whole-phase-static-02/after-source/src/utils/quick_scan_external_context.py
 create mode 100644 docs/implementation/intake/QA-NET-01/2026-10-09-external-context/static/whole-phase-static-02/after-source/src/utils/quick_scan_external_journal.py
 create mode 100644 docs/implementation/intake/QA-NET-01/2026-10-09-external-context/static/whole-phase-static-02/after-source/src/utils/quick_scan_mcp_journal.py
 create mode 100644 docs/implementation/intake/QA-NET-01/2026-10-09-external-context/static/whole-phase-static-02/after-source/src/utils/quick_scan_observation_context.py
 create mode 100644 docs/implementation/intake/QA-NET-01/2026-10-09-external-context/static/whole-phase-static-02/after-source/src/utils/quick_scan_result_outbox.py
 create mode 100644 docs/implementation/intake/QA-NET-01/2026-10-09-external-context/static/whole-phase-static-02/after-source/src/utils/quick_scan_work_store.py
 create mode 100644 docs/implementation/intake/QA-NET-01/2026-10-09-external-context/static/whole-phase-static-02/after-source/src/utils/quick_scan_work_transport.py
 create mode 100644 docs/implementation/intake/QA-NET-01/2026-10-09-external-context/static/whole-phase-static-02/after-source/tests/integration/test_external_context_cli_e2e.py
 create mode 100644 docs/implementation/intake/QA-NET-01/2026-10-09-external-context/static/whole-phase-static-02/after-source/tests/unit/test_external_search_provider.py
 create mode 100644 docs/implementation/intake/QA-NET-01/2026-10-09-external-context/static/whole-phase-static-02/after-source/tests/unit/test_model_resolution.py
 create mode 100644 docs/implementation/intake/QA-NET-01/2026-10-09-external-context/static/whole-phase-static-02/after-source/tests/unit/test_qa_net01_c06_seal.py
 create mode 100644 docs/implementation/intake/QA-NET-01/2026-10-09-external-context/static/whole-phase-static-02/after-source/tests/unit/test_qa_net01_search_boundary.py
 create mode 100644 docs/implementation/intake/QA-NET-01/2026-10-09-external-context/static/whole-phase-static-02/after-source/tests/unit/test_quick_scan_budget.py
 create mode 100644 docs/implementation/intake/QA-NET-01/2026-10-09-external-context/static/whole-phase-static-02/after-source/tests/unit/test_quick_scan_c06_complete_seal.py
 create mode 100644 docs/implementation/intake/QA-NET-01/2026-10-09-external-context/static/whole-phase-static-02/after-source/tests/unit/test_quick_scan_external_context.py
 create mode 100644 docs/implementation/intake/QA-NET-01/2026-10-09-external-context/static/whole-phase-static-02/after-source/tests/unit/test_quick_scan_mcp.py
 create mode 100644 docs/implementation/intake/QA-NET-01/2026-10-09-external-context/static/whole-phase-static-02/after-source/tests/unit/test_quick_scan_work_store.py
 create mode 100644 docs/implementation/intake/QA-NET-01/2026-10-09-external-context/static/whole-phase-static-02/before-source/.gitignore
 create mode 100644 docs/implementation/intake/QA-NET-01/2026-10-09-external-context/static/whole-phase-static-02/before-source/src/config/quick_scan_model_resolution_v1_1.schema.json
 create mode 100644 docs/implementation/intake/QA-NET-01/2026-10-09-external-context/static/whole-phase-static-02/before-source/src/config/quick_scan_search_policy.py
 create mode 100644 docs/implementation/intake/QA-NET-01/2026-10-09-external-context/static/whole-phase-static-02/before-source/src/config/quick_scan_search_policy_v1_1.schema.json
 create mode 100644 docs/implementation/intake/QA-NET-01/2026-10-09-external-context/static/whole-phase-static-02/before-source/src/core/models.py
 create mode 100644 docs/implementation/intake/QA-NET-01/2026-10-09-external-context/static/whole-phase-static-02/before-source/src/core/qa_engine.py
 create mode 100644 docs/implementation/intake/QA-NET-01/2026-10-09-external-context/static/whole-phase-static-02/before-source/src/providers/async_llm_provider.py
 create mode 100644 docs/implementation/intake/QA-NET-01/2026-10-09-external-context/static/whole-phase-static-02/before-source/src/providers/base_llm_provider.py
 create mode 100644 docs/implementation/intake/QA-NET-01/2026-10-09-external-context/static/whole-phase-static-02/before-source/src/providers/external_search_parsers.py
 create mode 100644 docs/implementation/intake/QA-NET-01/2026-10-09-external-context/static/whole-phase-static-02/before-source/src/providers/external_search_provider.py
 create mode 100644 docs/implementation/intake/QA-NET-01/2026-10-09-external-context/static/whole-phase-static-02/before-source/src/providers/llm_client.py
 create mode 100644 docs/implementation/intake/QA-NET-01/2026-10-09-external-context/static/whole-phase-static-02/before-source/src/providers/llm_provider.py
 create mode 100644 docs/implementation/intake/QA-NET-01/2026-10-09-external-context/static/whole-phase-static-02/before-source/src/providers/model_resolution.py
 create mode 100644 docs/implementation/intake/QA-NET-01/2026-10-09-external-context/static/whole-phase-static-02/before-source/src/providers/search_capability.py
 create mode 100644 docs/implementation/intake/QA-NET-01/2026-10-09-external-context/static/whole-phase-static-02/before-source/src/runners/llm_runner.py
 create mode 100644 docs/implementation/intake/QA-NET-01/2026-10-09-external-context/static/whole-phase-static-02/before-source/src/utils/http_client.py
 create mode 100644 docs/implementation/intake/QA-NET-01/2026-10-09-external-context/static/whole-phase-static-02/before-source/src/utils/llm_integration.py
 create mode 100644 docs/implementation/intake/QA-NET-01/2026-10-09-external-context/static/whole-phase-static-02/before-source/src/utils/quick_scan_c06_adapter.py
 create mode 100644 docs/implementation/intake/QA-NET-01/2026-10-09-external-context/static/whole-phase-static-02/before-source/src/utils/quick_scan_cost_resolver.py
 create mode 100644 docs/implementation/intake/QA-NET-01/2026-10-09-external-context/static/whole-phase-static-02/before-source/src/utils/quick_scan_evidence.py
 create mode 100644 docs/implementation/intake/QA-NET-01/2026-10-09-external-context/static/whole-phase-static-02/before-source/src/utils/quick_scan_external_context.py
 create mode 100644 docs/implementation/intake/QA-NET-01/2026-10-09-external-context/static/whole-phase-static-02/before-source/src/utils/quick_scan_external_journal.py
 create mode 100644 docs/implementation/intake/QA-NET-01/2026-10-09-external-context/static/whole-phase-static-02/before-source/src/utils/quick_scan_mcp_journal.py
 create mode 100644 docs/implementation/intake/QA-NET-01/2026-10-09-external-context/static/whole-phase-static-02/before-source/src/utils/quick_scan_observation_context.py
 create mode 100644 docs/implementation/intake/QA-NET-01/2026-10-09-external-context/static/whole-phase-static-02/before-source/src/utils/quick_scan_result_outbox.py
 create mode 100644 docs/implementation/intake/QA-NET-01/2026-10-09-external-context/static/whole-phase-static-02/before-source/src/utils/quick_scan_work_store.py
 create mode 100644 docs/implementation/intake/QA-NET-01/2026-10-09-external-context/static/whole-phase-static-02/before-source/src/utils/quick_scan_work_transport.py
 create mode 100644 docs/implementation/intake/QA-NET-01/2026-10-09-external-context/static/whole-phase-static-02/before-source/tests/integration/test_external_context_cli_e2e.py
 create mode 100644 docs/implementation/intake/QA-NET-01/2026-10-09-external-context/static/whole-phase-static-02/before-source/tests/unit/test_external_search_provider.py
 create mode 100644 docs/implementation/intake/QA-NET-01/2026-10-09-external-context/static/whole-phase-static-02/before-source/tests/unit/test_model_resolution.py
 create mode 100644 docs/implementation/intake/QA-NET-01/2026-10-09-external-context/static/whole-phase-static-02/before-source/tests/unit/test_qa_net01_c06_seal.py
 create mode 100644 docs/implementation/intake/QA-NET-01/2026-10-09-external-context/static/whole-phase-static-02/before-source/tests/unit/test_qa_net01_search_boundary.py
 create mode 100644 docs/implementation/intake/QA-NET-01/2026-10-09-external-context/static/whole-phase-static-02/before-source/tests/unit/test_quick_scan_budget.py
 create mode 100644 docs/implementation/intake/QA-NET-01/2026-10-09-external-context/static/whole-phase-static-02/before-source/tests/unit/test_quick_scan_c06_complete_seal.py
 create mode 100644 docs/implementation/intake/QA-NET-01/2026-10-09-external-context/static/whole-phase-static-02/before-source/tests/unit/test_quick_scan_external_context.py
 create mode 100644 docs/implementation/intake/QA-NET-01/2026-10-09-external-context/static/whole-phase-static-02/before-source/tests/unit/test_quick_scan_mcp.py
 create mode 100644 docs/implementation/intake/QA-NET-01/2026-10-09-external-context/static/whole-phase-static-02/before-source/tests/unit/test_quick_scan_work_store.py
 create mode 100644 docs/implementation/intake/QA-NET-01/2026-10-09-external-context/static/whole-phase-static-02/black-stderr.log
 create mode 100644 docs/implementation/intake/QA-NET-01/2026-10-09-external-context/static/whole-phase-static-02/black-stdout.log
 create mode 100644 docs/implementation/intake/QA-NET-01/2026-10-09-external-context/static/whole-phase-static-02/executed-guard.py
 create mode 100644 docs/implementation/intake/QA-NET-01/2026-10-09-external-context/static/whole-phase-static-02/executed-runner.py
 create mode 100644 docs/implementation/intake/QA-NET-01/2026-10-09-external-context/static/whole-phase-static-02/isort-stderr.log
 create mode 100644 docs/implementation/intake/QA-NET-01/2026-10-09-external-context/static/whole-phase-static-02/isort-stdout.log
 create mode 100644 docs/implementation/intake/QA-NET-01/2026-10-09-external-context/static/whole-phase-static-02/mypy-stderr.log
 create mode 100644 docs/implementation/intake/QA-NET-01/2026-10-09-external-context/static/whole-phase-static-02/mypy-stdout.log
 create mode 100644 docs/implementation/intake/QA-NET-01/2026-10-09-external-context/static/whole-phase-static-02/process.json
 create mode 100644 docs/implementation/intake/QA-NET-01/2026-10-09-external-context/static/whole-phase-static-03/after-source/.gitignore
 create mode 100644 docs/implementation/intake/QA-NET-01/2026-10-09-external-context/static/whole-phase-static-03/after-source/src/config/quick_scan_model_resolution_v1_1.schema.json
 create mode 100644 docs/implementation/intake/QA-NET-01/2026-10-09-external-context/static/whole-phase-static-03/after-source/src/config/quick_scan_search_policy.py
 create mode 100644 docs/implementation/intake/QA-NET-01/2026-10-09-external-context/static/whole-phase-static-03/after-source/src/config/quick_scan_search_policy_v1_1.schema.json
 create mode 100644 docs/implementation/intake/QA-NET-01/2026-10-09-external-context/static/whole-phase-static-03/after-source/src/core/models.py
 create mode 100644 docs/implementation/intake/QA-NET-01/2026-10-09-external-context/static/whole-phase-static-03/after-source/src/core/qa_engine.py
 create mode 100644 docs/implementation/intake/QA-NET-01/2026-10-09-external-context/static/whole-phase-static-03/after-source/src/providers/async_llm_provider.py
 create mode 100644 docs/implementation/intake/QA-NET-01/2026-10-09-external-context/static/whole-phase-static-03/after-source/src/providers/base_llm_provider.py
 create mode 100644 docs/implementation/intake/QA-NET-01/2026-10-09-external-context/static/whole-phase-static-03/after-source/src/providers/external_search_parsers.py
 create mode 100644 docs/implementation/intake/QA-NET-01/2026-10-09-external-context/static/whole-phase-static-03/after-source/src/providers/external_search_provider.py
 create mode 100644 docs/implementation/intake/QA-NET-01/2026-10-09-external-context/static/whole-phase-static-03/after-source/src/providers/llm_client.py
 create mode 100644 docs/implementation/intake/QA-NET-01/2026-10-09-external-context/static/whole-phase-static-03/after-source/src/providers/llm_provider.py
 create mode 100644 docs/implementation/intake/QA-NET-01/2026-10-09-external-context/static/whole-phase-static-03/after-source/src/providers/model_resolution.py
 create mode 100644 docs/implementation/intake/QA-NET-01/2026-10-09-external-context/static/whole-phase-static-03/after-source/src/providers/search_capability.py
 create mode 100644 docs/implementation/intake/QA-NET-01/2026-10-09-external-context/static/whole-phase-static-03/after-source/src/runners/llm_runner.py
 create mode 100644 docs/implementation/intake/QA-NET-01/2026-10-09-external-context/static/whole-phase-static-03/after-source/src/utils/http_client.py
 create mode 100644 docs/implementation/intake/QA-NET-01/2026-10-09-external-context/static/whole-phase-static-03/after-source/src/utils/llm_integration.py
 create mode 100644 docs/implementation/intake/QA-NET-01/2026-10-09-external-context/static/whole-phase-static-03/after-source/src/utils/quick_scan_c06_adapter.py
 create mode 100644 docs/implementation/intake/QA-NET-01/2026-10-09-external-context/static/whole-phase-static-03/after-source/src/utils/quick_scan_cost_resolver.py
 create mode 100644 docs/implementation/intake/QA-NET-01/2026-10-09-external-context/static/whole-phase-static-03/after-source/src/utils/quick_scan_evidence.py
 create mode 100644 docs/implementation/intake/QA-NET-01/2026-10-09-external-context/static/whole-phase-static-03/after-source/src/utils/quick_scan_external_context.py
 create mode 100644 docs/implementation/intake/QA-NET-01/2026-10-09-external-context/static/whole-phase-static-03/after-source/src/utils/quick_scan_external_journal.py
 create mode 100644 docs/implementation/intake/QA-NET-01/2026-10-09-external-context/static/whole-phase-static-03/after-source/src/utils/quick_scan_mcp_journal.py
 create mode 100644 docs/implementation/intake/QA-NET-01/2026-10-09-external-context/static/whole-phase-static-03/after-source/src/utils/quick_scan_observation_context.py
 create mode 100644 docs/implementation/intake/QA-NET-01/2026-10-09-external-context/static/whole-phase-static-03/after-source/src/utils/quick_scan_result_outbox.py
 create mode 100644 docs/implementation/intake/QA-NET-01/2026-10-09-external-context/static/whole-phase-static-03/after-source/src/utils/quick_scan_work_store.py
 create mode 100644 docs/implementation/intake/QA-NET-01/2026-10-09-external-context/static/whole-phase-static-03/after-source/src/utils/quick_scan_work_transport.py
 create mode 100644 docs/implementation/intake/QA-NET-01/2026-10-09-external-context/static/whole-phase-static-03/after-source/tests/integration/test_external_context_cli_e2e.py
 create mode 100644 docs/implementation/intake/QA-NET-01/2026-10-09-external-context/static/whole-phase-static-03/after-source/tests/unit/test_external_search_provider.py
 create mode 100644 docs/implementation/intake/QA-NET-01/2026-10-09-external-context/static/whole-phase-static-03/after-source/tests/unit/test_model_resolution.py
 create mode 100644 docs/implementation/intake/QA-NET-01/2026-10-09-external-context/static/whole-phase-static-03/after-source/tests/unit/test_qa_net01_c06_seal.py
 create mode 100644 docs/implementation/intake/QA-NET-01/2026-10-09-external-context/static/whole-phase-static-03/after-source/tests/unit/test_qa_net01_search_boundary.py
 create mode 100644 docs/implementation/intake/QA-NET-01/2026-10-09-external-context/static/whole-phase-static-03/after-source/tests/unit/test_quick_scan_budget.py
 create mode 100644 docs/implementation/intake/QA-NET-01/2026-10-09-external-context/static/whole-phase-static-03/after-source/tests/unit/test_quick_scan_c06_complete_seal.py
 create mode 100644 docs/implementation/intake/QA-NET-01/2026-10-09-external-context/static/whole-phase-static-03/after-source/tests/unit/test_quick_scan_external_context.py
 create mode 100644 docs/implementation/intake/QA-NET-01/2026-10-09-external-context/static/whole-phase-static-03/after-source/tests/unit/test_quick_scan_mcp.py
 create mode 100644 docs/implementation/intake/QA-NET-01/2026-10-09-external-context/static/whole-phase-static-03/after-source/tests/unit/test_quick_scan_work_store.py
 create mode 100644 docs/implementation/intake/QA-NET-01/2026-10-09-external-context/static/whole-phase-static-03/before-source/.gitignore
 create mode 100644 docs/implementation/intake/QA-NET-01/2026-10-09-external-context/static/whole-phase-static-03/before-source/src/config/quick_scan_model_resolution_v1_1.schema.json
 create mode 100644 docs/implementation/intake/QA-NET-01/2026-10-09-external-context/static/whole-phase-static-03/before-source/src/config/quick_scan_search_policy.py
 create mode 100644 docs/implementation/intake/QA-NET-01/2026-10-09-external-context/static/whole-phase-static-03/before-source/src/config/quick_scan_search_policy_v1_1.schema.json
 create mode 100644 docs/implementation/intake/QA-NET-01/2026-10-09-external-context/static/whole-phase-static-03/before-source/src/core/models.py
 create mode 100644 docs/implementation/intake/QA-NET-01/2026-10-09-external-context/static/whole-phase-static-03/before-source/src/core/qa_engine.py
 create mode 100644 docs/implementation/intake/QA-NET-01/2026-10-09-external-context/static/whole-phase-static-03/before-source/src/providers/async_llm_provider.py
 create mode 100644 docs/implementation/intake/QA-NET-01/2026-10-09-external-context/static/whole-phase-static-03/before-source/src/providers/base_llm_provider.py
 create mode 100644 docs/implementation/intake/QA-NET-01/2026-10-09-external-context/static/whole-phase-static-03/before-source/src/providers/external_search_parsers.py
 create mode 100644 docs/implementation/intake/QA-NET-01/2026-10-09-external-context/static/whole-phase-static-03/before-source/src/providers/external_search_provider.py
 create mode 100644 docs/implementation/intake/QA-NET-01/2026-10-09-external-context/static/whole-phase-static-03/before-source/src/providers/llm_client.py
 create mode 100644 docs/implementation/intake/QA-NET-01/2026-10-09-external-context/static/whole-phase-static-03/before-source/src/providers/llm_provider.py
 create mode 100644 docs/implementation/intake/QA-NET-01/2026-10-09-external-context/static/whole-phase-static-03/before-source/src/providers/model_resolution.py
 create mode 100644 docs/implementation/intake/QA-NET-01/2026-10-09-external-context/static/whole-phase-static-03/before-source/src/providers/search_capability.py
 create mode 100644 docs/implementation/intake/QA-NET-01/2026-10-09-external-context/static/whole-phase-static-03/before-source/src/runners/llm_runner.py
 create mode 100644 docs/implementation/intake/QA-NET-01/2026-10-09-external-context/static/whole-phase-static-03/before-source/src/utils/http_client.py
 create mode 100644 docs/implementation/intake/QA-NET-01/2026-10-09-external-context/static/whole-phase-static-03/before-source/src/utils/llm_integration.py
 create mode 100644 docs/implementation/intake/QA-NET-01/2026-10-09-external-context/static/whole-phase-static-03/before-source/src/utils/quick_scan_c06_adapter.py
 create mode 100644 docs/implementation/intake/QA-NET-01/2026-10-09-external-context/static/whole-phase-static-03/before-source/src/utils/quick_scan_cost_resolver.py
 create mode 100644 docs/implementation/intake/QA-NET-01/2026-10-09-external-context/static/whole-phase-static-03/before-source/src/utils/quick_scan_evidence.py
 create mode 100644 docs/implementation/intake/QA-NET-01/2026-10-09-external-context/static/whole-phase-static-03/before-source/src/utils/quick_scan_external_context.py
 create mode 100644 docs/implementation/intake/QA-NET-01/2026-10-09-external-context/static/whole-phase-static-03/before-source/src/utils/quick_scan_external_journal.py
 create mode 100644 docs/implementation/intake/QA-NET-01/2026-10-09-external-context/static/whole-phase-static-03/before-source/src/utils/quick_scan_mcp_journal.py
 create mode 100644 docs/implementation/intake/QA-NET-01/2026-10-09-external-context/static/whole-phase-static-03/before-source/src/utils/quick_scan_observation_context.py
 create mode 100644 docs/implementation/intake/QA-NET-01/2026-10-09-external-context/static/whole-phase-static-03/before-source/src/utils/quick_scan_result_outbox.py
 create mode 100644 docs/implementation/intake/QA-NET-01/2026-10-09-external-context/static/whole-phase-static-03/before-source/src/utils/quick_scan_work_store.py
 create mode 100644 docs/implementation/intake/QA-NET-01/2026-10-09-external-context/static/whole-phase-static-03/before-source/src/utils/quick_scan_work_transport.py
 create mode 100644 docs/implementation/intake/QA-NET-01/2026-10-09-external-context/static/whole-phase-static-03/before-source/tests/integration/test_external_context_cli_e2e.py
 create mode 100644 docs/implementation/intake/QA-NET-01/2026-10-09-external-context/static/whole-phase-static-03/before-source/tests/unit/test_external_search_provider.py
 create mode 100644 docs/implementation/intake/QA-NET-01/2026-10-09-external-context/static/whole-phase-static-03/before-source/tests/unit/test_model_resolution.py
 create mode 100644 docs/implementation/intake/QA-NET-01/2026-10-09-external-context/static/whole-phase-static-03/before-source/tests/unit/test_qa_net01_c06_seal.py
 create mode 100644 docs/implementation/intake/QA-NET-01/2026-10-09-external-context/static/whole-phase-static-03/before-source/tests/unit/test_qa_net01_search_boundary.py
 create mode 100644 docs/implementation/intake/QA-NET-01/2026-10-09-external-context/static/whole-phase-static-03/before-source/tests/unit/test_quick_scan_budget.py
 create mode 100644 docs/implementation/intake/QA-NET-01/2026-10-09-external-context/static/whole-phase-static-03/before-source/tests/unit/test_quick_scan_c06_complete_seal.py
 create mode 100644 docs/implementation/intake/QA-NET-01/2026-10-09-external-context/static/whole-phase-static-03/before-source/tests/unit/test_quick_scan_external_context.py
 create mode 100644 docs/implementation/intake/QA-NET-01/2026-10-09-external-context/static/whole-phase-static-03/before-source/tests/unit/test_quick_scan_mcp.py
 create mode 100644 docs/implementation/intake/QA-NET-01/2026-10-09-external-context/static/whole-phase-static-03/before-source/tests/unit/test_quick_scan_work_store.py
 create mode 100644 docs/implementation/intake/QA-NET-01/2026-10-09-external-context/static/whole-phase-static-03/black-stderr.log
 create mode 100644 docs/implementation/intake/QA-NET-01/2026-10-09-external-context/static/whole-phase-static-03/black-stdout.log
 create mode 100644 docs/implementation/intake/QA-NET-01/2026-10-09-external-context/static/whole-phase-static-03/executed-guard.py
 create mode 100644 docs/implementation/intake/QA-NET-01/2026-10-09-external-context/static/whole-phase-static-03/executed-runner.py
 create mode 100644 docs/implementation/intake/QA-NET-01/2026-10-09-external-context/static/whole-phase-static-03/isort-stderr.log
 create mode 100644 docs/implementation/intake/QA-NET-01/2026-10-09-external-context/static/whole-phase-static-03/isort-stdout.log
 create mode 100644 docs/implementation/intake/QA-NET-01/2026-10-09-external-context/static/whole-phase-static-03/mypy-stderr.log
 create mode 100644 docs/implementation/intake/QA-NET-01/2026-10-09-external-context/static/whole-phase-static-03/mypy-stdout.log
 create mode 100644 docs/implementation/intake/QA-NET-01/2026-10-09-external-context/static/whole-phase-static-03/process.json
 create mode 100644 docs/implementation/intake/QA-NET-01/2026-10-09-external-context/static/whole-phase-static-04/after-source/.gitignore
 create mode 100644 docs/implementation/intake/QA-NET-01/2026-10-09-external-context/static/whole-phase-static-04/after-source/src/config/quick_scan_model_resolution_v1_1.schema.json
 create mode 100644 docs/implementation/intake/QA-NET-01/2026-10-09-external-context/static/whole-phase-static-04/after-source/src/config/quick_scan_search_policy.py
 create mode 100644 docs/implementation/intake/QA-NET-01/2026-10-09-external-context/static/whole-phase-static-04/after-source/src/config/quick_scan_search_policy_v1_1.schema.json
 create mode 100644 docs/implementation/intake/QA-NET-01/2026-10-09-external-context/static/whole-phase-static-04/after-source/src/core/models.py
 create mode 100644 docs/implementation/intake/QA-NET-01/2026-10-09-external-context/static/whole-phase-static-04/after-source/src/core/qa_engine.py
 create mode 100644 docs/implementation/intake/QA-NET-01/2026-10-09-external-context/static/whole-phase-static-04/after-source/src/providers/async_llm_provider.py
 create mode 100644 docs/implementation/intake/QA-NET-01/2026-10-09-external-context/static/whole-phase-static-04/after-source/src/providers/base_llm_provider.py
 create mode 100644 docs/implementation/intake/QA-NET-01/2026-10-09-external-context/static/whole-phase-static-04/after-source/src/providers/external_search_parsers.py
 create mode 100644 docs/implementation/intake/QA-NET-01/2026-10-09-external-context/static/whole-phase-static-04/after-source/src/providers/external_search_provider.py
 create mode 100644 docs/implementation/intake/QA-NET-01/2026-10-09-external-context/static/whole-phase-static-04/after-source/src/providers/llm_client.py
 create mode 100644 docs/implementation/intake/QA-NET-01/2026-10-09-external-context/static/whole-phase-static-04/after-source/src/providers/llm_provider.py
 create mode 100644 docs/implementation/intake/QA-NET-01/2026-10-09-external-context/static/whole-phase-static-04/after-source/src/providers/model_resolution.py
 create mode 100644 docs/implementation/intake/QA-NET-01/2026-10-09-external-context/static/whole-phase-static-04/after-source/src/providers/search_capability.py
 create mode 100644 docs/implementation/intake/QA-NET-01/2026-10-09-external-context/static/whole-phase-static-04/after-source/src/runners/llm_runner.py
 create mode 100644 docs/implementation/intake/QA-NET-01/2026-10-09-external-context/static/whole-phase-static-04/after-source/src/utils/http_client.py
 create mode 100644 docs/implementation/intake/QA-NET-01/2026-10-09-external-context/static/whole-phase-static-04/after-source/src/utils/llm_integration.py
 create mode 100644 docs/implementation/intake/QA-NET-01/2026-10-09-external-context/static/whole-phase-static-04/after-source/src/utils/quick_scan_c06_adapter.py
 create mode 100644 docs/implementation/intake/QA-NET-01/2026-10-09-external-context/static/whole-phase-static-04/after-source/src/utils/quick_scan_cost_resolver.py
 create mode 100644 docs/implementation/intake/QA-NET-01/2026-10-09-external-context/static/whole-phase-static-04/after-source/src/utils/quick_scan_evidence.py
 create mode 100644 docs/implementation/intake/QA-NET-01/2026-10-09-external-context/static/whole-phase-static-04/after-source/src/utils/quick_scan_external_context.py
 create mode 100644 docs/implementation/intake/QA-NET-01/2026-10-09-external-context/static/whole-phase-static-04/after-source/src/utils/quick_scan_external_journal.py
 create mode 100644 docs/implementation/intake/QA-NET-01/2026-10-09-external-context/static/whole-phase-static-04/after-source/src/utils/quick_scan_mcp_journal.py
 create mode 100644 docs/implementation/intake/QA-NET-01/2026-10-09-external-context/static/whole-phase-static-04/after-source/src/utils/quick_scan_observation_context.py
 create mode 100644 docs/implementation/intake/QA-NET-01/2026-10-09-external-context/static/whole-phase-static-04/after-source/src/utils/quick_scan_result_outbox.py
 create mode 100644 docs/implementation/intake/QA-NET-01/2026-10-09-external-context/static/whole-phase-static-04/after-source/src/utils/quick_scan_work_store.py
 create mode 100644 docs/implementation/intake/QA-NET-01/2026-10-09-external-context/static/whole-phase-static-04/after-source/src/utils/quick_scan_work_transport.py
 create mode 100644 docs/implementation/intake/QA-NET-01/2026-10-09-external-context/static/whole-phase-static-04/after-source/tests/integration/test_external_context_cli_e2e.py
 create mode 100644 docs/implementation/intake/QA-NET-01/2026-10-09-external-context/static/whole-phase-static-04/after-source/tests/unit/test_external_search_provider.py
 create mode 100644 docs/implementation/intake/QA-NET-01/2026-10-09-external-context/static/whole-phase-static-04/after-source/tests/unit/test_model_resolution.py
 create mode 100644 docs/implementation/intake/QA-NET-01/2026-10-09-external-context/static/whole-phase-static-04/after-source/tests/unit/test_qa_net01_c06_seal.py
 create mode 100644 docs/implementation/intake/QA-NET-01/2026-10-09-external-context/static/whole-phase-static-04/after-source/tests/unit/test_qa_net01_search_boundary.py
 create mode 100644 docs/implementation/intake/QA-NET-01/2026-10-09-external-context/static/whole-phase-static-04/after-source/tests/unit/test_quick_scan_budget.py
 create mode 100644 docs/implementation/intake/QA-NET-01/2026-10-09-external-context/static/whole-phase-static-04/after-source/tests/unit/test_quick_scan_c06_complete_seal.py
 create mode 100644 docs/implementation/intake/QA-NET-01/2026-10-09-external-context/static/whole-phase-static-04/after-source/tests/unit/test_quick_scan_external_context.py
 create mode 100644 docs/implementation/intake/QA-NET-01/2026-10-09-external-context/static/whole-phase-static-04/after-source/tests/unit/test_quick_scan_mcp.py
 create mode 100644 docs/implementation/intake/QA-NET-01/2026-10-09-external-context/static/whole-phase-static-04/after-source/tests/unit/test_quick_scan_work_store.py
 create mode 100644 docs/implementation/intake/QA-NET-01/2026-10-09-external-context/static/whole-phase-static-04/before-source/.gitignore
 create mode 100644 docs/implementation/intake/QA-NET-01/2026-10-09-external-context/static/whole-phase-static-04/before-source/src/config/quick_scan_model_resolution_v1_1.schema.json
 create mode 100644 docs/implementation/intake/QA-NET-01/2026-10-09-external-context/static/whole-phase-static-04/before-source/src/config/quick_scan_search_policy.py
 create mode 100644 docs/implementation/intake/QA-NET-01/2026-10-09-external-context/static/whole-phase-static-04/before-source/src/config/quick_scan_search_policy_v1_1.schema.json
 create mode 100644 docs/implementation/intake/QA-NET-01/2026-10-09-external-context/static/whole-phase-static-04/before-source/src/core/models.py
 create mode 100644 docs/implementation/intake/QA-NET-01/2026-10-09-external-context/static/whole-phase-static-04/before-source/src/core/qa_engine.py
 create mode 100644 docs/implementation/intake/QA-NET-01/2026-10-09-external-context/static/whole-phase-static-04/before-source/src/providers/async_llm_provider.py
 create mode 100644 docs/implementation/intake/QA-NET-01/2026-10-09-external-context/static/whole-phase-static-04/before-source/src/providers/base_llm_provider.py
 create mode 100644 docs/implementation/intake/QA-NET-01/2026-10-09-external-context/static/whole-phase-static-04/before-source/src/providers/external_search_parsers.py
 create mode 100644 docs/implementation/intake/QA-NET-01/2026-10-09-external-context/static/whole-phase-static-04/before-source/src/providers/external_search_provider.py
 create mode 100644 docs/implementation/intake/QA-NET-01/2026-10-09-external-context/static/whole-phase-static-04/before-source/src/providers/llm_client.py
 create mode 100644 docs/implementation/intake/QA-NET-01/2026-10-09-external-context/static/whole-phase-static-04/before-source/src/providers/llm_provider.py
 create mode 100644 docs/implementation/intake/QA-NET-01/2026-10-09-external-context/static/whole-phase-static-04/before-source/src/providers/model_resolution.py
 create mode 100644 docs/implementation/intake/QA-NET-01/2026-10-09-external-context/static/whole-phase-static-04/before-source/src/providers/search_capability.py
 create mode 100644 docs/implementation/intake/QA-NET-01/2026-10-09-external-context/static/whole-phase-static-04/before-source/src/runners/llm_runner.py
 create mode 100644 docs/implementation/intake/QA-NET-01/2026-10-09-external-context/static/whole-phase-static-04/before-source/src/utils/http_client.py
 create mode 100644 docs/implementation/intake/QA-NET-01/2026-10-09-external-context/static/whole-phase-static-04/before-source/src/utils/llm_integration.py
 create mode 100644 docs/implementation/intake/QA-NET-01/2026-10-09-external-context/static/whole-phase-static-04/before-source/src/utils/quick_scan_c06_adapter.py
 create mode 100644 docs/implementation/intake/QA-NET-01/2026-10-09-external-context/static/whole-phase-static-04/before-source/src/utils/quick_scan_cost_resolver.py
 create mode 100644 docs/implementation/intake/QA-NET-01/2026-10-09-external-context/static/whole-phase-static-04/before-source/src/utils/quick_scan_evidence.py
 create mode 100644 docs/implementation/intake/QA-NET-01/2026-10-09-external-context/static/whole-phase-static-04/before-source/src/utils/quick_scan_external_context.py
 create mode 100644 docs/implementation/intake/QA-NET-01/2026-10-09-external-context/static/whole-phase-static-04/before-source/src/utils/quick_scan_external_journal.py
 create mode 100644 docs/implementation/intake/QA-NET-01/2026-10-09-external-context/static/whole-phase-static-04/before-source/src/utils/quick_scan_mcp_journal.py
 create mode 100644 docs/implementation/intake/QA-NET-01/2026-10-09-external-context/static/whole-phase-static-04/before-source/src/utils/quick_scan_observation_context.py
 create mode 100644 docs/implementation/intake/QA-NET-01/2026-10-09-external-context/static/whole-phase-static-04/before-source/src/utils/quick_scan_result_outbox.py
 create mode 100644 docs/implementation/intake/QA-NET-01/2026-10-09-external-context/static/whole-phase-static-04/before-source/src/utils/quick_scan_work_store.py
 create mode 100644 docs/implementation/intake/QA-NET-01/2026-10-09-external-context/static/whole-phase-static-04/before-source/src/utils/quick_scan_work_transport.py
 create mode 100644 docs/implementation/intake/QA-NET-01/2026-10-09-external-context/static/whole-phase-static-04/before-source/tests/integration/test_external_context_cli_e2e.py
 create mode 100644 docs/implementation/intake/QA-NET-01/2026-10-09-external-context/static/whole-phase-static-04/before-source/tests/unit/test_external_search_provider.py
 create mode 100644 docs/implementation/intake/QA-NET-01/2026-10-09-external-context/static/whole-phase-static-04/before-source/tests/unit/test_model_resolution.py
 create mode 100644 docs/implementation/intake/QA-NET-01/2026-10-09-external-context/static/whole-phase-static-04/before-source/tests/unit/test_qa_net01_c06_seal.py
 create mode 100644 docs/implementation/intake/QA-NET-01/2026-10-09-external-context/static/whole-phase-static-04/before-source/tests/unit/test_qa_net01_search_boundary.py
 create mode 100644 docs/implementation/intake/QA-NET-01/2026-10-09-external-context/static/whole-phase-static-04/before-source/tests/unit/test_quick_scan_budget.py
 create mode 100644 docs/implementation/intake/QA-NET-01/2026-10-09-external-context/static/whole-phase-static-04/before-source/tests/unit/test_quick_scan_c06_complete_seal.py
 create mode 100644 docs/implementation/intake/QA-NET-01/2026-10-09-external-context/static/whole-phase-static-04/before-source/tests/unit/test_quick_scan_external_context.py
 create mode 100644 docs/implementation/intake/QA-NET-01/2026-10-09-external-context/static/whole-phase-static-04/before-source/tests/unit/test_quick_scan_mcp.py
 create mode 100644 docs/implementation/intake/QA-NET-01/2026-10-09-external-context/static/whole-phase-static-04/before-source/tests/unit/test_quick_scan_work_store.py
 create mode 100644 docs/implementation/intake/QA-NET-01/2026-10-09-external-context/static/whole-phase-static-04/black-stderr.log
 create mode 100644 docs/implementation/intake/QA-NET-01/2026-10-09-external-context/static/whole-phase-static-04/black-stdout.log
 create mode 100644 docs/implementation/intake/QA-NET-01/2026-10-09-external-context/static/whole-phase-static-04/executed-guard.py
 create mode 100644 docs/implementation/intake/QA-NET-01/2026-10-09-external-context/static/whole-phase-static-04/executed-runner.py
 create mode 100644 docs/implementation/intake/QA-NET-01/2026-10-09-external-context/static/whole-phase-static-04/isort-stderr.log
 create mode 100644 docs/implementation/intake/QA-NET-01/2026-10-09-external-context/static/whole-phase-static-04/isort-stdout.log
 create mode 100644 docs/implementation/intake/QA-NET-01/2026-10-09-external-context/static/whole-phase-static-04/mypy-stderr.log
 create mode 100644 docs/implementation/intake/QA-NET-01/2026-10-09-external-context/static/whole-phase-static-04/mypy-stdout.log
 create mode 100644 docs/implementation/intake/QA-NET-01/2026-10-09-external-context/static/whole-phase-static-04/process.json
 create mode 100644 docs/implementation/intake/QA-NET-01/2026-10-09-external-context/static/whole-phase-static-first-01/after-source/.gitignore
 create mode 100644 docs/implementation/intake/QA-NET-01/2026-10-09-external-context/static/whole-phase-static-first-01/after-source/src/config/quick_scan_model_resolution_v1_1.schema.json
 create mode 100644 docs/implementation/intake/QA-NET-01/2026-10-09-external-context/static/whole-phase-static-first-01/after-source/src/config/quick_scan_search_policy.py
 create mode 100644 docs/implementation/intake/QA-NET-01/2026-10-09-external-context/static/whole-phase-static-first-01/after-source/src/config/quick_scan_search_policy_v1_1.schema.json
 create mode 100644 docs/implementation/intake/QA-NET-01/2026-10-09-external-context/static/whole-phase-static-first-01/after-source/src/core/models.py
 create mode 100644 docs/implementation/intake/QA-NET-01/2026-10-09-external-context/static/whole-phase-static-first-01/after-source/src/core/qa_engine.py
 create mode 100644 docs/implementation/intake/QA-NET-01/2026-10-09-external-context/static/whole-phase-static-first-01/after-source/src/providers/async_llm_provider.py
 create mode 100644 docs/implementation/intake/QA-NET-01/2026-10-09-external-context/static/whole-phase-static-first-01/after-source/src/providers/base_llm_provider.py
 create mode 100644 docs/implementation/intake/QA-NET-01/2026-10-09-external-context/static/whole-phase-static-first-01/after-source/src/providers/external_search_parsers.py
 create mode 100644 docs/implementation/intake/QA-NET-01/2026-10-09-external-context/static/whole-phase-static-first-01/after-source/src/providers/external_search_provider.py
 create mode 100644 docs/implementation/intake/QA-NET-01/2026-10-09-external-context/static/whole-phase-static-first-01/after-source/src/providers/llm_client.py
 create mode 100644 docs/implementation/intake/QA-NET-01/2026-10-09-external-context/static/whole-phase-static-first-01/after-source/src/providers/llm_provider.py
 create mode 100644 docs/implementation/intake/QA-NET-01/2026-10-09-external-context/static/whole-phase-static-first-01/after-source/src/providers/model_resolution.py
 create mode 100644 docs/implementation/intake/QA-NET-01/2026-10-09-external-context/static/whole-phase-static-first-01/after-source/src/providers/search_capability.py
 create mode 100644 docs/implementation/intake/QA-NET-01/2026-10-09-external-context/static/whole-phase-static-first-01/after-source/src/runners/llm_runner.py
 create mode 100644 docs/implementation/intake/QA-NET-01/2026-10-09-external-context/static/whole-phase-static-first-01/after-source/src/utils/http_client.py
 create mode 100644 docs/implementation/intake/QA-NET-01/2026-10-09-external-context/static/whole-phase-static-first-01/after-source/src/utils/llm_integration.py
 create mode 100644 docs/implementation/intake/QA-NET-01/2026-10-09-external-context/static/whole-phase-static-first-01/after-source/src/utils/quick_scan_c06_adapter.py
 create mode 100644 docs/implementation/intake/QA-NET-01/2026-10-09-external-context/static/whole-phase-static-first-01/after-source/src/utils/quick_scan_cost_resolver.py
 create mode 100644 docs/implementation/intake/QA-NET-01/2026-10-09-external-context/static/whole-phase-static-first-01/after-source/src/utils/quick_scan_evidence.py
 create mode 100644 docs/implementation/intake/QA-NET-01/2026-10-09-external-context/static/whole-phase-static-first-01/after-source/src/utils/quick_scan_external_context.py
 create mode 100644 docs/implementation/intake/QA-NET-01/2026-10-09-external-context/static/whole-phase-static-first-01/after-source/src/utils/quick_scan_external_journal.py
 create mode 100644 docs/implementation/intake/QA-NET-01/2026-10-09-external-context/static/whole-phase-static-first-01/after-source/src/utils/quick_scan_mcp_journal.py
 create mode 100644 docs/implementation/intake/QA-NET-01/2026-10-09-external-context/static/whole-phase-static-first-01/after-source/src/utils/quick_scan_observation_context.py
 create mode 100644 docs/implementation/intake/QA-NET-01/2026-10-09-external-context/static/whole-phase-static-first-01/after-source/src/utils/quick_scan_result_outbox.py
 create mode 100644 docs/implementation/intake/QA-NET-01/2026-10-09-external-context/static/whole-phase-static-first-01/after-source/src/utils/quick_scan_work_store.py
 create mode 100644 docs/implementation/intake/QA-NET-01/2026-10-09-external-context/static/whole-phase-static-first-01/after-source/src/utils/quick_scan_work_transport.py
 create mode 100644 docs/implementation/intake/QA-NET-01/2026-10-09-external-context/static/whole-phase-static-first-01/after-source/tests/integration/test_external_context_cli_e2e.py
 create mode 100644 docs/implementation/intake/QA-NET-01/2026-10-09-external-context/static/whole-phase-static-first-01/after-source/tests/unit/test_external_search_provider.py
 create mode 100644 docs/implementation/intake/QA-NET-01/2026-10-09-external-context/static/whole-phase-static-first-01/after-source/tests/unit/test_model_resolution.py
 create mode 100644 docs/implementation/intake/QA-NET-01/2026-10-09-external-context/static/whole-phase-static-first-01/after-source/tests/unit/test_qa_net01_c06_seal.py
 create mode 100644 docs/implementation/intake/QA-NET-01/2026-10-09-external-context/static/whole-phase-static-first-01/after-source/tests/unit/test_qa_net01_search_boundary.py
 create mode 100644 docs/implementation/intake/QA-NET-01/2026-10-09-external-context/static/whole-phase-static-first-01/after-source/tests/unit/test_quick_scan_budget.py
 create mode 100644 docs/implementation/intake/QA-NET-01/2026-10-09-external-context/static/whole-phase-static-first-01/after-source/tests/unit/test_quick_scan_c06_complete_seal.py
 create mode 100644 docs/implementation/intake/QA-NET-01/2026-10-09-external-context/static/whole-phase-static-first-01/after-source/tests/unit/test_quick_scan_external_context.py
 create mode 100644 docs/implementation/intake/QA-NET-01/2026-10-09-external-context/static/whole-phase-static-first-01/after-source/tests/unit/test_quick_scan_mcp.py
 create mode 100644 docs/implementation/intake/QA-NET-01/2026-10-09-external-context/static/whole-phase-static-first-01/after-source/tests/unit/test_quick_scan_work_store.py
 create mode 100644 docs/implementation/intake/QA-NET-01/2026-10-09-external-context/static/whole-phase-static-first-01/before-source/.gitignore
 create mode 100644 docs/implementation/intake/QA-NET-01/2026-10-09-external-context/static/whole-phase-static-first-01/before-source/src/config/quick_scan_model_resolution_v1_1.schema.json
 create mode 100644 docs/implementation/intake/QA-NET-01/2026-10-09-external-context/static/whole-phase-static-first-01/before-source/src/config/quick_scan_search_policy.py
 create mode 100644 docs/implementation/intake/QA-NET-01/2026-10-09-external-context/static/whole-phase-static-first-01/before-source/src/config/quick_scan_search_policy_v1_1.schema.json
 create mode 100644 docs/implementation/intake/QA-NET-01/2026-10-09-external-context/static/whole-phase-static-first-01/before-source/src/core/models.py
 create mode 100644 docs/implementation/intake/QA-NET-01/2026-10-09-external-context/static/whole-phase-static-first-01/before-source/src/core/qa_engine.py
 create mode 100644 docs/implementation/intake/QA-NET-01/2026-10-09-external-context/static/whole-phase-static-first-01/before-source/src/providers/async_llm_provider.py
 create mode 100644 docs/implementation/intake/QA-NET-01/2026-10-09-external-context/static/whole-phase-static-first-01/before-source/src/providers/base_llm_provider.py
 create mode 100644 docs/implementation/intake/QA-NET-01/2026-10-09-external-context/static/whole-phase-static-first-01/before-source/src/providers/external_search_parsers.py
 create mode 100644 docs/implementation/intake/QA-NET-01/2026-10-09-external-context/static/whole-phase-static-first-01/before-source/src/providers/external_search_provider.py
 create mode 100644 docs/implementation/intake/QA-NET-01/2026-10-09-external-context/static/whole-phase-static-first-01/before-source/src/providers/llm_client.py
 create mode 100644 docs/implementation/intake/QA-NET-01/2026-10-09-external-context/static/whole-phase-static-first-01/before-source/src/providers/llm_provider.py
 create mode 100644 docs/implementation/intake/QA-NET-01/2026-10-09-external-context/static/whole-phase-static-first-01/before-source/src/providers/model_resolution.py
 create mode 100644 docs/implementation/intake/QA-NET-01/2026-10-09-external-context/static/whole-phase-static-first-01/before-source/src/providers/search_capability.py
 create mode 100644 docs/implementation/intake/QA-NET-01/2026-10-09-external-context/static/whole-phase-static-first-01/before-source/src/runners/llm_runner.py
 create mode 100644 docs/implementation/intake/QA-NET-01/2026-10-09-external-context/static/whole-phase-static-first-01/before-source/src/utils/http_client.py
 create mode 100644 docs/implementation/intake/QA-NET-01/2026-10-09-external-context/static/whole-phase-static-first-01/before-source/src/utils/llm_integration.py
 create mode 100644 docs/implementation/intake/QA-NET-01/2026-10-09-external-context/static/whole-phase-static-first-01/before-source/src/utils/quick_scan_c06_adapter.py
 create mode 100644 docs/implementation/intake/QA-NET-01/2026-10-09-external-context/static/whole-phase-static-first-01/before-source/src/utils/quick_scan_cost_resolver.py
 create mode 100644 docs/implementation/intake/QA-NET-01/2026-10-09-external-context/static/whole-phase-static-first-01/before-source/src/utils/quick_scan_evidence.py
 create mode 100644 docs/implementation/intake/QA-NET-01/2026-10-09-external-context/static/whole-phase-static-first-01/before-source/src/utils/quick_scan_external_context.py
 create mode 100644 docs/implementation/intake/QA-NET-01/2026-10-09-external-context/static/whole-phase-static-first-01/before-source/src/utils/quick_scan_external_journal.py
 create mode 100644 docs/implementation/intake/QA-NET-01/2026-10-09-external-context/static/whole-phase-static-first-01/before-source/src/utils/quick_scan_mcp_journal.py
 create mode 100644 docs/implementation/intake/QA-NET-01/2026-10-09-external-context/static/whole-phase-static-first-01/before-source/src/utils/quick_scan_observation_context.py
 create mode 100644 docs/implementation/intake/QA-NET-01/2026-10-09-external-context/static/whole-phase-static-first-01/before-source/src/utils/quick_scan_result_outbox.py
 create mode 100644 docs/implementation/intake/QA-NET-01/2026-10-09-external-context/static/whole-phase-static-first-01/before-source/src/utils/quick_scan_work_store.py
 create mode 100644 docs/implementation/intake/QA-NET-01/2026-10-09-external-context/static/whole-phase-static-first-01/before-source/src/utils/quick_scan_work_transport.py
 create mode 100644 docs/implementation/intake/QA-NET-01/2026-10-09-external-context/static/whole-phase-static-first-01/before-source/tests/integration/test_external_context_cli_e2e.py
 create mode 100644 docs/implementation/intake/QA-NET-01/2026-10-09-external-context/static/whole-phase-static-first-01/before-source/tests/unit/test_external_search_provider.py
 create mode 100644 docs/implementation/intake/QA-NET-01/2026-10-09-external-context/static/whole-phase-static-first-01/before-source/tests/unit/test_model_resolution.py
 create mode 100644 docs/implementation/intake/QA-NET-01/2026-10-09-external-context/static/whole-phase-static-first-01/before-source/tests/unit/test_qa_net01_c06_seal.py
 create mode 100644 docs/implementation/intake/QA-NET-01/2026-10-09-external-context/static/whole-phase-static-first-01/before-source/tests/unit/test_qa_net01_search_boundary.py
 create mode 100644 docs/implementation/intake/QA-NET-01/2026-10-09-external-context/static/whole-phase-static-first-01/before-source/tests/unit/test_quick_scan_budget.py
 create mode 100644 docs/implementation/intake/QA-NET-01/2026-10-09-external-context/static/whole-phase-static-first-01/before-source/tests/unit/test_quick_scan_c06_complete_seal.py
 create mode 100644 docs/implementation/intake/QA-NET-01/2026-10-09-external-context/static/whole-phase-static-first-01/before-source/tests/unit/test_quick_scan_external_context.py
 create mode 100644 docs/implementation/intake/QA-NET-01/2026-10-09-external-context/static/whole-phase-static-first-01/before-source/tests/unit/test_quick_scan_mcp.py
 create mode 100644 docs/implementation/intake/QA-NET-01/2026-10-09-external-context/static/whole-phase-static-first-01/before-source/tests/unit/test_quick_scan_work_store.py
 create mode 100644 docs/implementation/intake/QA-NET-01/2026-10-09-external-context/static/whole-phase-static-first-01/black-stderr.log
 create mode 100644 docs/implementation/intake/QA-NET-01/2026-10-09-external-context/static/whole-phase-static-first-01/black-stdout.log
 create mode 100644 docs/implementation/intake/QA-NET-01/2026-10-09-external-context/static/whole-phase-static-first-01/isort-stderr.log
 create mode 100644 docs/implementation/intake/QA-NET-01/2026-10-09-external-context/static/whole-phase-static-first-01/isort-stdout.log
 create mode 100644 docs/implementation/intake/QA-NET-01/2026-10-09-external-context/static/whole-phase-static-first-01/mypy-stderr.log
 create mode 100644 docs/implementation/intake/QA-NET-01/2026-10-09-external-context/static/whole-phase-static-first-01/mypy-stdout.log
 create mode 100644 docs/implementation/intake/QA-NET-01/2026-10-09-external-context/static/whole-phase-static-first-01/process.json
 create mode 100644 docs/implementation/intake/QA-NET-01/2026-10-09-external-context/verification/whole-phase-adjacent-regression-01/executed-guard.py
 create mode 100644 docs/implementation/intake/QA-NET-01/2026-10-09-external-context/verification/whole-phase-adjacent-regression-01/executed-runner.py
 create mode 100644 docs/implementation/intake/QA-NET-01/2026-10-09-external-context/verification/whole-phase-adjacent-regression-01/executed-source/.gitignore
 create mode 100644 docs/implementation/intake/QA-NET-01/2026-10-09-external-context/verification/whole-phase-adjacent-regression-01/executed-source/src/config/quick_scan_model_resolution_v1_1.schema.json
 create mode 100644 docs/implementation/intake/QA-NET-01/2026-10-09-external-context/verification/whole-phase-adjacent-regression-01/executed-source/src/config/quick_scan_search_policy.py
 create mode 100644 docs/implementation/intake/QA-NET-01/2026-10-09-external-context/verification/whole-phase-adjacent-regression-01/executed-source/src/config/quick_scan_search_policy_v1_1.schema.json
 create mode 100644 docs/implementation/intake/QA-NET-01/2026-10-09-external-context/verification/whole-phase-adjacent-regression-01/executed-source/src/core/models.py
 create mode 100644 docs/implementation/intake/QA-NET-01/2026-10-09-external-context/verification/whole-phase-adjacent-regression-01/executed-source/src/core/qa_engine.py
 create mode 100644 docs/implementation/intake/QA-NET-01/2026-10-09-external-context/verification/whole-phase-adjacent-regression-01/executed-source/src/providers/async_llm_provider.py
 create mode 100644 docs/implementation/intake/QA-NET-01/2026-10-09-external-context/verification/whole-phase-adjacent-regression-01/executed-source/src/providers/base_llm_provider.py
 create mode 100644 docs/implementation/intake/QA-NET-01/2026-10-09-external-context/verification/whole-phase-adjacent-regression-01/executed-source/src/providers/external_search_parsers.py
 create mode 100644 docs/implementation/intake/QA-NET-01/2026-10-09-external-context/verification/whole-phase-adjacent-regression-01/executed-source/src/providers/external_search_provider.py
 create mode 100644 docs/implementation/intake/QA-NET-01/2026-10-09-external-context/verification/whole-phase-adjacent-regression-01/executed-source/src/providers/llm_client.py
 create mode 100644 docs/implementation/intake/QA-NET-01/2026-10-09-external-context/verification/whole-phase-adjacent-regression-01/executed-source/src/providers/llm_provider.py
 create mode 100644 docs/implementation/intake/QA-NET-01/2026-10-09-external-context/verification/whole-phase-adjacent-regression-01/executed-source/src/providers/model_resolution.py
 create mode 100644 docs/implementation/intake/QA-NET-01/2026-10-09-external-context/verification/whole-phase-adjacent-regression-01/executed-source/src/providers/search_capability.py
 create mode 100644 docs/implementation/intake/QA-NET-01/2026-10-09-external-context/verification/whole-phase-adjacent-regression-01/executed-source/src/runners/llm_runner.py
 create mode 100644 docs/implementation/intake/QA-NET-01/2026-10-09-external-context/verification/whole-phase-adjacent-regression-01/executed-source/src/utils/http_client.py
 create mode 100644 docs/implementation/intake/QA-NET-01/2026-10-09-external-context/verification/whole-phase-adjacent-regression-01/executed-source/src/utils/llm_integration.py
 create mode 100644 docs/implementation/intake/QA-NET-01/2026-10-09-external-context/verification/whole-phase-adjacent-regression-01/executed-source/src/utils/quick_scan_c06_adapter.py
 create mode 100644 docs/implementation/intake/QA-NET-01/2026-10-09-external-context/verification/whole-phase-adjacent-regression-01/executed-source/src/utils/quick_scan_cost_resolver.py
 create mode 100644 docs/implementation/intake/QA-NET-01/2026-10-09-external-context/verification/whole-phase-adjacent-regression-01/executed-source/src/utils/quick_scan_evidence.py
 create mode 100644 docs/implementation/intake/QA-NET-01/2026-10-09-external-context/verification/whole-phase-adjacent-regression-01/executed-source/src/utils/quick_scan_external_context.py
 create mode 100644 docs/implementation/intake/QA-NET-01/2026-10-09-external-context/verification/whole-phase-adjacent-regression-01/executed-source/src/utils/quick_scan_external_journal.py
 create mode 100644 docs/implementation/intake/QA-NET-01/2026-10-09-external-context/verification/whole-phase-adjacent-regression-01/executed-source/src/utils/quick_scan_mcp_journal.py
 create mode 100644 docs/implementation/intake/QA-NET-01/2026-10-09-external-context/verification/whole-phase-adjacent-regression-01/executed-source/src/utils/quick_scan_observation_context.py
 create mode 100644 docs/implementation/intake/QA-NET-01/2026-10-09-external-context/verification/whole-phase-adjacent-regression-01/executed-source/src/utils/quick_scan_result_outbox.py
 create mode 100644 docs/implementation/intake/QA-NET-01/2026-10-09-external-context/verification/whole-phase-adjacent-regression-01/executed-source/src/utils/quick_scan_work_store.py
 create mode 100644 docs/implementation/intake/QA-NET-01/2026-10-09-external-context/verification/whole-phase-adjacent-regression-01/executed-source/src/utils/quick_scan_work_transport.py
 create mode 100644 docs/implementation/intake/QA-NET-01/2026-10-09-external-context/verification/whole-phase-adjacent-regression-01/executed-source/tests/integration/test_external_context_cli_e2e.py
 create mode 100644 docs/implementation/intake/QA-NET-01/2026-10-09-external-context/verification/whole-phase-adjacent-regression-01/executed-source/tests/unit/test_external_search_provider.py
 create mode 100644 docs/implementation/intake/QA-NET-01/2026-10-09-external-context/verification/whole-phase-adjacent-regression-01/executed-source/tests/unit/test_model_resolution.py
 create mode 100644 docs/implementation/intake/QA-NET-01/2026-10-09-external-context/verification/whole-phase-adjacent-regression-01/executed-source/tests/unit/test_qa_net01_c06_seal.py
 create mode 100644 docs/implementation/intake/QA-NET-01/2026-10-09-external-context/verification/whole-phase-adjacent-regression-01/executed-source/tests/unit/test_qa_net01_search_boundary.py
 create mode 100644 docs/implementation/intake/QA-NET-01/2026-10-09-external-context/verification/whole-phase-adjacent-regression-01/executed-source/tests/unit/test_quick_scan_budget.py
 create mode 100644 docs/implementation/intake/QA-NET-01/2026-10-09-external-context/verification/whole-phase-adjacent-regression-01/executed-source/tests/unit/test_quick_scan_c06_complete_seal.py
 create mode 100644 docs/implementation/intake/QA-NET-01/2026-10-09-external-context/verification/whole-phase-adjacent-regression-01/executed-source/tests/unit/test_quick_scan_external_context.py
 create mode 100644 docs/implementation/intake/QA-NET-01/2026-10-09-external-context/verification/whole-phase-adjacent-regression-01/executed-source/tests/unit/test_quick_scan_mcp.py
 create mode 100644 docs/implementation/intake/QA-NET-01/2026-10-09-external-context/verification/whole-phase-adjacent-regression-01/executed-source/tests/unit/test_quick_scan_work_store.py
 create mode 100644 docs/implementation/intake/QA-NET-01/2026-10-09-external-context/verification/whole-phase-adjacent-regression-01/junit.xml
 create mode 100644 docs/implementation/intake/QA-NET-01/2026-10-09-external-context/verification/whole-phase-adjacent-regression-01/process.json
 create mode 100644 docs/implementation/intake/QA-NET-01/2026-10-09-external-context/verification/whole-phase-adjacent-regression-01/stderr.log
 create mode 100644 docs/implementation/intake/QA-NET-01/2026-10-09-external-context/verification/whole-phase-adjacent-regression-01/stdout.log
 create mode 100644 docs/implementation/intake/QA-NET-01/2026-10-09-external-context/verification/whole-phase-iqs-consumer-01/executed-guard.py
 create mode 100644 docs/implementation/intake/QA-NET-01/2026-10-09-external-context/verification/whole-phase-iqs-consumer-01/executed-iqs-source/schemas/quick_scan/route-decision.schema.json
 create mode 100644 docs/implementation/intake/QA-NET-01/2026-10-09-external-context/verification/whole-phase-iqs-consumer-01/executed-iqs-source/scripts/routing.py
 create mode 100644 docs/implementation/intake/QA-NET-01/2026-10-09-external-context/verification/whole-phase-iqs-consumer-01/executed-iqs-source/scripts/stockqa_adapter.py
 create mode 100644 docs/implementation/intake/QA-NET-01/2026-10-09-external-context/verification/whole-phase-iqs-consumer-01/executed-iqs-source/tests/test_external_search_result_contract.py
 create mode 100644 docs/implementation/intake/QA-NET-01/2026-10-09-external-context/verification/whole-phase-iqs-consumer-01/executed-iqs-source/tests/test_question_sets.py
 create mode 100644 docs/implementation/intake/QA-NET-01/2026-10-09-external-context/verification/whole-phase-iqs-consumer-01/executed-iqs-source/tests/test_routing.py
 create mode 100644 docs/implementation/intake/QA-NET-01/2026-10-09-external-context/verification/whole-phase-iqs-consumer-01/executed-iqs-source/tests/test_stockqa_adapter.py
 create mode 100644 docs/implementation/intake/QA-NET-01/2026-10-09-external-context/verification/whole-phase-iqs-consumer-01/executed-runner.py
 create mode 100644 docs/implementation/intake/QA-NET-01/2026-10-09-external-context/verification/whole-phase-iqs-consumer-01/junit.xml
 create mode 100644 docs/implementation/intake/QA-NET-01/2026-10-09-external-context/verification/whole-phase-iqs-consumer-01/process.json
 create mode 100644 docs/implementation/intake/QA-NET-01/2026-10-09-external-context/verification/whole-phase-iqs-consumer-01/stderr.log
 create mode 100644 docs/implementation/intake/QA-NET-01/2026-10-09-external-context/verification/whole-phase-iqs-consumer-01/stdout.log
 create mode 100644 docs/implementation/intake/QA-NET-01/2026-10-09-external-context/verification/whole-phase-regression-01/executed-guard.py
 create mode 100644 docs/implementation/intake/QA-NET-01/2026-10-09-external-context/verification/whole-phase-regression-01/executed-runner.py
 create mode 100644 docs/implementation/intake/QA-NET-01/2026-10-09-external-context/verification/whole-phase-regression-01/executed-source/.gitignore
 create mode 100644 docs/implementation/intake/QA-NET-01/2026-10-09-external-context/verification/whole-phase-regression-01/executed-source/src/config/quick_scan_model_resolution_v1_1.schema.json
 create mode 100644 docs/implementation/intake/QA-NET-01/2026-10-09-external-context/verification/whole-phase-regression-01/executed-source/src/config/quick_scan_search_policy.py
 create mode 100644 docs/implementation/intake/QA-NET-01/2026-10-09-external-context/verification/whole-phase-regression-01/executed-source/src/config/quick_scan_search_policy_v1_1.schema.json
 create mode 100644 docs/implementation/intake/QA-NET-01/2026-10-09-external-context/verification/whole-phase-regression-01/executed-source/src/core/models.py
 create mode 100644 docs/implementation/intake/QA-NET-01/2026-10-09-external-context/verification/whole-phase-regression-01/executed-source/src/core/qa_engine.py
 create mode 100644 docs/implementation/intake/QA-NET-01/2026-10-09-external-context/verification/whole-phase-regression-01/executed-source/src/providers/async_llm_provider.py
 create mode 100644 docs/implementation/intake/QA-NET-01/2026-10-09-external-context/verification/whole-phase-regression-01/executed-source/src/providers/base_llm_provider.py
 create mode 100644 docs/implementation/intake/QA-NET-01/2026-10-09-external-context/verification/whole-phase-regression-01/executed-source/src/providers/external_search_parsers.py
 create mode 100644 docs/implementation/intake/QA-NET-01/2026-10-09-external-context/verification/whole-phase-regression-01/executed-source/src/providers/external_search_provider.py
 create mode 100644 docs/implementation/intake/QA-NET-01/2026-10-09-external-context/verification/whole-phase-regression-01/executed-source/src/providers/llm_client.py
 create mode 100644 docs/implementation/intake/QA-NET-01/2026-10-09-external-context/verification/whole-phase-regression-01/executed-source/src/providers/llm_provider.py
 create mode 100644 docs/implementation/intake/QA-NET-01/2026-10-09-external-context/verification/whole-phase-regression-01/executed-source/src/providers/model_resolution.py
 create mode 100644 docs/implementation/intake/QA-NET-01/2026-10-09-external-context/verification/whole-phase-regression-01/executed-source/src/providers/search_capability.py
 create mode 100644 docs/implementation/intake/QA-NET-01/2026-10-09-external-context/verification/whole-phase-regression-01/executed-source/src/runners/llm_runner.py
 create mode 100644 docs/implementation/intake/QA-NET-01/2026-10-09-external-context/verification/whole-phase-regression-01/executed-source/src/utils/http_client.py
 create mode 100644 docs/implementation/intake/QA-NET-01/2026-10-09-external-context/verification/whole-phase-regression-01/executed-source/src/utils/llm_integration.py
 create mode 100644 docs/implementation/intake/QA-NET-01/2026-10-09-external-context/verification/whole-phase-regression-01/executed-source/src/utils/quick_scan_c06_adapter.py
 create mode 100644 docs/implementation/intake/QA-NET-01/2026-10-09-external-context/verification/whole-phase-regression-01/executed-source/src/utils/quick_scan_cost_resolver.py
 create mode 100644 docs/implementation/intake/QA-NET-01/2026-10-09-external-context/verification/whole-phase-regression-01/executed-source/src/utils/quick_scan_evidence.py
 create mode 100644 docs/implementation/intake/QA-NET-01/2026-10-09-external-context/verification/whole-phase-regression-01/executed-source/src/utils/quick_scan_external_context.py
 create mode 100644 docs/implementation/intake/QA-NET-01/2026-10-09-external-context/verification/whole-phase-regression-01/executed-source/src/utils/quick_scan_external_journal.py
 create mode 100644 docs/implementation/intake/QA-NET-01/2026-10-09-external-context/verification/whole-phase-regression-01/executed-source/src/utils/quick_scan_mcp_journal.py
 create mode 100644 docs/implementation/intake/QA-NET-01/2026-10-09-external-context/verification/whole-phase-regression-01/executed-source/src/utils/quick_scan_observation_context.py
 create mode 100644 docs/implementation/intake/QA-NET-01/2026-10-09-external-context/verification/whole-phase-regression-01/executed-source/src/utils/quick_scan_result_outbox.py
 create mode 100644 docs/implementation/intake/QA-NET-01/2026-10-09-external-context/verification/whole-phase-regression-01/executed-source/src/utils/quick_scan_work_store.py
 create mode 100644 docs/implementation/intake/QA-NET-01/2026-10-09-external-context/verification/whole-phase-regression-01/executed-source/src/utils/quick_scan_work_transport.py
 create mode 100644 docs/implementation/intake/QA-NET-01/2026-10-09-external-context/verification/whole-phase-regression-01/executed-source/tests/integration/test_external_context_cli_e2e.py
 create mode 100644 docs/implementation/intake/QA-NET-01/2026-10-09-external-context/verification/whole-phase-regression-01/executed-source/tests/unit/test_external_search_provider.py
 create mode 100644 docs/implementation/intake/QA-NET-01/2026-10-09-external-context/verification/whole-phase-regression-01/executed-source/tests/unit/test_model_resolution.py
 create mode 100644 docs/implementation/intake/QA-NET-01/2026-10-09-external-context/verification/whole-phase-regression-01/executed-source/tests/unit/test_qa_net01_c06_seal.py
 create mode 100644 docs/implementation/intake/QA-NET-01/2026-10-09-external-context/verification/whole-phase-regression-01/executed-source/tests/unit/test_qa_net01_search_boundary.py
 create mode 100644 docs/implementation/intake/QA-NET-01/2026-10-09-external-context/verification/whole-phase-regression-01/executed-source/tests/unit/test_quick_scan_budget.py
 create mode 100644 docs/implementation/intake/QA-NET-01/2026-10-09-external-context/verification/whole-phase-regression-01/executed-source/tests/unit/test_quick_scan_c06_complete_seal.py
 create mode 100644 docs/implementation/intake/QA-NET-01/2026-10-09-external-context/verification/whole-phase-regression-01/executed-source/tests/unit/test_quick_scan_external_context.py
 create mode 100644 docs/implementation/intake/QA-NET-01/2026-10-09-external-context/verification/whole-phase-regression-01/executed-source/tests/unit/test_quick_scan_mcp.py
 create mode 100644 docs/implementation/intake/QA-NET-01/2026-10-09-external-context/verification/whole-phase-regression-01/executed-source/tests/unit/test_quick_scan_work_store.py
 create mode 100644 docs/implementation/intake/QA-NET-01/2026-10-09-external-context/verification/whole-phase-regression-01/junit.xml
 create mode 100644 docs/implementation/intake/QA-NET-01/2026-10-09-external-context/verification/whole-phase-regression-01/process.json
 create mode 100644 docs/implementation/intake/QA-NET-01/2026-10-09-external-context/verification/whole-phase-regression-01/stderr.log
 create mode 100644 docs/implementation/intake/QA-NET-01/2026-10-09-external-context/verification/whole-phase-regression-01/stdout.log
 create mode 100644 docs/implementation/intake/QA-NET-01/2026-10-09-external-context/verification/whole-phase-regression-01/subprocess/00/cold-stderr.log
 create mode 100644 docs/implementation/intake/QA-NET-01/2026-10-09-external-context/verification/whole-phase-regression-01/subprocess/00/cold-stdout.log
 create mode 100644 docs/implementation/intake/QA-NET-01/2026-10-09-external-context/verification/whole-phase-regression-01/subprocess/00/external-child-http.jsonl
 create mode 100644 docs/implementation/intake/QA-NET-01/2026-10-09-external-context/verification/whole-phase-regression-01/subprocess/00/guard/sitecustomize.py
 create mode 100644 docs/implementation/intake/QA-NET-01/2026-10-09-external-context/verification/whole-phase-regression-01/subprocess/00/key-opens.jsonl
 create mode 100644 docs/implementation/intake/QA-NET-01/2026-10-09-external-context/verification/whole-phase-regression-01/subprocess/00/rejected-stderr.log
 create mode 100644 docs/implementation/intake/QA-NET-01/2026-10-09-external-context/verification/whole-phase-regression-01/subprocess/00/rejected-stdout.log
 create mode 100644 docs/implementation/intake/QA-NET-01/2026-10-09-external-context/verification/whole-phase-regression-01/subprocess/00/result.json
 create mode 100644 docs/implementation/intake/QA-NET-01/2026-10-09-external-context/verification/whole-phase-regression-01/subprocess/00/store-clock.txt
 create mode 100644 docs/implementation/intake/QA-NET-01/2026-10-09-external-context/verification/whole-phase-regression-01/subprocess/01/cold-stderr.log
 create mode 100644 docs/implementation/intake/QA-NET-01/2026-10-09-external-context/verification/whole-phase-regression-01/subprocess/01/cold-stdout.log
 create mode 100644 docs/implementation/intake/QA-NET-01/2026-10-09-external-context/verification/whole-phase-regression-01/subprocess/01/external-child-http.jsonl
 create mode 100644 docs/implementation/intake/QA-NET-01/2026-10-09-external-context/verification/whole-phase-regression-01/subprocess/01/guard/sitecustomize.py
 create mode 100644 docs/implementation/intake/QA-NET-01/2026-10-09-external-context/verification/whole-phase-regression-01/subprocess/01/key-opens.jsonl
 create mode 100644 docs/implementation/intake/QA-NET-01/2026-10-09-external-context/verification/whole-phase-regression-01/subprocess/01/rejected-stderr.log
 create mode 100644 docs/implementation/intake/QA-NET-01/2026-10-09-external-context/verification/whole-phase-regression-01/subprocess/01/rejected-stdout.log
 create mode 100644 docs/implementation/intake/QA-NET-01/2026-10-09-external-context/verification/whole-phase-regression-01/subprocess/01/result.json
 create mode 100644 docs/implementation/intake/QA-NET-01/2026-10-09-external-context/verification/whole-phase-regression-01/subprocess/01/store-clock.txt
 create mode 100644 docs/implementation/intake/QA-NET-01/2026-10-09-external-context/verification/whole-phase-regression-01/subprocess/02/cold-stderr.log
 create mode 100644 docs/implementation/intake/QA-NET-01/2026-10-09-external-context/verification/whole-phase-regression-01/subprocess/02/cold-stdout.log
 create mode 100644 docs/implementation/intake/QA-NET-01/2026-10-09-external-context/verification/whole-phase-regression-01/subprocess/02/external-child-http.jsonl
 create mode 100644 docs/implementation/intake/QA-NET-01/2026-10-09-external-context/verification/whole-phase-regression-01/subprocess/02/guard/sitecustomize.py
 create mode 100644 docs/implementation/intake/QA-NET-01/2026-10-09-external-context/verification/whole-phase-regression-01/subprocess/02/key-opens.jsonl
 create mode 100644 docs/implementation/intake/QA-NET-01/2026-10-09-external-context/verification/whole-phase-regression-01/subprocess/02/rejected-stderr.log
 create mode 100644 docs/implementation/intake/QA-NET-01/2026-10-09-external-context/verification/whole-phase-regression-01/subprocess/02/rejected-stdout.log
 create mode 100644 docs/implementation/intake/QA-NET-01/2026-10-09-external-context/verification/whole-phase-regression-01/subprocess/02/result.json
 create mode 100644 docs/implementation/intake/QA-NET-01/2026-10-09-external-context/verification/whole-phase-regression-01/subprocess/02/store-clock.txt
 create mode 100644 docs/implementation/intake/QA-NET-01/2026-10-09-external-context/verification/whole-phase-regression-01/subprocess/03/cold-stderr.log
 create mode 100644 docs/implementation/intake/QA-NET-01/2026-10-09-external-context/verification/whole-phase-regression-01/subprocess/03/cold-stdout.log
 create mode 100644 docs/implementation/intake/QA-NET-01/2026-10-09-external-context/verification/whole-phase-regression-01/subprocess/03/external-child-http.jsonl
 create mode 100644 docs/implementation/intake/QA-NET-01/2026-10-09-external-context/verification/whole-phase-regression-01/subprocess/03/guard/sitecustomize.py
 create mode 100644 docs/implementation/intake/QA-NET-01/2026-10-09-external-context/verification/whole-phase-regression-01/subprocess/03/key-opens.jsonl
 create mode 100644 docs/implementation/intake/QA-NET-01/2026-10-09-external-context/verification/whole-phase-regression-01/subprocess/03/result.json
 create mode 100644 docs/implementation/intake/QA-NET-01/2026-10-09-external-context/verification/whole-phase-regression-01/subprocess/03/store-clock.txt
 create mode 100644 docs/implementation/intake/QA-NET-01/2026-10-09-external-context/verification/whole-phase-regression-01/subprocess/03/warm-stderr.log
 create mode 100644 docs/implementation/intake/QA-NET-01/2026-10-09-external-context/verification/whole-phase-regression-01/subprocess/03/warm-stdout.log
 create mode 100644 docs/implementation/intake/QA-NET-01/2026-10-09-external-context/verification/whole-phase-regression-01/subprocess/04/cold-stderr.log
 create mode 100644 docs/implementation/intake/QA-NET-01/2026-10-09-external-context/verification/whole-phase-regression-01/subprocess/04/cold-stdout.log
 create mode 100644 docs/implementation/intake/QA-NET-01/2026-10-09-external-context/verification/whole-phase-regression-01/subprocess/04/external-child-http.jsonl
 create mode 100644 docs/implementation/intake/QA-NET-01/2026-10-09-external-context/verification/whole-phase-regression-01/subprocess/04/guard/sitecustomize.py
 create mode 100644 docs/implementation/intake/QA-NET-01/2026-10-09-external-context/verification/whole-phase-regression-01/subprocess/04/key-opens.jsonl
 create mode 100644 docs/implementation/intake/QA-NET-01/2026-10-09-external-context/verification/whole-phase-regression-01/subprocess/04/result.json
 create mode 100644 docs/implementation/intake/QA-NET-01/2026-10-09-external-context/verification/whole-phase-regression-01/subprocess/04/store-clock.txt
 create mode 100644 docs/implementation/intake/QA-NET-01/2026-10-09-external-context/verification/whole-phase-regression-01/subprocess/04/warm-stderr.log
 create mode 100644 docs/implementation/intake/QA-NET-01/2026-10-09-external-context/verification/whole-phase-regression-01/subprocess/04/warm-stdout.log
 create mode 100644 docs/implementation/intake/QA-NET-01/2026-10-09-external-context/verification/whole-phase-regression-01/subprocess/05/cold-stderr.log
 create mode 100644 docs/implementation/intake/QA-NET-01/2026-10-09-external-context/verification/whole-phase-regression-01/subprocess/05/cold-stdout.log
 create mode 100644 docs/implementation/intake/QA-NET-01/2026-10-09-external-context/verification/whole-phase-regression-01/subprocess/05/external-child-http.jsonl
 create mode 100644 docs/implementation/intake/QA-NET-01/2026-10-09-external-context/verification/whole-phase-regression-01/subprocess/05/guard/sitecustomize.py
 create mode 100644 docs/implementation/intake/QA-NET-01/2026-10-09-external-context/verification/whole-phase-regression-01/subprocess/05/key-opens.jsonl
 create mode 100644 docs/implementation/intake/QA-NET-01/2026-10-09-external-context/verification/whole-phase-regression-01/subprocess/05/result.json
 create mode 100644 docs/implementation/intake/QA-NET-01/2026-10-09-external-context/verification/whole-phase-regression-01/subprocess/05/store-clock.txt
 create mode 100644 docs/implementation/intake/QA-NET-01/2026-10-09-external-context/verification/whole-phase-regression-01/subprocess/05/warm-stderr.log
 create mode 100644 docs/implementation/intake/QA-NET-01/2026-10-09-external-context/verification/whole-phase-regression-01/subprocess/05/warm-stdout.log
 create mode 100644 docs/implementation/intake/QA-NET-01/2026-10-09-external-context/verification/whole-phase-regression-01/subprocess/06/cold-stderr.log
 create mode 100644 docs/implementation/intake/QA-NET-01/2026-10-09-external-context/verification/whole-phase-regression-01/subprocess/06/cold-stdout.log
 create mode 100644 docs/implementation/intake/QA-NET-01/2026-10-09-external-context/verification/whole-phase-regression-01/subprocess/06/external-child-http.jsonl
 create mode 100644 docs/implementation/intake/QA-NET-01/2026-10-09-external-context/verification/whole-phase-regression-01/subprocess/06/guard/sitecustomize.py
 create mode 100644 docs/implementation/intake/QA-NET-01/2026-10-09-external-context/verification/whole-phase-regression-01/subprocess/06/key-opens.jsonl
 create mode 100644 docs/implementation/intake/QA-NET-01/2026-10-09-external-context/verification/whole-phase-regression-01/subprocess/06/result.json
 create mode 100644 docs/implementation/intake/QA-NET-01/2026-10-09-external-context/verification/whole-phase-regression-01/subprocess/06/store-clock.txt
 create mode 100644 docs/implementation/intake/QA-NET-01/2026-10-09-external-context/verification/whole-phase-regression-01/subprocess/06/warm-stderr.log
 create mode 100644 docs/implementation/intake/QA-NET-01/2026-10-09-external-context/verification/whole-phase-regression-01/subprocess/06/warm-stdout.log
 create mode 100644 docs/implementation/intake/QA-NET-01/2026-10-09-external-context/verification/whole-phase-regression-01/subprocess/07/cold-stderr.log
 create mode 100644 docs/implementation/intake/QA-NET-01/2026-10-09-external-context/verification/whole-phase-regression-01/subprocess/07/cold-stdout.log
 create mode 100644 docs/implementation/intake/QA-NET-01/2026-10-09-external-context/verification/whole-phase-regression-01/subprocess/07/external-child-http.jsonl
 create mode 100644 docs/implementation/intake/QA-NET-01/2026-10-09-external-context/verification/whole-phase-regression-01/subprocess/07/guard/sitecustomize.py
 create mode 100644 docs/implementation/intake/QA-NET-01/2026-10-09-external-context/verification/whole-phase-regression-01/subprocess/07/key-opens.jsonl
 create mode 100644 docs/implementation/intake/QA-NET-01/2026-10-09-external-context/verification/whole-phase-regression-01/subprocess/07/result.json
 create mode 100644 docs/implementation/intake/QA-NET-01/2026-10-09-external-context/verification/whole-phase-regression-01/subprocess/07/store-clock.txt
 create mode 100644 docs/implementation/intake/QA-NET-01/2026-10-09-external-context/verification/whole-phase-regression-01/subprocess/07/warm-stderr.log
 create mode 100644 docs/implementation/intake/QA-NET-01/2026-10-09-external-context/verification/whole-phase-regression-01/subprocess/07/warm-stdout.log
 create mode 100644 docs/implementation/intake/QA-NET-01/2026-10-09-external-context/verification/whole-phase-regression-01/subprocess/08/cold-stderr.log
 create mode 100644 docs/implementation/intake/QA-NET-01/2026-10-09-external-context/verification/whole-phase-regression-01/subprocess/08/cold-stdout.log
 create mode 100644 docs/implementation/intake/QA-NET-01/2026-10-09-external-context/verification/whole-phase-regression-01/subprocess/08/external-child-http.jsonl
 create mode 100644 docs/implementation/intake/QA-NET-01/2026-10-09-external-context/verification/whole-phase-regression-01/subprocess/08/guard/sitecustomize.py
 create mode 100644 docs/implementation/intake/QA-NET-01/2026-10-09-external-context/verification/whole-phase-regression-01/subprocess/08/key-opens.jsonl
 create mode 100644 docs/implementation/intake/QA-NET-01/2026-10-09-external-context/verification/whole-phase-regression-01/subprocess/08/result.json
 create mode 100644 docs/implementation/intake/QA-NET-01/2026-10-09-external-context/verification/whole-phase-regression-01/subprocess/08/seal-stderr.log
 create mode 100644 docs/implementation/intake/QA-NET-01/2026-10-09-external-context/verification/whole-phase-regression-01/subprocess/08/seal-stdout.log
 create mode 100644 docs/implementation/intake/QA-NET-01/2026-10-09-external-context/verification/whole-phase-regression-01/subprocess/08/store-clock.txt
 create mode 100644 docs/implementation/intake/QA-NET-01/2026-10-09-external-context/verification/whole-phase-regression-01/subprocess/08/warm-stderr.log
 create mode 100644 docs/implementation/intake/QA-NET-01/2026-10-09-external-context/verification/whole-phase-regression-01/subprocess/08/warm-stdout.log
 create mode 100644 docs/implementation/intake/QA-NET-01/2026-10-09-external-context/verification/whole-phase-regression-01/subprocess/09/cold-stderr.log
 create mode 100644 docs/implementation/intake/QA-NET-01/2026-10-09-external-context/verification/whole-phase-regression-01/subprocess/09/cold-stdout.log
 create mode 100644 docs/implementation/intake/QA-NET-01/2026-10-09-external-context/verification/whole-phase-regression-01/subprocess/09/external-child-http.jsonl
 create mode 100644 docs/implementation/intake/QA-NET-01/2026-10-09-external-context/verification/whole-phase-regression-01/subprocess/09/guard/sitecustomize.py
 create mode 100644 docs/implementation/intake/QA-NET-01/2026-10-09-external-context/verification/whole-phase-regression-01/subprocess/09/key-opens.jsonl
 create mode 100644 docs/implementation/intake/QA-NET-01/2026-10-09-external-context/verification/whole-phase-regression-01/subprocess/09/result.json
 create mode 100644 docs/implementation/intake/QA-NET-01/2026-10-09-external-context/verification/whole-phase-regression-01/subprocess/09/seal-stderr.log
 create mode 100644 docs/implementation/intake/QA-NET-01/2026-10-09-external-context/verification/whole-phase-regression-01/subprocess/09/seal-stdout.log
 create mode 100644 docs/implementation/intake/QA-NET-01/2026-10-09-external-context/verification/whole-phase-regression-01/subprocess/09/store-clock.txt
 create mode 100644 docs/implementation/intake/QA-NET-01/2026-10-09-external-context/verification/whole-phase-regression-01/subprocess/09/warm-stderr.log
 create mode 100644 docs/implementation/intake/QA-NET-01/2026-10-09-external-context/verification/whole-phase-regression-01/subprocess/09/warm-stdout.log
 create mode 100644 docs/implementation/intake/QA-NET-01/2026-10-09-external-context/verification/whole-phase-regression-01/subprocess/10/cold-stderr.log
 create mode 100644 docs/implementation/intake/QA-NET-01/2026-10-09-external-context/verification/whole-phase-regression-01/subprocess/10/cold-stdout.log
 create mode 100644 docs/implementation/intake/QA-NET-01/2026-10-09-external-context/verification/whole-phase-regression-01/subprocess/10/external-child-http.jsonl
 create mode 100644 docs/implementation/intake/QA-NET-01/2026-10-09-external-context/verification/whole-phase-regression-01/subprocess/10/guard/sitecustomize.py
 create mode 100644 docs/implementation/intake/QA-NET-01/2026-10-09-external-context/verification/whole-phase-regression-01/subprocess/10/key-opens.jsonl
 create mode 100644 docs/implementation/intake/QA-NET-01/2026-10-09-external-context/verification/whole-phase-regression-01/subprocess/10/result.json
 create mode 100644 docs/implementation/intake/QA-NET-01/2026-10-09-external-context/verification/whole-phase-regression-01/subprocess/10/seal-stderr.log
 create mode 100644 docs/implementation/intake/QA-NET-01/2026-10-09-external-context/verification/whole-phase-regression-01/subprocess/10/seal-stdout.log
 create mode 100644 docs/implementation/intake/QA-NET-01/2026-10-09-external-context/verification/whole-phase-regression-01/subprocess/10/store-clock.txt
 create mode 100644 docs/implementation/intake/QA-NET-01/2026-10-09-external-context/verification/whole-phase-regression-01/subprocess/10/warm-stderr.log
 create mode 100644 docs/implementation/intake/QA-NET-01/2026-10-09-external-context/verification/whole-phase-regression-01/subprocess/10/warm-stdout.log
 create mode 100644 docs/implementation/intake/QA-NET-01/2026-10-09-external-context/verification/whole-phase-regression-01/subprocess/11/guard/sitecustomize.py
 create mode 100644 docs/implementation/intake/QA-NET-01/2026-10-09-external-context/verification/whole-phase-regression-01/subprocess/11/key-opens.jsonl
 create mode 100644 docs/implementation/intake/QA-NET-01/2026-10-09-external-context/verification/whole-phase-regression-01/subprocess/11/missing-key-stderr.log
 create mode 100644 docs/implementation/intake/QA-NET-01/2026-10-09-external-context/verification/whole-phase-regression-01/subprocess/11/missing-key-stdout.log
 create mode 100644 docs/implementation/intake/QA-NET-01/2026-10-09-external-context/verification/whole-phase-regression-01/subprocess/11/result.json
 create mode 100644 docs/implementation/intake/QA-NET-01/2026-10-09-external-context/verification/whole-phase-regression-01/subprocess/11/store-clock.txt
 create mode 100644 docs/implementation/intake/QA-NET-01/2026-10-09-external-context/verification/whole-phase-regression-01/subprocess/12/guard/sitecustomize.py
 create mode 100644 docs/implementation/intake/QA-NET-01/2026-10-09-external-context/verification/whole-phase-regression-01/subprocess/12/key-opens.jsonl
 create mode 100644 docs/implementation/intake/QA-NET-01/2026-10-09-external-context/verification/whole-phase-regression-01/subprocess/12/missing-key-stderr.log
 create mode 100644 docs/implementation/intake/QA-NET-01/2026-10-09-external-context/verification/whole-phase-regression-01/subprocess/12/missing-key-stdout.log
 create mode 100644 docs/implementation/intake/QA-NET-01/2026-10-09-external-context/verification/whole-phase-regression-01/subprocess/12/result.json
 create mode 100644 docs/implementation/intake/QA-NET-01/2026-10-09-external-context/verification/whole-phase-regression-01/subprocess/12/store-clock.txt
 create mode 100644 docs/implementation/intake/QA-NET-01/2026-10-09-external-context/verification/whole-phase-regression-01/subprocess/13/child-barrier.json
 create mode 100644 docs/implementation/intake/QA-NET-01/2026-10-09-external-context/verification/whole-phase-regression-01/subprocess/13/external-child-http.jsonl
 create mode 100644 docs/implementation/intake/QA-NET-01/2026-10-09-external-context/verification/whole-phase-regression-01/subprocess/13/guard/sitecustomize.py
 create mode 100644 docs/implementation/intake/QA-NET-01/2026-10-09-external-context/verification/whole-phase-regression-01/subprocess/13/key-opens.jsonl
 create mode 100644 docs/implementation/intake/QA-NET-01/2026-10-09-external-context/verification/whole-phase-regression-01/subprocess/13/killed-stderr.log
 create mode 100644 docs/implementation/intake/QA-NET-01/2026-10-09-external-context/verification/whole-phase-regression-01/subprocess/13/killed-stdout.log
 create mode 100644 docs/implementation/intake/QA-NET-01/2026-10-09-external-context/verification/whole-phase-regression-01/subprocess/13/result.json
 create mode 100644 docs/implementation/intake/QA-NET-01/2026-10-09-external-context/verification/whole-phase-regression-01/subprocess/13/resumed-stderr.log
 create mode 100644 docs/implementation/intake/QA-NET-01/2026-10-09-external-context/verification/whole-phase-regression-01/subprocess/13/resumed-stdout.log
 create mode 100644 docs/implementation/intake/QA-NET-01/2026-10-09-external-context/verification/whole-phase-regression-01/subprocess/13/store-clock.txt
 create mode 100644 docs/implementation/intake/QA-NET-01/2026-10-09-external-context/verification/whole-phase-regression-01/subprocess/13/termination.json
 create mode 100644 docs/implementation/intake/QA-NET-01/2026-10-09-external-context/verification/whole-phase-regression-01/subprocess/14/child-barrier.json
 create mode 100644 docs/implementation/intake/QA-NET-01/2026-10-09-external-context/verification/whole-phase-regression-01/subprocess/14/external-child-http.jsonl
 create mode 100644 docs/implementation/intake/QA-NET-01/2026-10-09-external-context/verification/whole-phase-regression-01/subprocess/14/guard/sitecustomize.py
 create mode 100644 docs/implementation/intake/QA-NET-01/2026-10-09-external-context/verification/whole-phase-regression-01/subprocess/14/key-opens.jsonl
 create mode 100644 docs/implementation/intake/QA-NET-01/2026-10-09-external-context/verification/whole-phase-regression-01/subprocess/14/killed-stderr.log
 create mode 100644 docs/implementation/intake/QA-NET-01/2026-10-09-external-context/verification/whole-phase-regression-01/subprocess/14/killed-stdout.log
 create mode 100644 docs/implementation/intake/QA-NET-01/2026-10-09-external-context/verification/whole-phase-regression-01/subprocess/14/result.json
 create mode 100644 docs/implementation/intake/QA-NET-01/2026-10-09-external-context/verification/whole-phase-regression-01/subprocess/14/resumed-stderr.log
 create mode 100644 docs/implementation/intake/QA-NET-01/2026-10-09-external-context/verification/whole-phase-regression-01/subprocess/14/resumed-stdout.log
 create mode 100644 docs/implementation/intake/QA-NET-01/2026-10-09-external-context/verification/whole-phase-regression-01/subprocess/14/store-clock.txt
 create mode 100644 docs/implementation/intake/QA-NET-01/2026-10-09-external-context/verification/whole-phase-regression-01/subprocess/14/termination.json
 create mode 100644 docs/implementation/intake/QA-NET-01/2026-10-09-external-context/verification/whole-phase-regression-01/subprocess/15/child-barrier.json
 create mode 100644 docs/implementation/intake/QA-NET-01/2026-10-09-external-context/verification/whole-phase-regression-01/subprocess/15/external-child-http.jsonl
 create mode 100644 docs/implementation/intake/QA-NET-01/2026-10-09-external-context/verification/whole-phase-regression-01/subprocess/15/guard/sitecustomize.py
 create mode 100644 docs/implementation/intake/QA-NET-01/2026-10-09-external-context/verification/whole-phase-regression-01/subprocess/15/key-opens.jsonl
 create mode 100644 docs/implementation/intake/QA-NET-01/2026-10-09-external-context/verification/whole-phase-regression-01/subprocess/15/killed-stderr.log
 create mode 100644 docs/implementation/intake/QA-NET-01/2026-10-09-external-context/verification/whole-phase-regression-01/subprocess/15/killed-stdout.log
 create mode 100644 docs/implementation/intake/QA-NET-01/2026-10-09-external-context/verification/whole-phase-regression-01/subprocess/15/result.json
 create mode 100644 docs/implementation/intake/QA-NET-01/2026-10-09-external-context/verification/whole-phase-regression-01/subprocess/15/store-clock.txt
 create mode 100644 docs/implementation/intake/QA-NET-01/2026-10-09-external-context/verification/whole-phase-regression-01/subprocess/15/termination.json
 create mode 100644 docs/implementation/intake/QA-NET-01/2026-10-09-external-context/verification/whole-phase-regression-01/subprocess/15/unknown-reopen-stderr.log
 create mode 100644 docs/implementation/intake/QA-NET-01/2026-10-09-external-context/verification/whole-phase-regression-01/subprocess/15/unknown-reopen-stdout.log
 create mode 100644 docs/implementation/intake/QA-NET-01/2026-10-09-external-context/verification/whole-phase-regression-01/subprocess/16/child-barrier.json
 create mode 100644 docs/implementation/intake/QA-NET-01/2026-10-09-external-context/verification/whole-phase-regression-01/subprocess/16/external-child-http.jsonl
 create mode 100644 docs/implementation/intake/QA-NET-01/2026-10-09-external-context/verification/whole-phase-regression-01/subprocess/16/guard/sitecustomize.py
 create mode 100644 docs/implementation/intake/QA-NET-01/2026-10-09-external-context/verification/whole-phase-regression-01/subprocess/16/key-opens.jsonl
 create mode 100644 docs/implementation/intake/QA-NET-01/2026-10-09-external-context/verification/whole-phase-regression-01/subprocess/16/killed-stderr.log
 create mode 100644 docs/implementation/intake/QA-NET-01/2026-10-09-external-context/verification/whole-phase-regression-01/subprocess/16/killed-stdout.log
 create mode 100644 docs/implementation/intake/QA-NET-01/2026-10-09-external-context/verification/whole-phase-regression-01/subprocess/16/result.json
 create mode 100644 docs/implementation/intake/QA-NET-01/2026-10-09-external-context/verification/whole-phase-regression-01/subprocess/16/resumed-stderr.log
 create mode 100644 docs/implementation/intake/QA-NET-01/2026-10-09-external-context/verification/whole-phase-regression-01/subprocess/16/resumed-stdout.log
 create mode 100644 docs/implementation/intake/QA-NET-01/2026-10-09-external-context/verification/whole-phase-regression-01/subprocess/16/store-clock.txt
 create mode 100644 docs/implementation/intake/QA-NET-01/2026-10-09-external-context/verification/whole-phase-regression-01/subprocess/16/termination.json
 create mode 100644 docs/implementation/intake/QA-NET-01/2026-10-09-external-context/verification/whole-phase-regression-01/subprocess/17/child-barrier.json
 create mode 100644 docs/implementation/intake/QA-NET-01/2026-10-09-external-context/verification/whole-phase-regression-01/subprocess/17/external-child-http.jsonl
 create mode 100644 docs/implementation/intake/QA-NET-01/2026-10-09-external-context/verification/whole-phase-regression-01/subprocess/17/guard/sitecustomize.py
 create mode 100644 docs/implementation/intake/QA-NET-01/2026-10-09-external-context/verification/whole-phase-regression-01/subprocess/17/key-opens.jsonl
 create mode 100644 docs/implementation/intake/QA-NET-01/2026-10-09-external-context/verification/whole-phase-regression-01/subprocess/17/killed-stderr.log
 create mode 100644 docs/implementation/intake/QA-NET-01/2026-10-09-external-context/verification/whole-phase-regression-01/subprocess/17/killed-stdout.log
 create mode 100644 docs/implementation/intake/QA-NET-01/2026-10-09-external-context/verification/whole-phase-regression-01/subprocess/17/result.json
 create mode 100644 docs/implementation/intake/QA-NET-01/2026-10-09-external-context/verification/whole-phase-regression-01/subprocess/17/resumed-stderr.log
 create mode 100644 docs/implementation/intake/QA-NET-01/2026-10-09-external-context/verification/whole-phase-regression-01/subprocess/17/resumed-stdout.log
 create mode 100644 docs/implementation/intake/QA-NET-01/2026-10-09-external-context/verification/whole-phase-regression-01/subprocess/17/store-clock.txt
 create mode 100644 docs/implementation/intake/QA-NET-01/2026-10-09-external-context/verification/whole-phase-regression-01/subprocess/17/termination.json
 create mode 100644 docs/implementation/intake/QA-NET-01/2026-10-09-external-context/verification/whole-phase-regression-01/subprocess/18/child-barrier.json
 create mode 100644 docs/implementation/intake/QA-NET-01/2026-10-09-external-context/verification/whole-phase-regression-01/subprocess/18/external-child-http.jsonl
 create mode 100644 docs/implementation/intake/QA-NET-01/2026-10-09-external-context/verification/whole-phase-regression-01/subprocess/18/guard/sitecustomize.py
 create mode 100644 docs/implementation/intake/QA-NET-01/2026-10-09-external-context/verification/whole-phase-regression-01/subprocess/18/key-opens.jsonl
 create mode 100644 docs/implementation/intake/QA-NET-01/2026-10-09-external-context/verification/whole-phase-regression-01/subprocess/18/killed-stderr.log
 create mode 100644 docs/implementation/intake/QA-NET-01/2026-10-09-external-context/verification/whole-phase-regression-01/subprocess/18/killed-stdout.log
 create mode 100644 docs/implementation/intake/QA-NET-01/2026-10-09-external-context/verification/whole-phase-regression-01/subprocess/18/result.json
 create mode 100644 docs/implementation/intake/QA-NET-01/2026-10-09-external-context/verification/whole-phase-regression-01/subprocess/18/resumed-stderr.log
 create mode 100644 docs/implementation/intake/QA-NET-01/2026-10-09-external-context/verification/whole-phase-regression-01/subprocess/18/resumed-stdout.log
 create mode 100644 docs/implementation/intake/QA-NET-01/2026-10-09-external-context/verification/whole-phase-regression-01/subprocess/18/store-clock.txt
 create mode 100644 docs/implementation/intake/QA-NET-01/2026-10-09-external-context/verification/whole-phase-regression-01/subprocess/18/termination.json
 create mode 100644 docs/implementation/intake/QA-NET-01/2026-10-09-external-context/verification/whole-phase-regression-01/subprocess/19/child-barrier.json
 create mode 100644 docs/implementation/intake/QA-NET-01/2026-10-09-external-context/verification/whole-phase-regression-01/subprocess/19/external-child-http.jsonl
 create mode 100644 docs/implementation/intake/QA-NET-01/2026-10-09-external-context/verification/whole-phase-regression-01/subprocess/19/guard/sitecustomize.py
 create mode 100644 docs/implementation/intake/QA-NET-01/2026-10-09-external-context/verification/whole-phase-regression-01/subprocess/19/key-opens.jsonl
 create mode 100644 docs/implementation/intake/QA-NET-01/2026-10-09-external-context/verification/whole-phase-regression-01/subprocess/19/killed-stderr.log
 create mode 100644 docs/implementation/intake/QA-NET-01/2026-10-09-external-context/verification/whole-phase-regression-01/subprocess/19/killed-stdout.log
 create mode 100644 docs/implementation/intake/QA-NET-01/2026-10-09-external-context/verification/whole-phase-regression-01/subprocess/19/result.json
 create mode 100644 docs/implementation/intake/QA-NET-01/2026-10-09-external-context/verification/whole-phase-regression-01/subprocess/19/store-clock.txt
 create mode 100644 docs/implementation/intake/QA-NET-01/2026-10-09-external-context/verification/whole-phase-regression-01/subprocess/19/termination.json
 create mode 100644 docs/implementation/intake/QA-NET-01/2026-10-09-external-context/verification/whole-phase-regression-01/subprocess/19/unknown-reopen-stderr.log
 create mode 100644 docs/implementation/intake/QA-NET-01/2026-10-09-external-context/verification/whole-phase-regression-01/subprocess/19/unknown-reopen-stdout.log
 create mode 100644 docs/implementation/intake/QA-NET-01/2026-10-09-external-context/verification/whole-phase-regression-01/subprocess/20/child-barrier.json
 create mode 100644 docs/implementation/intake/QA-NET-01/2026-10-09-external-context/verification/whole-phase-regression-01/subprocess/20/external-child-http.jsonl
 create mode 100644 docs/implementation/intake/QA-NET-01/2026-10-09-external-context/verification/whole-phase-regression-01/subprocess/20/guard/sitecustomize.py
 create mode 100644 docs/implementation/intake/QA-NET-01/2026-10-09-external-context/verification/whole-phase-regression-01/subprocess/20/key-opens.jsonl
 create mode 100644 docs/implementation/intake/QA-NET-01/2026-10-09-external-context/verification/whole-phase-regression-01/subprocess/20/killed-stderr.log
 create mode 100644 docs/implementation/intake/QA-NET-01/2026-10-09-external-context/verification/whole-phase-regression-01/subprocess/20/killed-stdout.log
 create mode 100644 docs/implementation/intake/QA-NET-01/2026-10-09-external-context/verification/whole-phase-regression-01/subprocess/20/result.json
 create mode 100644 docs/implementation/intake/QA-NET-01/2026-10-09-external-context/verification/whole-phase-regression-01/subprocess/20/store-clock.txt
 create mode 100644 docs/implementation/intake/QA-NET-01/2026-10-09-external-context/verification/whole-phase-regression-01/subprocess/20/termination.json
 create mode 100644 docs/implementation/intake/QA-NET-01/2026-10-09-external-context/verification/whole-phase-regression-01/subprocess/20/unknown-reopen-stderr.log
 create mode 100644 docs/implementation/intake/QA-NET-01/2026-10-09-external-context/verification/whole-phase-regression-01/subprocess/20/unknown-reopen-stdout.log
 create mode 100644 docs/implementation/intake/QA-NET-01/2026-10-09-external-context/verification/whole-phase-regression-01/subprocess/21/child-barrier.json
 create mode 100644 docs/implementation/intake/QA-NET-01/2026-10-09-external-context/verification/whole-phase-regression-01/subprocess/21/external-child-http.jsonl
 create mode 100644 docs/implementation/intake/QA-NET-01/2026-10-09-external-context/verification/whole-phase-regression-01/subprocess/21/guard/sitecustomize.py
 create mode 100644 docs/implementation/intake/QA-NET-01/2026-10-09-external-context/verification/whole-phase-regression-01/subprocess/21/key-opens.jsonl
 create mode 100644 docs/implementation/intake/QA-NET-01/2026-10-09-external-context/verification/whole-phase-regression-01/subprocess/21/killed-stderr.log
 create mode 100644 docs/implementation/intake/QA-NET-01/2026-10-09-external-context/verification/whole-phase-regression-01/subprocess/21/killed-stdout.log
 create mode 100644 docs/implementation/intake/QA-NET-01/2026-10-09-external-context/verification/whole-phase-regression-01/subprocess/21/result.json
 create mode 100644 docs/implementation/intake/QA-NET-01/2026-10-09-external-context/verification/whole-phase-regression-01/subprocess/21/store-clock.txt
 create mode 100644 docs/implementation/intake/QA-NET-01/2026-10-09-external-context/verification/whole-phase-regression-01/subprocess/21/termination.json
 create mode 100644 docs/implementation/intake/QA-NET-01/2026-10-09-external-context/verification/whole-phase-regression-01/subprocess/21/unknown-reopen-stderr.log
 create mode 100644 docs/implementation/intake/QA-NET-01/2026-10-09-external-context/verification/whole-phase-regression-01/subprocess/21/unknown-reopen-stdout.log
 create mode 100644 docs/implementation/intake/QA-NET-01/2026-10-09-external-context/verification/whole-phase-regression-01/subprocess/22/child-barrier.json
 create mode 100644 docs/implementation/intake/QA-NET-01/2026-10-09-external-context/verification/whole-phase-regression-01/subprocess/22/external-child-http.jsonl
 create mode 100644 docs/implementation/intake/QA-NET-01/2026-10-09-external-context/verification/whole-phase-regression-01/subprocess/22/guard/sitecustomize.py
 create mode 100644 docs/implementation/intake/QA-NET-01/2026-10-09-external-context/verification/whole-phase-regression-01/subprocess/22/key-opens.jsonl
 create mode 100644 docs/implementation/intake/QA-NET-01/2026-10-09-external-context/verification/whole-phase-regression-01/subprocess/22/killed-stderr.log
 create mode 100644 docs/implementation/intake/QA-NET-01/2026-10-09-external-context/verification/whole-phase-regression-01/subprocess/22/killed-stdout.log
 create mode 100644 docs/implementation/intake/QA-NET-01/2026-10-09-external-context/verification/whole-phase-regression-01/subprocess/22/result.json
 create mode 100644 docs/implementation/intake/QA-NET-01/2026-10-09-external-context/verification/whole-phase-regression-01/subprocess/22/store-clock.txt
 create mode 100644 docs/implementation/intake/QA-NET-01/2026-10-09-external-context/verification/whole-phase-regression-01/subprocess/22/termination.json
 create mode 100644 docs/implementation/intake/QA-NET-01/2026-10-09-external-context/verification/whole-phase-regression-01/subprocess/22/unknown-reopen-stderr.log
 create mode 100644 docs/implementation/intake/QA-NET-01/2026-10-09-external-context/verification/whole-phase-regression-01/subprocess/22/unknown-reopen-stdout.log
 create mode 100644 docs/implementation/intake/QA-NET-01/2026-10-09-external-context/verification/whole-phase-regression-01/subprocess/23/child-barrier.json
 create mode 100644 docs/implementation/intake/QA-NET-01/2026-10-09-external-context/verification/whole-phase-regression-01/subprocess/23/external-child-http.jsonl
 create mode 100644 docs/implementation/intake/QA-NET-01/2026-10-09-external-context/verification/whole-phase-regression-01/subprocess/23/guard/sitecustomize.py
 create mode 100644 docs/implementation/intake/QA-NET-01/2026-10-09-external-context/verification/whole-phase-regression-01/subprocess/23/key-opens.jsonl
 create mode 100644 docs/implementation/intake/QA-NET-01/2026-10-09-external-context/verification/whole-phase-regression-01/subprocess/23/killed-stderr.log
 create mode 100644 docs/implementation/intake/QA-NET-01/2026-10-09-external-context/verification/whole-phase-regression-01/subprocess/23/killed-stdout.log
 create mode 100644 docs/implementation/intake/QA-NET-01/2026-10-09-external-context/verification/whole-phase-regression-01/subprocess/23/result.json
 create mode 100644 docs/implementation/intake/QA-NET-01/2026-10-09-external-context/verification/whole-phase-regression-01/subprocess/23/store-clock.txt
 create mode 100644 docs/implementation/intake/QA-NET-01/2026-10-09-external-context/verification/whole-phase-regression-01/subprocess/23/termination.json
 create mode 100644 docs/implementation/intake/QA-NET-01/2026-10-09-external-context/verification/whole-phase-regression-01/subprocess/23/unknown-reopen-stderr.log
 create mode 100644 docs/implementation/intake/QA-NET-01/2026-10-09-external-context/verification/whole-phase-regression-01/subprocess/23/unknown-reopen-stdout.log
 create mode 100644 docs/implementation/intake/QA-NET-01/2026-10-09-external-context/verification/whole-phase-regression-01/subprocess/24/result.json
 create mode 100644 docs/implementation/intake/QA-NET-01/2026-10-09-external-context/verification/whole-phase-regression-01/subprocess/25/result.json
 create mode 100644 docs/implementation/intake/QA-NET-01/2026-10-09-external-context/verification/whole-phase-regression-01/subprocess/26/result.json
 create mode 100644 docs/implementation/intake/QA-NET-01/2026-10-09-external-context/verification/whole-phase-regression-01/subprocess/27/result.json
 create mode 100644 docs/implementation/intake/QA-NET-01/2026-10-09-external-context/verification/whole-phase-regression-01/subprocess/28/result.json
 create mode 100644 docs/implementation/intake/QA-NET-01/2026-10-09-external-context/verification/whole-phase-regression-01/subprocess/29/result.json
 create mode 100644 docs/implementation/intake/QA-NET-01/2026-10-09-external-context/verification/whole-phase-regression-01/subprocess/30/result.json
 create mode 100644 docs/implementation/intake/QA-NET-01/2026-10-09-external-context/verification/whole-phase-regression-01/subprocess/31/result.json
 create mode 100644 docs/implementation/intake/QA-NET-01/2026-10-09-external-context/verification/whole-phase-regression-01/subprocess/32/result.json
 create mode 100644 docs/implementation/intake/QA-NET-01/2026-10-09-external-context/verification/whole-phase-regression-01/subprocess/33/result.json
 create mode 100644 docs/implementation/intake/QA-NET-01/2026-10-09-external-context/verification/whole-phase-regression-01/subprocess/index.json
 create mode 100644 docs/implementation/intake/QA-NET-01/2026-10-09-external-context/verification/whole-phase-regression-02/executed-guard.py
 create mode 100644 docs/implementation/intake/QA-NET-01/2026-10-09-external-context/verification/whole-phase-regression-02/executed-runner.py
 create mode 100644 docs/implementation/intake/QA-NET-01/2026-10-09-external-context/verification/whole-phase-regression-02/executed-source/.gitignore
 create mode 100644 docs/implementation/intake/QA-NET-01/2026-10-09-external-context/verification/whole-phase-regression-02/executed-source/src/config/quick_scan_model_resolution_v1_1.schema.json
 create mode 100644 docs/implementation/intake/QA-NET-01/2026-10-09-external-context/verification/whole-phase-regression-02/executed-source/src/config/quick_scan_search_policy.py
 create mode 100644 docs/implementation/intake/QA-NET-01/2026-10-09-external-context/verification/whole-phase-regression-02/executed-source/src/config/quick_scan_search_policy_v1_1.schema.json
 create mode 100644 docs/implementation/intake/QA-NET-01/2026-10-09-external-context/verification/whole-phase-regression-02/executed-source/src/core/models.py
 create mode 100644 docs/implementation/intake/QA-NET-01/2026-10-09-external-context/verification/whole-phase-regression-02/executed-source/src/core/qa_engine.py
 create mode 100644 docs/implementation/intake/QA-NET-01/2026-10-09-external-context/verification/whole-phase-regression-02/executed-source/src/providers/async_llm_provider.py
 create mode 100644 docs/implementation/intake/QA-NET-01/2026-10-09-external-context/verification/whole-phase-regression-02/executed-source/src/providers/base_llm_provider.py
 create mode 100644 docs/implementation/intake/QA-NET-01/2026-10-09-external-context/verification/whole-phase-regression-02/executed-source/src/providers/external_search_parsers.py
 create mode 100644 docs/implementation/intake/QA-NET-01/2026-10-09-external-context/verification/whole-phase-regression-02/executed-source/src/providers/external_search_provider.py
 create mode 100644 docs/implementation/intake/QA-NET-01/2026-10-09-external-context/verification/whole-phase-regression-02/executed-source/src/providers/llm_client.py
 create mode 100644 docs/implementation/intake/QA-NET-01/2026-10-09-external-context/verification/whole-phase-regression-02/executed-source/src/providers/llm_provider.py
 create mode 100644 docs/implementation/intake/QA-NET-01/2026-10-09-external-context/verification/whole-phase-regression-02/executed-source/src/providers/model_resolution.py
 create mode 100644 docs/implementation/intake/QA-NET-01/2026-10-09-external-context/verification/whole-phase-regression-02/executed-source/src/providers/search_capability.py
 create mode 100644 docs/implementation/intake/QA-NET-01/2026-10-09-external-context/verification/whole-phase-regression-02/executed-source/src/runners/llm_runner.py
 create mode 100644 docs/implementation/intake/QA-NET-01/2026-10-09-external-context/verification/whole-phase-regression-02/executed-source/src/utils/http_client.py
 create mode 100644 docs/implementation/intake/QA-NET-01/2026-10-09-external-context/verification/whole-phase-regression-02/executed-source/src/utils/llm_integration.py
 create mode 100644 docs/implementation/intake/QA-NET-01/2026-10-09-external-context/verification/whole-phase-regression-02/executed-source/src/utils/quick_scan_c06_adapter.py
 create mode 100644 docs/implementation/intake/QA-NET-01/2026-10-09-external-context/verification/whole-phase-regression-02/executed-source/src/utils/quick_scan_cost_resolver.py
 create mode 100644 docs/implementation/intake/QA-NET-01/2026-10-09-external-context/verification/whole-phase-regression-02/executed-source/src/utils/quick_scan_evidence.py
 create mode 100644 docs/implementation/intake/QA-NET-01/2026-10-09-external-context/verification/whole-phase-regression-02/executed-source/src/utils/quick_scan_external_context.py
 create mode 100644 docs/implementation/intake/QA-NET-01/2026-10-09-external-context/verification/whole-phase-regression-02/executed-source/src/utils/quick_scan_external_journal.py
 create mode 100644 docs/implementation/intake/QA-NET-01/2026-10-09-external-context/verification/whole-phase-regression-02/executed-source/src/utils/quick_scan_mcp_journal.py
 create mode 100644 docs/implementation/intake/QA-NET-01/2026-10-09-external-context/verification/whole-phase-regression-02/executed-source/src/utils/quick_scan_observation_context.py
 create mode 100644 docs/implementation/intake/QA-NET-01/2026-10-09-external-context/verification/whole-phase-regression-02/executed-source/src/utils/quick_scan_result_outbox.py
 create mode 100644 docs/implementation/intake/QA-NET-01/2026-10-09-external-context/verification/whole-phase-regression-02/executed-source/src/utils/quick_scan_work_store.py
 create mode 100644 docs/implementation/intake/QA-NET-01/2026-10-09-external-context/verification/whole-phase-regression-02/executed-source/src/utils/quick_scan_work_transport.py
 create mode 100644 docs/implementation/intake/QA-NET-01/2026-10-09-external-context/verification/whole-phase-regression-02/executed-source/tests/integration/test_external_context_cli_e2e.py
 create mode 100644 docs/implementation/intake/QA-NET-01/2026-10-09-external-context/verification/whole-phase-regression-02/executed-source/tests/unit/test_external_search_provider.py
 create mode 100644 docs/implementation/intake/QA-NET-01/2026-10-09-external-context/verification/whole-phase-regression-02/executed-source/tests/unit/test_model_resolution.py
 create mode 100644 docs/implementation/intake/QA-NET-01/2026-10-09-external-context/verification/whole-phase-regression-02/executed-source/tests/unit/test_qa_net01_c06_seal.py
 create mode 100644 docs/implementation/intake/QA-NET-01/2026-10-09-external-context/verification/whole-phase-regression-02/executed-source/tests/unit/test_qa_net01_search_boundary.py
 create mode 100644 docs/implementation/intake/QA-NET-01/2026-10-09-external-context/verification/whole-phase-regression-02/executed-source/tests/unit/test_quick_scan_budget.py
 create mode 100644 docs/implementation/intake/QA-NET-01/2026-10-09-external-context/verification/whole-phase-regression-02/executed-source/tests/unit/test_quick_scan_c06_complete_seal.py
 create mode 100644 docs/implementation/intake/QA-NET-01/2026-10-09-external-context/verification/whole-phase-regression-02/executed-source/tests/unit/test_quick_scan_external_context.py
 create mode 100644 docs/implementation/intake/QA-NET-01/2026-10-09-external-context/verification/whole-phase-regression-02/executed-source/tests/unit/test_quick_scan_mcp.py
 create mode 100644 docs/implementation/intake/QA-NET-01/2026-10-09-external-context/verification/whole-phase-regression-02/executed-source/tests/unit/test_quick_scan_work_store.py
 create mode 100644 docs/implementation/intake/QA-NET-01/2026-10-09-external-context/verification/whole-phase-regression-02/junit.xml
 create mode 100644 docs/implementation/intake/QA-NET-01/2026-10-09-external-context/verification/whole-phase-regression-02/process.json
 create mode 100644 docs/implementation/intake/QA-NET-01/2026-10-09-external-context/verification/whole-phase-regression-02/stderr.log
 create mode 100644 docs/implementation/intake/QA-NET-01/2026-10-09-external-context/verification/whole-phase-regression-02/stdout.log
 create mode 100644 docs/implementation/intake/QA-NET-01/2026-10-09-external-context/verification/whole-phase-regression-02/subprocess/00/cold-stderr.log
 create mode 100644 docs/implementation/intake/QA-NET-01/2026-10-09-external-context/verification/whole-phase-regression-02/subprocess/00/cold-stdout.log
 create mode 100644 docs/implementation/intake/QA-NET-01/2026-10-09-external-context/verification/whole-phase-regression-02/subprocess/00/external-child-http.jsonl
 create mode 100644 docs/implementation/intake/QA-NET-01/2026-10-09-external-context/verification/whole-phase-regression-02/subprocess/00/guard/sitecustomize.py
 create mode 100644 docs/implementation/intake/QA-NET-01/2026-10-09-external-context/verification/whole-phase-regression-02/subprocess/00/key-opens.jsonl
 create mode 100644 docs/implementation/intake/QA-NET-01/2026-10-09-external-context/verification/whole-phase-regression-02/subprocess/00/rejected-stderr.log
 create mode 100644 docs/implementation/intake/QA-NET-01/2026-10-09-external-context/verification/whole-phase-regression-02/subprocess/00/rejected-stdout.log
 create mode 100644 docs/implementation/intake/QA-NET-01/2026-10-09-external-context/verification/whole-phase-regression-02/subprocess/00/result.json
 create mode 100644 docs/implementation/intake/QA-NET-01/2026-10-09-external-context/verification/whole-phase-regression-02/subprocess/00/store-clock.txt
 create mode 100644 docs/implementation/intake/QA-NET-01/2026-10-09-external-context/verification/whole-phase-regression-02/subprocess/01/cold-stderr.log
 create mode 100644 docs/implementation/intake/QA-NET-01/2026-10-09-external-context/verification/whole-phase-regression-02/subprocess/01/cold-stdout.log
 create mode 100644 docs/implementation/intake/QA-NET-01/2026-10-09-external-context/verification/whole-phase-regression-02/subprocess/01/external-child-http.jsonl
 create mode 100644 docs/implementation/intake/QA-NET-01/2026-10-09-external-context/verification/whole-phase-regression-02/subprocess/01/guard/sitecustomize.py
 create mode 100644 docs/implementation/intake/QA-NET-01/2026-10-09-external-context/verification/whole-phase-regression-02/subprocess/01/key-opens.jsonl
 create mode 100644 docs/implementation/intake/QA-NET-01/2026-10-09-external-context/verification/whole-phase-regression-02/subprocess/01/rejected-stderr.log
 create mode 100644 docs/implementation/intake/QA-NET-01/2026-10-09-external-context/verification/whole-phase-regression-02/subprocess/01/rejected-stdout.log
 create mode 100644 docs/implementation/intake/QA-NET-01/2026-10-09-external-context/verification/whole-phase-regression-02/subprocess/01/result.json
 create mode 100644 docs/implementation/intake/QA-NET-01/2026-10-09-external-context/verification/whole-phase-regression-02/subprocess/01/store-clock.txt
 create mode 100644 docs/implementation/intake/QA-NET-01/2026-10-09-external-context/verification/whole-phase-regression-02/subprocess/02/cold-stderr.log
 create mode 100644 docs/implementation/intake/QA-NET-01/2026-10-09-external-context/verification/whole-phase-regression-02/subprocess/02/cold-stdout.log
 create mode 100644 docs/implementation/intake/QA-NET-01/2026-10-09-external-context/verification/whole-phase-regression-02/subprocess/02/external-child-http.jsonl
 create mode 100644 docs/implementation/intake/QA-NET-01/2026-10-09-external-context/verification/whole-phase-regression-02/subprocess/02/guard/sitecustomize.py
 create mode 100644 docs/implementation/intake/QA-NET-01/2026-10-09-external-context/verification/whole-phase-regression-02/subprocess/02/key-opens.jsonl
 create mode 100644 docs/implementation/intake/QA-NET-01/2026-10-09-external-context/verification/whole-phase-regression-02/subprocess/02/rejected-stderr.log
 create mode 100644 docs/implementation/intake/QA-NET-01/2026-10-09-external-context/verification/whole-phase-regression-02/subprocess/02/rejected-stdout.log
 create mode 100644 docs/implementation/intake/QA-NET-01/2026-10-09-external-context/verification/whole-phase-regression-02/subprocess/02/result.json
 create mode 100644 docs/implementation/intake/QA-NET-01/2026-10-09-external-context/verification/whole-phase-regression-02/subprocess/02/store-clock.txt
 create mode 100644 docs/implementation/intake/QA-NET-01/2026-10-09-external-context/verification/whole-phase-regression-02/subprocess/03/cold-stderr.log
 create mode 100644 docs/implementation/intake/QA-NET-01/2026-10-09-external-context/verification/whole-phase-regression-02/subprocess/03/cold-stdout.log
 create mode 100644 docs/implementation/intake/QA-NET-01/2026-10-09-external-context/verification/whole-phase-regression-02/subprocess/03/external-child-http.jsonl
 create mode 100644 docs/implementation/intake/QA-NET-01/2026-10-09-external-context/verification/whole-phase-regression-02/subprocess/03/guard/sitecustomize.py
 create mode 100644 docs/implementation/intake/QA-NET-01/2026-10-09-external-context/verification/whole-phase-regression-02/subprocess/03/key-opens.jsonl
 create mode 100644 docs/implementation/intake/QA-NET-01/2026-10-09-external-context/verification/whole-phase-regression-02/subprocess/03/result.json
 create mode 100644 docs/implementation/intake/QA-NET-01/2026-10-09-external-context/verification/whole-phase-regression-02/subprocess/03/store-clock.txt
 create mode 100644 docs/implementation/intake/QA-NET-01/2026-10-09-external-context/verification/whole-phase-regression-02/subprocess/03/warm-stderr.log
 create mode 100644 docs/implementation/intake/QA-NET-01/2026-10-09-external-context/verification/whole-phase-regression-02/subprocess/03/warm-stdout.log
 create mode 100644 docs/implementation/intake/QA-NET-01/2026-10-09-external-context/verification/whole-phase-regression-02/subprocess/04/cold-stderr.log
 create mode 100644 docs/implementation/intake/QA-NET-01/2026-10-09-external-context/verification/whole-phase-regression-02/subprocess/04/cold-stdout.log
 create mode 100644 docs/implementation/intake/QA-NET-01/2026-10-09-external-context/verification/whole-phase-regression-02/subprocess/04/external-child-http.jsonl
 create mode 100644 docs/implementation/intake/QA-NET-01/2026-10-09-external-context/verification/whole-phase-regression-02/subprocess/04/guard/sitecustomize.py
 create mode 100644 docs/implementation/intake/QA-NET-01/2026-10-09-external-context/verification/whole-phase-regression-02/subprocess/04/key-opens.jsonl
 create mode 100644 docs/implementation/intake/QA-NET-01/2026-10-09-external-context/verification/whole-phase-regression-02/subprocess/04/result.json
 create mode 100644 docs/implementation/intake/QA-NET-01/2026-10-09-external-context/verification/whole-phase-regression-02/subprocess/04/store-clock.txt
 create mode 100644 docs/implementation/intake/QA-NET-01/2026-10-09-external-context/verification/whole-phase-regression-02/subprocess/04/warm-stderr.log
 create mode 100644 docs/implementation/intake/QA-NET-01/2026-10-09-external-context/verification/whole-phase-regression-02/subprocess/04/warm-stdout.log
 create mode 100644 docs/implementation/intake/QA-NET-01/2026-10-09-external-context/verification/whole-phase-regression-02/subprocess/05/cold-stderr.log
 create mode 100644 docs/implementation/intake/QA-NET-01/2026-10-09-external-context/verification/whole-phase-regression-02/subprocess/05/cold-stdout.log
 create mode 100644 docs/implementation/intake/QA-NET-01/2026-10-09-external-context/verification/whole-phase-regression-02/subprocess/05/external-child-http.jsonl
 create mode 100644 docs/implementation/intake/QA-NET-01/2026-10-09-external-context/verification/whole-phase-regression-02/subprocess/05/guard/sitecustomize.py
 create mode 100644 docs/implementation/intake/QA-NET-01/2026-10-09-external-context/verification/whole-phase-regression-02/subprocess/05/key-opens.jsonl
 create mode 100644 docs/implementation/intake/QA-NET-01/2026-10-09-external-context/verification/whole-phase-regression-02/subprocess/05/result.json
 create mode 100644 docs/implementation/intake/QA-NET-01/2026-10-09-external-context/verification/whole-phase-regression-02/subprocess/05/store-clock.txt
 create mode 100644 docs/implementation/intake/QA-NET-01/2026-10-09-external-context/verification/whole-phase-regression-02/subprocess/05/warm-stderr.log
 create mode 100644 docs/implementation/intake/QA-NET-01/2026-10-09-external-context/verification/whole-phase-regression-02/subprocess/05/warm-stdout.log
 create mode 100644 docs/implementation/intake/QA-NET-01/2026-10-09-external-context/verification/whole-phase-regression-02/subprocess/06/cold-stderr.log
 create mode 100644 docs/implementation/intake/QA-NET-01/2026-10-09-external-context/verification/whole-phase-regression-02/subprocess/06/cold-stdout.log
 create mode 100644 docs/implementation/intake/QA-NET-01/2026-10-09-external-context/verification/whole-phase-regression-02/subprocess/06/external-child-http.jsonl
 create mode 100644 docs/implementation/intake/QA-NET-01/2026-10-09-external-context/verification/whole-phase-regression-02/subprocess/06/guard/sitecustomize.py
 create mode 100644 docs/implementation/intake/QA-NET-01/2026-10-09-external-context/verification/whole-phase-regression-02/subprocess/06/key-opens.jsonl
 create mode 100644 docs/implementation/intake/QA-NET-01/2026-10-09-external-context/verification/whole-phase-regression-02/subprocess/06/result.json
 create mode 100644 docs/implementation/intake/QA-NET-01/2026-10-09-external-context/verification/whole-phase-regression-02/subprocess/06/store-clock.txt
 create mode 100644 docs/implementation/intake/QA-NET-01/2026-10-09-external-context/verification/whole-phase-regression-02/subprocess/06/warm-stderr.log
 create mode 100644 docs/implementation/intake/QA-NET-01/2026-10-09-external-context/verification/whole-phase-regression-02/subprocess/06/warm-stdout.log
 create mode 100644 docs/implementation/intake/QA-NET-01/2026-10-09-external-context/verification/whole-phase-regression-02/subprocess/07/cold-stderr.log
 create mode 100644 docs/implementation/intake/QA-NET-01/2026-10-09-external-context/verification/whole-phase-regression-02/subprocess/07/cold-stdout.log
 create mode 100644 docs/implementation/intake/QA-NET-01/2026-10-09-external-context/verification/whole-phase-regression-02/subprocess/07/external-child-http.jsonl
 create mode 100644 docs/implementation/intake/QA-NET-01/2026-10-09-external-context/verification/whole-phase-regression-02/subprocess/07/guard/sitecustomize.py
 create mode 100644 docs/implementation/intake/QA-NET-01/2026-10-09-external-context/verification/whole-phase-regression-02/subprocess/07/key-opens.jsonl
 create mode 100644 docs/implementation/intake/QA-NET-01/2026-10-09-external-context/verification/whole-phase-regression-02/subprocess/07/result.json
 create mode 100644 docs/implementation/intake/QA-NET-01/2026-10-09-external-context/verification/whole-phase-regression-02/subprocess/07/store-clock.txt
 create mode 100644 docs/implementation/intake/QA-NET-01/2026-10-09-external-context/verification/whole-phase-regression-02/subprocess/07/warm-stderr.log
 create mode 100644 docs/implementation/intake/QA-NET-01/2026-10-09-external-context/verification/whole-phase-regression-02/subprocess/07/warm-stdout.log
 create mode 100644 docs/implementation/intake/QA-NET-01/2026-10-09-external-context/verification/whole-phase-regression-02/subprocess/08/cold-stderr.log
 create mode 100644 docs/implementation/intake/QA-NET-01/2026-10-09-external-context/verification/whole-phase-regression-02/subprocess/08/cold-stdout.log
 create mode 100644 docs/implementation/intake/QA-NET-01/2026-10-09-external-context/verification/whole-phase-regression-02/subprocess/08/external-child-http.jsonl
 create mode 100644 docs/implementation/intake/QA-NET-01/2026-10-09-external-context/verification/whole-phase-regression-02/subprocess/08/guard/sitecustomize.py
 create mode 100644 docs/implementation/intake/QA-NET-01/2026-10-09-external-context/verification/whole-phase-regression-02/subprocess/08/key-opens.jsonl
 create mode 100644 docs/implementation/intake/QA-NET-01/2026-10-09-external-context/verification/whole-phase-regression-02/subprocess/08/result.json
 create mode 100644 docs/implementation/intake/QA-NET-01/2026-10-09-external-context/verification/whole-phase-regression-02/subprocess/08/seal-stderr.log
 create mode 100644 docs/implementation/intake/QA-NET-01/2026-10-09-external-context/verification/whole-phase-regression-02/subprocess/08/seal-stdout.log
 create mode 100644 docs/implementation/intake/QA-NET-01/2026-10-09-external-context/verification/whole-phase-regression-02/subprocess/08/store-clock.txt
 create mode 100644 docs/implementation/intake/QA-NET-01/2026-10-09-external-context/verification/whole-phase-regression-02/subprocess/08/warm-stderr.log
 create mode 100644 docs/implementation/intake/QA-NET-01/2026-10-09-external-context/verification/whole-phase-regression-02/subprocess/08/warm-stdout.log
 create mode 100644 docs/implementation/intake/QA-NET-01/2026-10-09-external-context/verification/whole-phase-regression-02/subprocess/09/cold-stderr.log
 create mode 100644 docs/implementation/intake/QA-NET-01/2026-10-09-external-context/verification/whole-phase-regression-02/subprocess/09/cold-stdout.log
 create mode 100644 docs/implementation/intake/QA-NET-01/2026-10-09-external-context/verification/whole-phase-regression-02/subprocess/09/external-child-http.jsonl
 create mode 100644 docs/implementation/intake/QA-NET-01/2026-10-09-external-context/verification/whole-phase-regression-02/subprocess/09/guard/sitecustomize.py
 create mode 100644 docs/implementation/intake/QA-NET-01/2026-10-09-external-context/verification/whole-phase-regression-02/subprocess/09/key-opens.jsonl
 create mode 100644 docs/implementation/intake/QA-NET-01/2026-10-09-external-context/verification/whole-phase-regression-02/subprocess/09/result.json
 create mode 100644 docs/implementation/intake/QA-NET-01/2026-10-09-external-context/verification/whole-phase-regression-02/subprocess/09/seal-stderr.log
 create mode 100644 docs/implementation/intake/QA-NET-01/2026-10-09-external-context/verification/whole-phase-regression-02/subprocess/09/seal-stdout.log
 create mode 100644 docs/implementation/intake/QA-NET-01/2026-10-09-external-context/verification/whole-phase-regression-02/subprocess/09/store-clock.txt
 create mode 100644 docs/implementation/intake/QA-NET-01/2026-10-09-external-context/verification/whole-phase-regression-02/subprocess/09/warm-stderr.log
 create mode 100644 docs/implementation/intake/QA-NET-01/2026-10-09-external-context/verification/whole-phase-regression-02/subprocess/09/warm-stdout.log
 create mode 100644 docs/implementation/intake/QA-NET-01/2026-10-09-external-context/verification/whole-phase-regression-02/subprocess/10/cold-stderr.log
 create mode 100644 docs/implementation/intake/QA-NET-01/2026-10-09-external-context/verification/whole-phase-regression-02/subprocess/10/cold-stdout.log
 create mode 100644 docs/implementation/intake/QA-NET-01/2026-10-09-external-context/verification/whole-phase-regression-02/subprocess/10/external-child-http.jsonl
 create mode 100644 docs/implementation/intake/QA-NET-01/2026-10-09-external-context/verification/whole-phase-regression-02/subprocess/10/guard/sitecustomize.py
 create mode 100644 docs/implementation/intake/QA-NET-01/2026-10-09-external-context/verification/whole-phase-regression-02/subprocess/10/key-opens.jsonl
 create mode 100644 docs/implementation/intake/QA-NET-01/2026-10-09-external-context/verification/whole-phase-regression-02/subprocess/10/result.json
 create mode 100644 docs/implementation/intake/QA-NET-01/2026-10-09-external-context/verification/whole-phase-regression-02/subprocess/10/seal-stderr.log
 create mode 100644 docs/implementation/intake/QA-NET-01/2026-10-09-external-context/verification/whole-phase-regression-02/subprocess/10/seal-stdout.log
 create mode 100644 docs/implementation/intake/QA-NET-01/2026-10-09-external-context/verification/whole-phase-regression-02/subprocess/10/store-clock.txt
 create mode 100644 docs/implementation/intake/QA-NET-01/2026-10-09-external-context/verification/whole-phase-regression-02/subprocess/10/warm-stderr.log
 create mode 100644 docs/implementation/intake/QA-NET-01/2026-10-09-external-context/verification/whole-phase-regression-02/subprocess/10/warm-stdout.log
 create mode 100644 docs/implementation/intake/QA-NET-01/2026-10-09-external-context/verification/whole-phase-regression-02/subprocess/11/guard/sitecustomize.py
 create mode 100644 docs/implementation/intake/QA-NET-01/2026-10-09-external-context/verification/whole-phase-regression-02/subprocess/11/key-opens.jsonl
 create mode 100644 docs/implementation/intake/QA-NET-01/2026-10-09-external-context/verification/whole-phase-regression-02/subprocess/11/missing-key-stderr.log
 create mode 100644 docs/implementation/intake/QA-NET-01/2026-10-09-external-context/verification/whole-phase-regression-02/subprocess/11/missing-key-stdout.log
 create mode 100644 docs/implementation/intake/QA-NET-01/2026-10-09-external-context/verification/whole-phase-regression-02/subprocess/11/result.json
 create mode 100644 docs/implementation/intake/QA-NET-01/2026-10-09-external-context/verification/whole-phase-regression-02/subprocess/11/store-clock.txt
 create mode 100644 docs/implementation/intake/QA-NET-01/2026-10-09-external-context/verification/whole-phase-regression-02/subprocess/12/guard/sitecustomize.py
 create mode 100644 docs/implementation/intake/QA-NET-01/2026-10-09-external-context/verification/whole-phase-regression-02/subprocess/12/key-opens.jsonl
 create mode 100644 docs/implementation/intake/QA-NET-01/2026-10-09-external-context/verification/whole-phase-regression-02/subprocess/12/missing-key-stderr.log
 create mode 100644 docs/implementation/intake/QA-NET-01/2026-10-09-external-context/verification/whole-phase-regression-02/subprocess/12/missing-key-stdout.log
 create mode 100644 docs/implementation/intake/QA-NET-01/2026-10-09-external-context/verification/whole-phase-regression-02/subprocess/12/result.json
 create mode 100644 docs/implementation/intake/QA-NET-01/2026-10-09-external-context/verification/whole-phase-regression-02/subprocess/12/store-clock.txt
 create mode 100644 docs/implementation/intake/QA-NET-01/2026-10-09-external-context/verification/whole-phase-regression-02/subprocess/13/child-barrier.json
 create mode 100644 docs/implementation/intake/QA-NET-01/2026-10-09-external-context/verification/whole-phase-regression-02/subprocess/13/external-child-http.jsonl
 create mode 100644 docs/implementation/intake/QA-NET-01/2026-10-09-external-context/verification/whole-phase-regression-02/subprocess/13/guard/sitecustomize.py
 create mode 100644 docs/implementation/intake/QA-NET-01/2026-10-09-external-context/verification/whole-phase-regression-02/subprocess/13/key-opens.jsonl
 create mode 100644 docs/implementation/intake/QA-NET-01/2026-10-09-external-context/verification/whole-phase-regression-02/subprocess/13/killed-stderr.log
 create mode 100644 docs/implementation/intake/QA-NET-01/2026-10-09-external-context/verification/whole-phase-regression-02/subprocess/13/killed-stdout.log
 create mode 100644 docs/implementation/intake/QA-NET-01/2026-10-09-external-context/verification/whole-phase-regression-02/subprocess/13/result.json
 create mode 100644 docs/implementation/intake/QA-NET-01/2026-10-09-external-context/verification/whole-phase-regression-02/subprocess/13/resumed-stderr.log
 create mode 100644 docs/implementation/intake/QA-NET-01/2026-10-09-external-context/verification/whole-phase-regression-02/subprocess/13/resumed-stdout.log
 create mode 100644 docs/implementation/intake/QA-NET-01/2026-10-09-external-context/verification/whole-phase-regression-02/subprocess/13/store-clock.txt
 create mode 100644 docs/implementation/intake/QA-NET-01/2026-10-09-external-context/verification/whole-phase-regression-02/subprocess/13/termination.json
 create mode 100644 docs/implementation/intake/QA-NET-01/2026-10-09-external-context/verification/whole-phase-regression-02/subprocess/14/child-barrier.json
 create mode 100644 docs/implementation/intake/QA-NET-01/2026-10-09-external-context/verification/whole-phase-regression-02/subprocess/14/external-child-http.jsonl
 create mode 100644 docs/implementation/intake/QA-NET-01/2026-10-09-external-context/verification/whole-phase-regression-02/subprocess/14/guard/sitecustomize.py
 create mode 100644 docs/implementation/intake/QA-NET-01/2026-10-09-external-context/verification/whole-phase-regression-02/subprocess/14/key-opens.jsonl
 create mode 100644 docs/implementation/intake/QA-NET-01/2026-10-09-external-context/verification/whole-phase-regression-02/subprocess/14/killed-stderr.log
 create mode 100644 docs/implementation/intake/QA-NET-01/2026-10-09-external-context/verification/whole-phase-regression-02/subprocess/14/killed-stdout.log
 create mode 100644 docs/implementation/intake/QA-NET-01/2026-10-09-external-context/verification/whole-phase-regression-02/subprocess/14/result.json
 create mode 100644 docs/implementation/intake/QA-NET-01/2026-10-09-external-context/verification/whole-phase-regression-02/subprocess/14/resumed-stderr.log
 create mode 100644 docs/implementation/intake/QA-NET-01/2026-10-09-external-context/verification/whole-phase-regression-02/subprocess/14/resumed-stdout.log
 create mode 100644 docs/implementation/intake/QA-NET-01/2026-10-09-external-context/verification/whole-phase-regression-02/subprocess/14/store-clock.txt
 create mode 100644 docs/implementation/intake/QA-NET-01/2026-10-09-external-context/verification/whole-phase-regression-02/subprocess/14/termination.json
 create mode 100644 docs/implementation/intake/QA-NET-01/2026-10-09-external-context/verification/whole-phase-regression-02/subprocess/15/child-barrier.json
 create mode 100644 docs/implementation/intake/QA-NET-01/2026-10-09-external-context/verification/whole-phase-regression-02/subprocess/15/external-child-http.jsonl
 create mode 100644 docs/implementation/intake/QA-NET-01/2026-10-09-external-context/verification/whole-phase-regression-02/subprocess/15/guard/sitecustomize.py
 create mode 100644 docs/implementation/intake/QA-NET-01/2026-10-09-external-context/verification/whole-phase-regression-02/subprocess/15/key-opens.jsonl
 create mode 100644 docs/implementation/intake/QA-NET-01/2026-10-09-external-context/verification/whole-phase-regression-02/subprocess/15/killed-stderr.log
 create mode 100644 docs/implementation/intake/QA-NET-01/2026-10-09-external-context/verification/whole-phase-regression-02/subprocess/15/killed-stdout.log
 create mode 100644 docs/implementation/intake/QA-NET-01/2026-10-09-external-context/verification/whole-phase-regression-02/subprocess/15/result.json
 create mode 100644 docs/implementation/intake/QA-NET-01/2026-10-09-external-context/verification/whole-phase-regression-02/subprocess/15/store-clock.txt
 create mode 100644 docs/implementation/intake/QA-NET-01/2026-10-09-external-context/verification/whole-phase-regression-02/subprocess/15/termination.json
 create mode 100644 docs/implementation/intake/QA-NET-01/2026-10-09-external-context/verification/whole-phase-regression-02/subprocess/15/unknown-reopen-stderr.log
 create mode 100644 docs/implementation/intake/QA-NET-01/2026-10-09-external-context/verification/whole-phase-regression-02/subprocess/15/unknown-reopen-stdout.log
 create mode 100644 docs/implementation/intake/QA-NET-01/2026-10-09-external-context/verification/whole-phase-regression-02/subprocess/16/child-barrier.json
 create mode 100644 docs/implementation/intake/QA-NET-01/2026-10-09-external-context/verification/whole-phase-regression-02/subprocess/16/external-child-http.jsonl
 create mode 100644 docs/implementation/intake/QA-NET-01/2026-10-09-external-context/verification/whole-phase-regression-02/subprocess/16/guard/sitecustomize.py
 create mode 100644 docs/implementation/intake/QA-NET-01/2026-10-09-external-context/verification/whole-phase-regression-02/subprocess/16/key-opens.jsonl
 create mode 100644 docs/implementation/intake/QA-NET-01/2026-10-09-external-context/verification/whole-phase-regression-02/subprocess/16/killed-stderr.log
 create mode 100644 docs/implementation/intake/QA-NET-01/2026-10-09-external-context/verification/whole-phase-regression-02/subprocess/16/killed-stdout.log
 create mode 100644 docs/implementation/intake/QA-NET-01/2026-10-09-external-context/verification/whole-phase-regression-02/subprocess/16/result.json
 create mode 100644 docs/implementation/intake/QA-NET-01/2026-10-09-external-context/verification/whole-phase-regression-02/subprocess/16/resumed-stderr.log
 create mode 100644 docs/implementation/intake/QA-NET-01/2026-10-09-external-context/verification/whole-phase-regression-02/subprocess/16/resumed-stdout.log
 create mode 100644 docs/implementation/intake/QA-NET-01/2026-10-09-external-context/verification/whole-phase-regression-02/subprocess/16/store-clock.txt
 create mode 100644 docs/implementation/intake/QA-NET-01/2026-10-09-external-context/verification/whole-phase-regression-02/subprocess/16/termination.json
 create mode 100644 docs/implementation/intake/QA-NET-01/2026-10-09-external-context/verification/whole-phase-regression-02/subprocess/17/child-barrier.json
 create mode 100644 docs/implementation/intake/QA-NET-01/2026-10-09-external-context/verification/whole-phase-regression-02/subprocess/17/external-child-http.jsonl
 create mode 100644 docs/implementation/intake/QA-NET-01/2026-10-09-external-context/verification/whole-phase-regression-02/subprocess/17/guard/sitecustomize.py
 create mode 100644 docs/implementation/intake/QA-NET-01/2026-10-09-external-context/verification/whole-phase-regression-02/subprocess/17/key-opens.jsonl
 create mode 100644 docs/implementation/intake/QA-NET-01/2026-10-09-external-context/verification/whole-phase-regression-02/subprocess/17/killed-stderr.log
 create mode 100644 docs/implementation/intake/QA-NET-01/2026-10-09-external-context/verification/whole-phase-regression-02/subprocess/17/killed-stdout.log
 create mode 100644 docs/implementation/intake/QA-NET-01/2026-10-09-external-context/verification/whole-phase-regression-02/subprocess/17/result.json
 create mode 100644 docs/implementation/intake/QA-NET-01/2026-10-09-external-context/verification/whole-phase-regression-02/subprocess/17/resumed-stderr.log
 create mode 100644 docs/implementation/intake/QA-NET-01/2026-10-09-external-context/verification/whole-phase-regression-02/subprocess/17/resumed-stdout.log
 create mode 100644 docs/implementation/intake/QA-NET-01/2026-10-09-external-context/verification/whole-phase-regression-02/subprocess/17/store-clock.txt
 create mode 100644 docs/implementation/intake/QA-NET-01/2026-10-09-external-context/verification/whole-phase-regression-02/subprocess/17/termination.json
 create mode 100644 docs/implementation/intake/QA-NET-01/2026-10-09-external-context/verification/whole-phase-regression-02/subprocess/18/child-barrier.json
 create mode 100644 docs/implementation/intake/QA-NET-01/2026-10-09-external-context/verification/whole-phase-regression-02/subprocess/18/external-child-http.jsonl
 create mode 100644 docs/implementation/intake/QA-NET-01/2026-10-09-external-context/verification/whole-phase-regression-02/subprocess/18/guard/sitecustomize.py
 create mode 100644 docs/implementation/intake/QA-NET-01/2026-10-09-external-context/verification/whole-phase-regression-02/subprocess/18/key-opens.jsonl
 create mode 100644 docs/implementation/intake/QA-NET-01/2026-10-09-external-context/verification/whole-phase-regression-02/subprocess/18/killed-stderr.log
 create mode 100644 docs/implementation/intake/QA-NET-01/2026-10-09-external-context/verification/whole-phase-regression-02/subprocess/18/killed-stdout.log
 create mode 100644 docs/implementation/intake/QA-NET-01/2026-10-09-external-context/verification/whole-phase-regression-02/subprocess/18/result.json
 create mode 100644 docs/implementation/intake/QA-NET-01/2026-10-09-external-context/verification/whole-phase-regression-02/subprocess/18/resumed-stderr.log
 create mode 100644 docs/implementation/intake/QA-NET-01/2026-10-09-external-context/verification/whole-phase-regression-02/subprocess/18/resumed-stdout.log
 create mode 100644 docs/implementation/intake/QA-NET-01/2026-10-09-external-context/verification/whole-phase-regression-02/subprocess/18/store-clock.txt
 create mode 100644 docs/implementation/intake/QA-NET-01/2026-10-09-external-context/verification/whole-phase-regression-02/subprocess/18/termination.json
 create mode 100644 docs/implementation/intake/QA-NET-01/2026-10-09-external-context/verification/whole-phase-regression-02/subprocess/19/child-barrier.json
 create mode 100644 docs/implementation/intake/QA-NET-01/2026-10-09-external-context/verification/whole-phase-regression-02/subprocess/19/external-child-http.jsonl
 create mode 100644 docs/implementation/intake/QA-NET-01/2026-10-09-external-context/verification/whole-phase-regression-02/subprocess/19/guard/sitecustomize.py
 create mode 100644 docs/implementation/intake/QA-NET-01/2026-10-09-external-context/verification/whole-phase-regression-02/subprocess/19/key-opens.jsonl
 create mode 100644 docs/implementation/intake/QA-NET-01/2026-10-09-external-context/verification/whole-phase-regression-02/subprocess/19/killed-stderr.log
 create mode 100644 docs/implementation/intake/QA-NET-01/2026-10-09-external-context/verification/whole-phase-regression-02/subprocess/19/killed-stdout.log
 create mode 100644 docs/implementation/intake/QA-NET-01/2026-10-09-external-context/verification/whole-phase-regression-02/subprocess/19/result.json
 create mode 100644 docs/implementation/intake/QA-NET-01/2026-10-09-external-context/verification/whole-phase-regression-02/subprocess/19/store-clock.txt
 create mode 100644 docs/implementation/intake/QA-NET-01/2026-10-09-external-context/verification/whole-phase-regression-02/subprocess/19/termination.json
 create mode 100644 docs/implementation/intake/QA-NET-01/2026-10-09-external-context/verification/whole-phase-regression-02/subprocess/19/unknown-reopen-stderr.log
 create mode 100644 docs/implementation/intake/QA-NET-01/2026-10-09-external-context/verification/whole-phase-regression-02/subprocess/19/unknown-reopen-stdout.log
 create mode 100644 docs/implementation/intake/QA-NET-01/2026-10-09-external-context/verification/whole-phase-regression-02/subprocess/20/child-barrier.json
 create mode 100644 docs/implementation/intake/QA-NET-01/2026-10-09-external-context/verification/whole-phase-regression-02/subprocess/20/external-child-http.jsonl
 create mode 100644 docs/implementation/intake/QA-NET-01/2026-10-09-external-context/verification/whole-phase-regression-02/subprocess/20/guard/sitecustomize.py
 create mode 100644 docs/implementation/intake/QA-NET-01/2026-10-09-external-context/verification/whole-phase-regression-02/subprocess/20/key-opens.jsonl
 create mode 100644 docs/implementation/intake/QA-NET-01/2026-10-09-external-context/verification/whole-phase-regression-02/subprocess/20/killed-stderr.log
 create mode 100644 docs/implementation/intake/QA-NET-01/2026-10-09-external-context/verification/whole-phase-regression-02/subprocess/20/killed-stdout.log
 create mode 100644 docs/implementation/intake/QA-NET-01/2026-10-09-external-context/verification/whole-phase-regression-02/subprocess/20/result.json
 create mode 100644 docs/implementation/intake/QA-NET-01/2026-10-09-external-context/verification/whole-phase-regression-02/subprocess/20/store-clock.txt
 create mode 100644 docs/implementation/intake/QA-NET-01/2026-10-09-external-context/verification/whole-phase-regression-02/subprocess/20/termination.json
 create mode 100644 docs/implementation/intake/QA-NET-01/2026-10-09-external-context/verification/whole-phase-regression-02/subprocess/20/unknown-reopen-stderr.log
 create mode 100644 docs/implementation/intake/QA-NET-01/2026-10-09-external-context/verification/whole-phase-regression-02/subprocess/20/unknown-reopen-stdout.log
 create mode 100644 docs/implementation/intake/QA-NET-01/2026-10-09-external-context/verification/whole-phase-regression-02/subprocess/21/child-barrier.json
 create mode 100644 docs/implementation/intake/QA-NET-01/2026-10-09-external-context/verification/whole-phase-regression-02/subprocess/21/external-child-http.jsonl
 create mode 100644 docs/implementation/intake/QA-NET-01/2026-10-09-external-context/verification/whole-phase-regression-02/subprocess/21/guard/sitecustomize.py
 create mode 100644 docs/implementation/intake/QA-NET-01/2026-10-09-external-context/verification/whole-phase-regression-02/subprocess/21/key-opens.jsonl
 create mode 100644 docs/implementation/intake/QA-NET-01/2026-10-09-external-context/verification/whole-phase-regression-02/subprocess/21/killed-stderr.log
 create mode 100644 docs/implementation/intake/QA-NET-01/2026-10-09-external-context/verification/whole-phase-regression-02/subprocess/21/killed-stdout.log
 create mode 100644 docs/implementation/intake/QA-NET-01/2026-10-09-external-context/verification/whole-phase-regression-02/subprocess/21/result.json
 create mode 100644 docs/implementation/intake/QA-NET-01/2026-10-09-external-context/verification/whole-phase-regression-02/subprocess/21/store-clock.txt
 create mode 100644 docs/implementation/intake/QA-NET-01/2026-10-09-external-context/verification/whole-phase-regression-02/subprocess/21/termination.json
 create mode 100644 docs/implementation/intake/QA-NET-01/2026-10-09-external-context/verification/whole-phase-regression-02/subprocess/21/unknown-reopen-stderr.log
 create mode 100644 docs/implementation/intake/QA-NET-01/2026-10-09-external-context/verification/whole-phase-regression-02/subprocess/21/unknown-reopen-stdout.log
 create mode 100644 docs/implementation/intake/QA-NET-01/2026-10-09-external-context/verification/whole-phase-regression-02/subprocess/22/child-barrier.json
 create mode 100644 docs/implementation/intake/QA-NET-01/2026-10-09-external-context/verification/whole-phase-regression-02/subprocess/22/external-child-http.jsonl
 create mode 100644 docs/implementation/intake/QA-NET-01/2026-10-09-external-context/verification/whole-phase-regression-02/subprocess/22/guard/sitecustomize.py
 create mode 100644 docs/implementation/intake/QA-NET-01/2026-10-09-external-context/verification/whole-phase-regression-02/subprocess/22/key-opens.jsonl
 create mode 100644 docs/implementation/intake/QA-NET-01/2026-10-09-external-context/verification/whole-phase-regression-02/subprocess/22/killed-stderr.log
 create mode 100644 docs/implementation/intake/QA-NET-01/2026-10-09-external-context/verification/whole-phase-regression-02/subprocess/22/killed-stdout.log
 create mode 100644 docs/implementation/intake/QA-NET-01/2026-10-09-external-context/verification/whole-phase-regression-02/subprocess/22/result.json
 create mode 100644 docs/implementation/intake/QA-NET-01/2026-10-09-external-context/verification/whole-phase-regression-02/subprocess/22/store-clock.txt
 create mode 100644 docs/implementation/intake/QA-NET-01/2026-10-09-external-context/verification/whole-phase-regression-02/subprocess/22/termination.json
 create mode 100644 docs/implementation/intake/QA-NET-01/2026-10-09-external-context/verification/whole-phase-regression-02/subprocess/22/unknown-reopen-stderr.log
 create mode 100644 docs/implementation/intake/QA-NET-01/2026-10-09-external-context/verification/whole-phase-regression-02/subprocess/22/unknown-reopen-stdout.log
 create mode 100644 docs/implementation/intake/QA-NET-01/2026-10-09-external-context/verification/whole-phase-regression-02/subprocess/23/child-barrier.json
 create mode 100644 docs/implementation/intake/QA-NET-01/2026-10-09-external-context/verification/whole-phase-regression-02/subprocess/23/external-child-http.jsonl
 create mode 100644 docs/implementation/intake/QA-NET-01/2026-10-09-external-context/verification/whole-phase-regression-02/subprocess/23/guard/sitecustomize.py
 create mode 100644 docs/implementation/intake/QA-NET-01/2026-10-09-external-context/verification/whole-phase-regression-02/subprocess/23/key-opens.jsonl
 create mode 100644 docs/implementation/intake/QA-NET-01/2026-10-09-external-context/verification/whole-phase-regression-02/subprocess/23/killed-stderr.log
 create mode 100644 docs/implementation/intake/QA-NET-01/2026-10-09-external-context/verification/whole-phase-regression-02/subprocess/23/killed-stdout.log
 create mode 100644 docs/implementation/intake/QA-NET-01/2026-10-09-external-context/verification/whole-phase-regression-02/subprocess/23/result.json
 create mode 100644 docs/implementation/intake/QA-NET-01/2026-10-09-external-context/verification/whole-phase-regression-02/subprocess/23/store-clock.txt
 create mode 100644 docs/implementation/intake/QA-NET-01/2026-10-09-external-context/verification/whole-phase-regression-02/subprocess/23/termination.json
 create mode 100644 docs/implementation/intake/QA-NET-01/2026-10-09-external-context/verification/whole-phase-regression-02/subprocess/23/unknown-reopen-stderr.log
 create mode 100644 docs/implementation/intake/QA-NET-01/2026-10-09-external-context/verification/whole-phase-regression-02/subprocess/23/unknown-reopen-stdout.log
 create mode 100644 docs/implementation/intake/QA-NET-01/2026-10-09-external-context/verification/whole-phase-regression-02/subprocess/24/result.json
 create mode 100644 docs/implementation/intake/QA-NET-01/2026-10-09-external-context/verification/whole-phase-regression-02/subprocess/25/result.json
 create mode 100644 docs/implementation/intake/QA-NET-01/2026-10-09-external-context/verification/whole-phase-regression-02/subprocess/26/result.json
 create mode 100644 docs/implementation/intake/QA-NET-01/2026-10-09-external-context/verification/whole-phase-regression-02/subprocess/27/result.json
 create mode 100644 docs/implementation/intake/QA-NET-01/2026-10-09-external-context/verification/whole-phase-regression-02/subprocess/28/result.json
 create mode 100644 docs/implementation/intake/QA-NET-01/2026-10-09-external-context/verification/whole-phase-regression-02/subprocess/29/result.json
 create mode 100644 docs/implementation/intake/QA-NET-01/2026-10-09-external-context/verification/whole-phase-regression-02/subprocess/30/result.json
 create mode 100644 docs/implementation/intake/QA-NET-01/2026-10-09-external-context/verification/whole-phase-regression-02/subprocess/31/result.json
 create mode 100644 docs/implementation/intake/QA-NET-01/2026-10-09-external-context/verification/whole-phase-regression-02/subprocess/32/result.json
 create mode 100644 docs/implementation/intake/QA-NET-01/2026-10-09-external-context/verification/whole-phase-regression-02/subprocess/33/result.json
 create mode 100644 docs/implementation/intake/QA-NET-01/2026-10-09-external-context/verification/whole-phase-regression-02/subprocess/index.json
 create mode 100644 docs/implementation/intake/QA-NET-01/2026-10-09-external-context/verification/whole-phase-review-green-01/executed-guard.py
 create mode 100644 docs/implementation/intake/QA-NET-01/2026-10-09-external-context/verification/whole-phase-review-green-01/executed-runner.py
 create mode 100644 docs/implementation/intake/QA-NET-01/2026-10-09-external-context/verification/whole-phase-review-green-01/executed-source/.gitignore
 create mode 100644 docs/implementation/intake/QA-NET-01/2026-10-09-external-context/verification/whole-phase-review-green-01/executed-source/src/config/quick_scan_model_resolution_v1_1.schema.json
 create mode 100644 docs/implementation/intake/QA-NET-01/2026-10-09-external-context/verification/whole-phase-review-green-01/executed-source/src/config/quick_scan_search_policy.py
 create mode 100644 docs/implementation/intake/QA-NET-01/2026-10-09-external-context/verification/whole-phase-review-green-01/executed-source/src/config/quick_scan_search_policy_v1_1.schema.json
 create mode 100644 docs/implementation/intake/QA-NET-01/2026-10-09-external-context/verification/whole-phase-review-green-01/executed-source/src/core/models.py
 create mode 100644 docs/implementation/intake/QA-NET-01/2026-10-09-external-context/verification/whole-phase-review-green-01/executed-source/src/core/qa_engine.py
 create mode 100644 docs/implementation/intake/QA-NET-01/2026-10-09-external-context/verification/whole-phase-review-green-01/executed-source/src/providers/async_llm_provider.py
 create mode 100644 docs/implementation/intake/QA-NET-01/2026-10-09-external-context/verification/whole-phase-review-green-01/executed-source/src/providers/base_llm_provider.py
 create mode 100644 docs/implementation/intake/QA-NET-01/2026-10-09-external-context/verification/whole-phase-review-green-01/executed-source/src/providers/external_search_parsers.py
 create mode 100644 docs/implementation/intake/QA-NET-01/2026-10-09-external-context/verification/whole-phase-review-green-01/executed-source/src/providers/external_search_provider.py
 create mode 100644 docs/implementation/intake/QA-NET-01/2026-10-09-external-context/verification/whole-phase-review-green-01/executed-source/src/providers/llm_client.py
 create mode 100644 docs/implementation/intake/QA-NET-01/2026-10-09-external-context/verification/whole-phase-review-green-01/executed-source/src/providers/llm_provider.py
 create mode 100644 docs/implementation/intake/QA-NET-01/2026-10-09-external-context/verification/whole-phase-review-green-01/executed-source/src/providers/model_resolution.py
 create mode 100644 docs/implementation/intake/QA-NET-01/2026-10-09-external-context/verification/whole-phase-review-green-01/executed-source/src/providers/search_capability.py
 create mode 100644 docs/implementation/intake/QA-NET-01/2026-10-09-external-context/verification/whole-phase-review-green-01/executed-source/src/runners/llm_runner.py
 create mode 100644 docs/implementation/intake/QA-NET-01/2026-10-09-external-context/verification/whole-phase-review-green-01/executed-source/src/utils/http_client.py
 create mode 100644 docs/implementation/intake/QA-NET-01/2026-10-09-external-context/verification/whole-phase-review-green-01/executed-source/src/utils/llm_integration.py
 create mode 100644 docs/implementation/intake/QA-NET-01/2026-10-09-external-context/verification/whole-phase-review-green-01/executed-source/src/utils/quick_scan_c06_adapter.py
 create mode 100644 docs/implementation/intake/QA-NET-01/2026-10-09-external-context/verification/whole-phase-review-green-01/executed-source/src/utils/quick_scan_cost_resolver.py
 create mode 100644 docs/implementation/intake/QA-NET-01/2026-10-09-external-context/verification/whole-phase-review-green-01/executed-source/src/utils/quick_scan_evidence.py
 create mode 100644 docs/implementation/intake/QA-NET-01/2026-10-09-external-context/verification/whole-phase-review-green-01/executed-source/src/utils/quick_scan_external_context.py
 create mode 100644 docs/implementation/intake/QA-NET-01/2026-10-09-external-context/verification/whole-phase-review-green-01/executed-source/src/utils/quick_scan_external_journal.py
 create mode 100644 docs/implementation/intake/QA-NET-01/2026-10-09-external-context/verification/whole-phase-review-green-01/executed-source/src/utils/quick_scan_mcp_journal.py
 create mode 100644 docs/implementation/intake/QA-NET-01/2026-10-09-external-context/verification/whole-phase-review-green-01/executed-source/src/utils/quick_scan_observation_context.py
 create mode 100644 docs/implementation/intake/QA-NET-01/2026-10-09-external-context/verification/whole-phase-review-green-01/executed-source/src/utils/quick_scan_result_outbox.py
 create mode 100644 docs/implementation/intake/QA-NET-01/2026-10-09-external-context/verification/whole-phase-review-green-01/executed-source/src/utils/quick_scan_work_store.py
 create mode 100644 docs/implementation/intake/QA-NET-01/2026-10-09-external-context/verification/whole-phase-review-green-01/executed-source/src/utils/quick_scan_work_transport.py
 create mode 100644 docs/implementation/intake/QA-NET-01/2026-10-09-external-context/verification/whole-phase-review-green-01/executed-source/tests/integration/test_external_context_cli_e2e.py
 create mode 100644 docs/implementation/intake/QA-NET-01/2026-10-09-external-context/verification/whole-phase-review-green-01/executed-source/tests/unit/test_external_search_provider.py
 create mode 100644 docs/implementation/intake/QA-NET-01/2026-10-09-external-context/verification/whole-phase-review-green-01/executed-source/tests/unit/test_model_resolution.py
 create mode 100644 docs/implementation/intake/QA-NET-01/2026-10-09-external-context/verification/whole-phase-review-green-01/executed-source/tests/unit/test_qa_net01_c06_seal.py
 create mode 100644 docs/implementation/intake/QA-NET-01/2026-10-09-external-context/verification/whole-phase-review-green-01/executed-source/tests/unit/test_qa_net01_search_boundary.py
 create mode 100644 docs/implementation/intake/QA-NET-01/2026-10-09-external-context/verification/whole-phase-review-green-01/executed-source/tests/unit/test_quick_scan_budget.py
 create mode 100644 docs/implementation/intake/QA-NET-01/2026-10-09-external-context/verification/whole-phase-review-green-01/executed-source/tests/unit/test_quick_scan_c06_complete_seal.py
 create mode 100644 docs/implementation/intake/QA-NET-01/2026-10-09-external-context/verification/whole-phase-review-green-01/executed-source/tests/unit/test_quick_scan_external_context.py
 create mode 100644 docs/implementation/intake/QA-NET-01/2026-10-09-external-context/verification/whole-phase-review-green-01/executed-source/tests/unit/test_quick_scan_mcp.py
 create mode 100644 docs/implementation/intake/QA-NET-01/2026-10-09-external-context/verification/whole-phase-review-green-01/executed-source/tests/unit/test_quick_scan_work_store.py
 create mode 100644 docs/implementation/intake/QA-NET-01/2026-10-09-external-context/verification/whole-phase-review-green-01/junit.xml
 create mode 100644 docs/implementation/intake/QA-NET-01/2026-10-09-external-context/verification/whole-phase-review-green-01/process.json
 create mode 100644 docs/implementation/intake/QA-NET-01/2026-10-09-external-context/verification/whole-phase-review-green-01/stderr.log
 create mode 100644 docs/implementation/intake/QA-NET-01/2026-10-09-external-context/verification/whole-phase-review-green-01/stdout.log
 create mode 100644 docs/implementation/intake/QA-NET-01/2026-10-09-external-context/verification/whole-phase-review-red-01/executed-guard.py
 create mode 100644 docs/implementation/intake/QA-NET-01/2026-10-09-external-context/verification/whole-phase-review-red-01/executed-runner.py
 create mode 100644 docs/implementation/intake/QA-NET-01/2026-10-09-external-context/verification/whole-phase-review-red-01/executed-source/.gitignore
 create mode 100644 docs/implementation/intake/QA-NET-01/2026-10-09-external-context/verification/whole-phase-review-red-01/executed-source/src/config/quick_scan_model_resolution_v1_1.schema.json
 create mode 100644 docs/implementation/intake/QA-NET-01/2026-10-09-external-context/verification/whole-phase-review-red-01/executed-source/src/config/quick_scan_search_policy.py
 create mode 100644 docs/implementation/intake/QA-NET-01/2026-10-09-external-context/verification/whole-phase-review-red-01/executed-source/src/config/quick_scan_search_policy_v1_1.schema.json
 create mode 100644 docs/implementation/intake/QA-NET-01/2026-10-09-external-context/verification/whole-phase-review-red-01/executed-source/src/core/models.py
 create mode 100644 docs/implementation/intake/QA-NET-01/2026-10-09-external-context/verification/whole-phase-review-red-01/executed-source/src/core/qa_engine.py
 create mode 100644 docs/implementation/intake/QA-NET-01/2026-10-09-external-context/verification/whole-phase-review-red-01/executed-source/src/providers/async_llm_provider.py
 create mode 100644 docs/implementation/intake/QA-NET-01/2026-10-09-external-context/verification/whole-phase-review-red-01/executed-source/src/providers/base_llm_provider.py
 create mode 100644 docs/implementation/intake/QA-NET-01/2026-10-09-external-context/verification/whole-phase-review-red-01/executed-source/src/providers/external_search_parsers.py
 create mode 100644 docs/implementation/intake/QA-NET-01/2026-10-09-external-context/verification/whole-phase-review-red-01/executed-source/src/providers/external_search_provider.py
 create mode 100644 docs/implementation/intake/QA-NET-01/2026-10-09-external-context/verification/whole-phase-review-red-01/executed-source/src/providers/llm_client.py
 create mode 100644 docs/implementation/intake/QA-NET-01/2026-10-09-external-context/verification/whole-phase-review-red-01/executed-source/src/providers/llm_provider.py
 create mode 100644 docs/implementation/intake/QA-NET-01/2026-10-09-external-context/verification/whole-phase-review-red-01/executed-source/src/providers/model_resolution.py
 create mode 100644 docs/implementation/intake/QA-NET-01/2026-10-09-external-context/verification/whole-phase-review-red-01/executed-source/src/providers/search_capability.py
 create mode 100644 docs/implementation/intake/QA-NET-01/2026-10-09-external-context/verification/whole-phase-review-red-01/executed-source/src/runners/llm_runner.py
 create mode 100644 docs/implementation/intake/QA-NET-01/2026-10-09-external-context/verification/whole-phase-review-red-01/executed-source/src/utils/http_client.py
 create mode 100644 docs/implementation/intake/QA-NET-01/2026-10-09-external-context/verification/whole-phase-review-red-01/executed-source/src/utils/llm_integration.py
 create mode 100644 docs/implementation/intake/QA-NET-01/2026-10-09-external-context/verification/whole-phase-review-red-01/executed-source/src/utils/quick_scan_c06_adapter.py
 create mode 100644 docs/implementation/intake/QA-NET-01/2026-10-09-external-context/verification/whole-phase-review-red-01/executed-source/src/utils/quick_scan_cost_resolver.py
 create mode 100644 docs/implementation/intake/QA-NET-01/2026-10-09-external-context/verification/whole-phase-review-red-01/executed-source/src/utils/quick_scan_evidence.py
 create mode 100644 docs/implementation/intake/QA-NET-01/2026-10-09-external-context/verification/whole-phase-review-red-01/executed-source/src/utils/quick_scan_external_context.py
 create mode 100644 docs/implementation/intake/QA-NET-01/2026-10-09-external-context/verification/whole-phase-review-red-01/executed-source/src/utils/quick_scan_external_journal.py
 create mode 100644 docs/implementation/intake/QA-NET-01/2026-10-09-external-context/verification/whole-phase-review-red-01/executed-source/src/utils/quick_scan_mcp_journal.py
 create mode 100644 docs/implementation/intake/QA-NET-01/2026-10-09-external-context/verification/whole-phase-review-red-01/executed-source/src/utils/quick_scan_observation_context.py
 create mode 100644 docs/implementation/intake/QA-NET-01/2026-10-09-external-context/verification/whole-phase-review-red-01/executed-source/src/utils/quick_scan_result_outbox.py
 create mode 100644 docs/implementation/intake/QA-NET-01/2026-10-09-external-context/verification/whole-phase-review-red-01/executed-source/src/utils/quick_scan_work_store.py
 create mode 100644 docs/implementation/intake/QA-NET-01/2026-10-09-external-context/verification/whole-phase-review-red-01/executed-source/src/utils/quick_scan_work_transport.py
 create mode 100644 docs/implementation/intake/QA-NET-01/2026-10-09-external-context/verification/whole-phase-review-red-01/executed-source/tests/integration/test_external_context_cli_e2e.py
 create mode 100644 docs/implementation/intake/QA-NET-01/2026-10-09-external-context/verification/whole-phase-review-red-01/executed-source/tests/unit/test_external_search_provider.py
 create mode 100644 docs/implementation/intake/QA-NET-01/2026-10-09-external-context/verification/whole-phase-review-red-01/executed-source/tests/unit/test_model_resolution.py
 create mode 100644 docs/implementation/intake/QA-NET-01/2026-10-09-external-context/verification/whole-phase-review-red-01/executed-source/tests/unit/test_qa_net01_c06_seal.py
 create mode 100644 docs/implementation/intake/QA-NET-01/2026-10-09-external-context/verification/whole-phase-review-red-01/executed-source/tests/unit/test_qa_net01_search_boundary.py
 create mode 100644 docs/implementation/intake/QA-NET-01/2026-10-09-external-context/verification/whole-phase-review-red-01/executed-source/tests/unit/test_quick_scan_budget.py
 create mode 100644 docs/implementation/intake/QA-NET-01/2026-10-09-external-context/verification/whole-phase-review-red-01/executed-source/tests/unit/test_quick_scan_c06_complete_seal.py
 create mode 100644 docs/implementation/intake/QA-NET-01/2026-10-09-external-context/verification/whole-phase-review-red-01/executed-source/tests/unit/test_quick_scan_external_context.py
 create mode 100644 docs/implementation/intake/QA-NET-01/2026-10-09-external-context/verification/whole-phase-review-red-01/executed-source/tests/unit/test_quick_scan_mcp.py
 create mode 100644 docs/implementation/intake/QA-NET-01/2026-10-09-external-context/verification/whole-phase-review-red-01/executed-source/tests/unit/test_quick_scan_work_store.py
 create mode 100644 docs/implementation/intake/QA-NET-01/2026-10-09-external-context/verification/whole-phase-review-red-01/junit.xml
 create mode 100644 docs/implementation/intake/QA-NET-01/2026-10-09-external-context/verification/whole-phase-review-red-01/process.json
 create mode 100644 docs/implementation/intake/QA-NET-01/2026-10-09-external-context/verification/whole-phase-review-red-01/stderr.log
 create mode 100644 docs/implementation/intake/QA-NET-01/2026-10-09-external-context/verification/whole-phase-review-red-01/stdout.log
 create mode 100644 docs/implementation/reviews/QA-NET-01/external-context-2026-10-09/cleanup.ps1
 create mode 100644 docs/implementation/reviews/QA-NET-01/external-context-2026-10-09/delivery.md
 create mode 100644 docs/implementation/reviews/QA-NET-01/external-context-2026-10-09/final-review-recheck.json
 create mode 100644 docs/implementation/reviews/QA-NET-01/external-context-2026-10-09/final-review-recheck.md
 create mode 100644 docs/implementation/reviews/QA-NET-01/external-context-2026-10-09/final-review.json
 create mode 100644 docs/implementation/reviews/QA-NET-01/external-context-2026-10-09/final-review.md
 create mode 100644 docs/implementation/reviews/QA-NET-01/external-context-2026-10-09/final_delivery.py
 create mode 100644 docs/implementation/reviews/QA-NET-01/external-context-2026-10-09/prepare_cleanup.py
 create mode 100644 docs/implementation/reviews/QA-NET-01/external-context-2026-10-09/publish_final.py
 create mode 100644 docs/implementation/reviews/QA-NET-01/external-context-2026-10-09/run_static.py
