StockWiki checks — mode=full
workspace root: C:\Users\郑曾波\Projects\invest-quick-scan\runs\w15a\sw
=== ruff ===
  $ C:\Miniconda\python.exe -m ruff check stockwiki tests scripts
All checks passed!
PASS  ruff (0.3s)
=== validate-framework ===
  $ C:\Miniconda\python.exe -B -m stockwiki.cli --root C:\Users\郑曾波\Projects\invest-quick-scan\runs\w15a\sw validate-framework --static
[warning] stockwiki\quick_scan_backup.py: 模块 656 行（>600）：偏大，建议分解为 <600 行的子模块（诊断项，不阻断）
[warning] stockwiki\quick_scan_import.py: 模块 668 行（>600）：偏大，建议分解为 <600 行的子模块（诊断项，不阻断）
[warning] stockwiki\quick_scan_observations.py: 模块 771 行（>600）：偏大，建议分解为 <600 行的子模块（诊断项，不阻断）
[warning] stockwiki\quick_scan_store.py: 模块 972 行（>600）：偏大，建议分解为 <600 行的子模块（诊断项，不阻断）
Framework validation passed with 4 warning(s).
PASS  validate-framework (1.0s)
=== coverage-run ===
  $ C:\Miniconda\python.exe -B -m coverage run -m pytest -q
sssssssssssssssssFFFFFFFFFFFFFFFFFF.........FFF............F..FF........ [  6%]
........................................................................ [ 12%]
........................................................................ [ 18%]
.F.........................................EEEEEEEEEEE.................. [ 24%]
........................................................................ [ 30%]
..............................................................F......... [ 37%]
....FFFFFFFFF........................................s.................. [ 43%]
............................................................FF.......... [ 49%]
.................................................F..F.F................. [ 55%]
........................................................................ [ 61%]
....................................................F................... [ 67%]
.............................................................EF......... [ 74%]
..................EEE................................................... [ 80%]
..................................FF.................................... [ 86%]
.............................................FF.F..F.........FF......... [ 92%]
.....FE..F...........EEEEE.............................................. [ 98%]
.FFFFFFFFFFFF.                                                           [100%]
=================================== ERRORS ====================================
___ ERROR at setup of test_list_conditions_views_and_2000_entity_pagination ___

self = <playwright.sync_api._context_manager.PlaywrightContextManager object at 0x000001E6EDE28AD0>

    def __enter__(self) -> SyncPlaywright:
        try:
>           self._loop = asyncio.get_running_loop()
                         ^^^^^^^^^^^^^^^^^^^^^^^^^^
E           RuntimeError: no running event loop

C:\Miniconda\Lib\site-packages\playwright\sync_api\_context_manager.py:42: RuntimeError

During handling of the above exception, another exception occurred:

seeded_paths = WorkspacePaths(root=WindowsPath('C:/Users/郑曾波/Projects/invest-quick-scan/runs/w15a/sw/Users郑曾波Projectsinvest-quick-sca...jects/invest-quick-scan/runs/w15a/sw/Users郑曾波Projectsinvest-quick-scanrunsw15asw-full-test-tmp/qs-e2e-ws0/runs/state'))
tmp_path = WindowsPath('C:/Users/郑曾波/Projects/invest-quick-scan/runs/w15a/sw/Users郑曾波Projectsinvest-quick-scanrunsw15asw-full-test-tmp/test_list_conditions_views_and0')
monkeypatch = <_pytest.monkeypatch.MonkeyPatch object at 0x000001E6EDB2F750>

    @pytest.fixture()
    def e2e(seeded_paths, tmp_path, monkeypatch):
        _no_network(monkeypatch)
        server = ThreadingHTTPServer(("127.0.0.1", 0), _make_handler(seeded_paths))
        server.daemon_threads = True
        port = server.server_address[1]
        threading.Thread(target=server.serve_forever, daemon=True).start()
        base = f"http://127.0.0.1:{port}"
    
        from playwright.sync_api import sync_playwright
    
        external: list[str] = []
        dialogs: list[str] = []
        page_errors: list[str] = []
        search_bodies: list[dict] = []
        local_requests: list[str] = []
>       with sync_playwright() as playwright:
             ^^^^^^^^^^^^^^^^^

tests\test_e2e_quick_scan_ui.py:318: 
_ _ _ _ _ _ _ _ _ _ _ _ _ _ _ _ _ _ _ _ _ _ _ _ _ _ _ _ _ _ _ _ _ _ _ _ _ _ _ _
C:\Miniconda\Lib\site-packages\playwright\sync_api\_context_manager.py:44: in __enter__
    self._loop = asyncio.new_event_loop()
                 ^^^^^^^^^^^^^^^^^^^^^^^^
C:\Miniconda\Lib\asyncio\events.py:837: in new_event_loop
    return get_event_loop_policy().new_event_loop()
           ^^^^^^^^^^^^^^^^^^^^^^^^^^^^^^^^^^^^^^^^
C:\Miniconda\Lib\asyncio\events.py:734: in new_event_loop
    return self._loop_factory()
           ^^^^^^^^^^^^^^^^^^^^
C:\Miniconda\Lib\asyncio\windows_events.py:316: in __init__
    super().__init__(proactor)
C:\Miniconda\Lib\asyncio\proactor_events.py:639: in __init__
    self._make_self_pipe()
C:\Miniconda\Lib\asyncio\proactor_events.py:786: in _make_self_pipe
    self._ssock, self._csock = socket.socketpair()
                               ^^^^^^^^^^^^^^^^^^^
C:\Miniconda\Lib\socket.py:623: in _fallback_socketpair
    csock.connect((addr, port))
tests\test_e2e_quick_scan_ui.py:60: in guarded
    return original(self, address)
           ^^^^^^^^^^^^^^^^^^^^^^^
_ _ _ _ _ _ _ _ _ _ _ _ _ _ _ _ _ _ _ _ _ _ _ _ _ _ _ _ _ _ _ _ _ _ _ _ _ _ _ _

args = (<socket.socket [closed] fd=-1, family=2, type=1, proto=0>, ('127.0.0.1', 49836))
kwargs = {}

>   def denied(*args, **kwargs): raise RuntimeError("W15 offline: network denied")
                                 ^^^^^^^^^^^^^^^^^^^^^^^^^^^^^^^^^^^^^^^^^^^^^^^^^
E   RuntimeError: W15 offline: network denied

sitecustomize.py:5: RuntimeError
---------------------------- Captured stdout setup ----------------------------
[e2e] seeded workspace in 24.5s: C:\Users\郑曾波\Projects\invest-quick-scan\runs\w15a\sw\Users郑曾波Projectsinvest-quick-scanrunsw15asw-full-test-tmp\qs-e2e-ws0
___ ERROR at setup of test_ticker_search_dedups_and_detail_shows_originals ____

self = <playwright.sync_api._context_manager.PlaywrightContextManager object at 0x000001E6EDE3A0D0>

    def __enter__(self) -> SyncPlaywright:
        try:
>           self._loop = asyncio.get_running_loop()
                         ^^^^^^^^^^^^^^^^^^^^^^^^^^
E           RuntimeError: no running event loop

C:\Miniconda\Lib\site-packages\playwright\sync_api\_context_manager.py:42: RuntimeError

During handling of the above exception, another exception occurred:

seeded_paths = WorkspacePaths(root=WindowsPath('C:/Users/郑曾波/Projects/invest-quick-scan/runs/w15a/sw/Users郑曾波Projectsinvest-quick-sca...jects/invest-quick-scan/runs/w15a/sw/Users郑曾波Projectsinvest-quick-scanrunsw15asw-full-test-tmp/qs-e2e-ws0/runs/state'))
tmp_path = WindowsPath('C:/Users/郑曾波/Projects/invest-quick-scan/runs/w15a/sw/Users郑曾波Projectsinvest-quick-scanrunsw15asw-full-test-tmp/test_ticker_search_dedups_and_0')
monkeypatch = <_pytest.monkeypatch.MonkeyPatch object at 0x000001E6EE5BA150>

    @pytest.fixture()
    def e2e(seeded_paths, tmp_path, monkeypatch):
        _no_network(monkeypatch)
        server = ThreadingHTTPServer(("127.0.0.1", 0), _make_handler(seeded_paths))
        server.daemon_threads = True
        port = server.server_address[1]
        threading.Thread(target=server.serve_forever, daemon=True).start()
        base = f"http://127.0.0.1:{port}"
    
        from playwright.sync_api import sync_playwright
    
        external: list[str] = []
        dialogs: list[str] = []
        page_errors: list[str] = []
        search_bodies: list[dict] = []
        local_requests: list[str] = []
>       with sync_playwright() as playwright:
             ^^^^^^^^^^^^^^^^^

tests\test_e2e_quick_scan_ui.py:318: 
_ _ _ _ _ _ _ _ _ _ _ _ _ _ _ _ _ _ _ _ _ _ _ _ _ _ _ _ _ _ _ _ _ _ _ _ _ _ _ _
C:\Miniconda\Lib\site-packages\playwright\sync_api\_context_manager.py:44: in __enter__
    self._loop = asyncio.new_event_loop()
                 ^^^^^^^^^^^^^^^^^^^^^^^^
C:\Miniconda\Lib\asyncio\events.py:837: in new_event_loop
    return get_event_loop_policy().new_event_loop()
           ^^^^^^^^^^^^^^^^^^^^^^^^^^^^^^^^^^^^^^^^
C:\Miniconda\Lib\asyncio\events.py:734: in new_event_loop
    return self._loop_factory()
           ^^^^^^^^^^^^^^^^^^^^
C:\Miniconda\Lib\asyncio\windows_events.py:316: in __init__
    super().__init__(proactor)
C:\Miniconda\Lib\asyncio\proactor_events.py:639: in __init__
    self._make_self_pipe()
C:\Miniconda\Lib\asyncio\proactor_events.py:786: in _make_self_pipe
    self._ssock, self._csock = socket.socketpair()
                               ^^^^^^^^^^^^^^^^^^^
C:\Miniconda\Lib\socket.py:623: in _fallback_socketpair
    csock.connect((addr, port))
tests\test_e2e_quick_scan_ui.py:60: in guarded
    return original(self, address)
           ^^^^^^^^^^^^^^^^^^^^^^^
_ _ _ _ _ _ _ _ _ _ _ _ _ _ _ _ _ _ _ _ _ _ _ _ _ _ _ _ _ _ _ _ _ _ _ _ _ _ _ _

args = (<socket.socket [closed] fd=-1, family=2, type=1, proto=0>, ('127.0.0.1', 49838))
kwargs = {}

>   def denied(*args, **kwargs): raise RuntimeError("W15 offline: network denied")
                                 ^^^^^^^^^^^^^^^^^^^^^^^^^^^^^^^^^^^^^^^^^^^^^^^^^
E   RuntimeError: W15 offline: network denied

sitecustomize.py:5: RuntimeError
___ ERROR at setup of test_unknown_na_and_xss_entities_are_displayed_safely ___

self = <playwright.sync_api._context_manager.PlaywrightContextManager object at 0x000001E6D4B2C910>

    def __enter__(self) -> SyncPlaywright:
        try:
>           self._loop = asyncio.get_running_loop()
                         ^^^^^^^^^^^^^^^^^^^^^^^^^^
E           RuntimeError: no running event loop

C:\Miniconda\Lib\site-packages\playwright\sync_api\_context_manager.py:42: RuntimeError

During handling of the above exception, another exception occurred:

seeded_paths = WorkspacePaths(root=WindowsPath('C:/Users/郑曾波/Projects/invest-quick-scan/runs/w15a/sw/Users郑曾波Projectsinvest-quick-sca...jects/invest-quick-scan/runs/w15a/sw/Users郑曾波Projectsinvest-quick-scanrunsw15asw-full-test-tmp/qs-e2e-ws0/runs/state'))
tmp_path = WindowsPath('C:/Users/郑曾波/Projects/invest-quick-scan/runs/w15a/sw/Users郑曾波Projectsinvest-quick-scanrunsw15asw-full-test-tmp/test_unknown_na_and_xss_entiti0')
monkeypatch = <_pytest.monkeypatch.MonkeyPatch object at 0x000001E6EDF7C440>

    @pytest.fixture()
    def e2e(seeded_paths, tmp_path, monkeypatch):
        _no_network(monkeypatch)
        server = ThreadingHTTPServer(("127.0.0.1", 0), _make_handler(seeded_paths))
        server.daemon_threads = True
        port = server.server_address[1]
        threading.Thread(target=server.serve_forever, daemon=True).start()
        base = f"http://127.0.0.1:{port}"
    
        from playwright.sync_api import sync_playwright
    
        external: list[str] = []
        dialogs: list[str] = []
        page_errors: list[str] = []
        search_bodies: list[dict] = []
        local_requests: list[str] = []
>       with sync_playwright() as playwright:
             ^^^^^^^^^^^^^^^^^

tests\test_e2e_quick_scan_ui.py:318: 
_ _ _ _ _ _ _ _ _ _ _ _ _ _ _ _ _ _ _ _ _ _ _ _ _ _ _ _ _ _ _ _ _ _ _ _ _ _ _ _
C:\Miniconda\Lib\site-packages\playwright\sync_api\_context_manager.py:44: in __enter__
    self._loop = asyncio.new_event_loop()
                 ^^^^^^^^^^^^^^^^^^^^^^^^
C:\Miniconda\Lib\asyncio\events.py:837: in new_event_loop
    return get_event_loop_policy().new_event_loop()
           ^^^^^^^^^^^^^^^^^^^^^^^^^^^^^^^^^^^^^^^^
C:\Miniconda\Lib\asyncio\events.py:734: in new_event_loop
    return self._loop_factory()
           ^^^^^^^^^^^^^^^^^^^^
C:\Miniconda\Lib\asyncio\windows_events.py:316: in __init__
    super().__init__(proactor)
C:\Miniconda\Lib\asyncio\proactor_events.py:639: in __init__
    self._make_self_pipe()
C:\Miniconda\Lib\asyncio\proactor_events.py:786: in _make_self_pipe
    self._ssock, self._csock = socket.socketpair()
                               ^^^^^^^^^^^^^^^^^^^
C:\Miniconda\Lib\socket.py:623: in _fallback_socketpair
    csock.connect((addr, port))
tests\test_e2e_quick_scan_ui.py:60: in guarded
    return original(self, address)
           ^^^^^^^^^^^^^^^^^^^^^^^
_ _ _ _ _ _ _ _ _ _ _ _ _ _ _ _ _ _ _ _ _ _ _ _ _ _ _ _ _ _ _ _ _ _ _ _ _ _ _ _

args = (<socket.socket [closed] fd=-1, family=2, type=1, proto=0>, ('127.0.0.1', 49840))
kwargs = {}

>   def denied(*args, **kwargs): raise RuntimeError("W15 offline: network denied")
                                 ^^^^^^^^^^^^^^^^^^^^^^^^^^^^^^^^^^^^^^^^^^^^^^^^^
E   RuntimeError: W15 offline: network denied

sitecustomize.py:5: RuntimeError
_ ERROR at setup of test_narrow_viewport_keyboard_reload_and_back_keep_context _

self = <playwright.sync_api._context_manager.PlaywrightContextManager object at 0x000001E6EDD822C0>

    def __enter__(self) -> SyncPlaywright:
        try:
>           self._loop = asyncio.get_running_loop()
                         ^^^^^^^^^^^^^^^^^^^^^^^^^^
E           RuntimeError: no running event loop

C:\Miniconda\Lib\site-packages\playwright\sync_api\_context_manager.py:42: RuntimeError

During handling of the above exception, another exception occurred:

seeded_paths = WorkspacePaths(root=WindowsPath('C:/Users/郑曾波/Projects/invest-quick-scan/runs/w15a/sw/Users郑曾波Projectsinvest-quick-sca...jects/invest-quick-scan/runs/w15a/sw/Users郑曾波Projectsinvest-quick-scanrunsw15asw-full-test-tmp/qs-e2e-ws0/runs/state'))
tmp_path = WindowsPath('C:/Users/郑曾波/Projects/invest-quick-scan/runs/w15a/sw/Users郑曾波Projectsinvest-quick-scanrunsw15asw-full-test-tmp/test_narrow_viewport_keyboard_0')
monkeypatch = <_pytest.monkeypatch.MonkeyPatch object at 0x000001E6EDEBD780>

    @pytest.fixture()
    def e2e(seeded_paths, tmp_path, monkeypatch):
        _no_network(monkeypatch)
        server = ThreadingHTTPServer(("127.0.0.1", 0), _make_handler(seeded_paths))
        server.daemon_threads = True
        port = server.server_address[1]
        threading.Thread(target=server.serve_forever, daemon=True).start()
        base = f"http://127.0.0.1:{port}"
    
        from playwright.sync_api import sync_playwright
    
        external: list[str] = []
        dialogs: list[str] = []
        page_errors: list[str] = []
        search_bodies: list[dict] = []
        local_requests: list[str] = []
>       with sync_playwright() as playwright:
             ^^^^^^^^^^^^^^^^^

tests\test_e2e_quick_scan_ui.py:318: 
_ _ _ _ _ _ _ _ _ _ _ _ _ _ _ _ _ _ _ _ _ _ _ _ _ _ _ _ _ _ _ _ _ _ _ _ _ _ _ _
C:\Miniconda\Lib\site-packages\playwright\sync_api\_context_manager.py:44: in __enter__
    self._loop = asyncio.new_event_loop()
                 ^^^^^^^^^^^^^^^^^^^^^^^^
C:\Miniconda\Lib\asyncio\events.py:837: in new_event_loop
    return get_event_loop_policy().new_event_loop()
           ^^^^^^^^^^^^^^^^^^^^^^^^^^^^^^^^^^^^^^^^
C:\Miniconda\Lib\asyncio\events.py:734: in new_event_loop
    return self._loop_factory()
           ^^^^^^^^^^^^^^^^^^^^
C:\Miniconda\Lib\asyncio\windows_events.py:316: in __init__
    super().__init__(proactor)
C:\Miniconda\Lib\asyncio\proactor_events.py:639: in __init__
    self._make_self_pipe()
C:\Miniconda\Lib\asyncio\proactor_events.py:786: in _make_self_pipe
    self._ssock, self._csock = socket.socketpair()
                               ^^^^^^^^^^^^^^^^^^^
C:\Miniconda\Lib\socket.py:623: in _fallback_socketpair
    csock.connect((addr, port))
tests\test_e2e_quick_scan_ui.py:60: in guarded
    return original(self, address)
           ^^^^^^^^^^^^^^^^^^^^^^^
_ _ _ _ _ _ _ _ _ _ _ _ _ _ _ _ _ _ _ _ _ _ _ _ _ _ _ _ _ _ _ _ _ _ _ _ _ _ _ _

args = (<socket.socket [closed] fd=-1, family=2, type=1, proto=0>, ('127.0.0.1', 49842))
kwargs = {}

>   def denied(*args, **kwargs): raise RuntimeError("W15 offline: network denied")
                                 ^^^^^^^^^^^^^^^^^^^^^^^^^^^^^^^^^^^^^^^^^^^^^^^^^
E   RuntimeError: W15 offline: network denied

sitecustomize.py:5: RuntimeError
_________ ERROR at setup of test_browsing_is_offline_and_never_writes _________

self = <playwright.sync_api._context_manager.PlaywrightContextManager object at 0x000001E6D4980050>

    def __enter__(self) -> SyncPlaywright:
        try:
>           self._loop = asyncio.get_running_loop()
                         ^^^^^^^^^^^^^^^^^^^^^^^^^^
E           RuntimeError: no running event loop

C:\Miniconda\Lib\site-packages\playwright\sync_api\_context_manager.py:42: RuntimeError

During handling of the above exception, another exception occurred:

seeded_paths = WorkspacePaths(root=WindowsPath('C:/Users/郑曾波/Projects/invest-quick-scan/runs/w15a/sw/Users郑曾波Projectsinvest-quick-sca...jects/invest-quick-scan/runs/w15a/sw/Users郑曾波Projectsinvest-quick-scanrunsw15asw-full-test-tmp/qs-e2e-ws0/runs/state'))
tmp_path = WindowsPath('C:/Users/郑曾波/Projects/invest-quick-scan/runs/w15a/sw/Users郑曾波Projectsinvest-quick-scanrunsw15asw-full-test-tmp/test_browsing_is_offline_and_n0')
monkeypatch = <_pytest.monkeypatch.MonkeyPatch object at 0x000001E6EE5B5BE0>

    @pytest.fixture()
    def e2e(seeded_paths, tmp_path, monkeypatch):
        _no_network(monkeypatch)
        server = ThreadingHTTPServer(("127.0.0.1", 0), _make_handler(seeded_paths))
        server.daemon_threads = True
        port = server.server_address[1]
        threading.Thread(target=server.serve_forever, daemon=True).start()
        base = f"http://127.0.0.1:{port}"
    
        from playwright.sync_api import sync_playwright
    
        external: list[str] = []
        dialogs: list[str] = []
        page_errors: list[str] = []
        search_bodies: list[dict] = []
        local_requests: list[str] = []
>       with sync_playwright() as playwright:
             ^^^^^^^^^^^^^^^^^

tests\test_e2e_quick_scan_ui.py:318: 
_ _ _ _ _ _ _ _ _ _ _ _ _ _ _ _ _ _ _ _ _ _ _ _ _ _ _ _ _ _ _ _ _ _ _ _ _ _ _ _
C:\Miniconda\Lib\site-packages\playwright\sync_api\_context_manager.py:44: in __enter__
    self._loop = asyncio.new_event_loop()
                 ^^^^^^^^^^^^^^^^^^^^^^^^
C:\Miniconda\Lib\asyncio\events.py:837: in new_event_loop
    return get_event_loop_policy().new_event_loop()
           ^^^^^^^^^^^^^^^^^^^^^^^^^^^^^^^^^^^^^^^^
C:\Miniconda\Lib\asyncio\events.py:734: in new_event_loop
    return self._loop_factory()
           ^^^^^^^^^^^^^^^^^^^^
C:\Miniconda\Lib\asyncio\windows_events.py:316: in __init__
    super().__init__(proactor)
C:\Miniconda\Lib\asyncio\proactor_events.py:639: in __init__
    self._make_self_pipe()
C:\Miniconda\Lib\asyncio\proactor_events.py:786: in _make_self_pipe
    self._ssock, self._csock = socket.socketpair()
                               ^^^^^^^^^^^^^^^^^^^
C:\Miniconda\Lib\socket.py:623: in _fallback_socketpair
    csock.connect((addr, port))
tests\test_e2e_quick_scan_ui.py:60: in guarded
    return original(self, address)
           ^^^^^^^^^^^^^^^^^^^^^^^
_ _ _ _ _ _ _ _ _ _ _ _ _ _ _ _ _ _ _ _ _ _ _ _ _ _ _ _ _ _ _ _ _ _ _ _ _ _ _ _

args = (<socket.socket [closed] fd=-1, family=2, type=1, proto=0>, ('127.0.0.1', 49844))
kwargs = {}

>   def denied(*args, **kwargs): raise RuntimeError("W15 offline: network denied")
                                 ^^^^^^^^^^^^^^^^^^^^^^^^^^^^^^^^^^^^^^^^^^^^^^^^^
E   RuntimeError: W15 offline: network denied

sitecustomize.py:5: RuntimeError
_ ERROR at setup of test_browser_two_conditions_add_remove_and_or_and_leaf_change _

self = <playwright.sync_api._context_manager.PlaywrightContextManager object at 0x000001E6EDE22210>

    def __enter__(self) -> SyncPlaywright:
        try:
>           self._loop = asyncio.get_running_loop()
                         ^^^^^^^^^^^^^^^^^^^^^^^^^^
E           RuntimeError: no running event loop

C:\Miniconda\Lib\site-packages\playwright\sync_api\_context_manager.py:42: RuntimeError

During handling of the above exception, another exception occurred:

seeded_paths = WorkspacePaths(root=WindowsPath('C:/Users/郑曾波/Projects/invest-quick-scan/runs/w15a/sw/Users郑曾波Projectsinvest-quick-sca...jects/invest-quick-scan/runs/w15a/sw/Users郑曾波Projectsinvest-quick-scanrunsw15asw-full-test-tmp/qs-e2e-ws0/runs/state'))
tmp_path = WindowsPath('C:/Users/郑曾波/Projects/invest-quick-scan/runs/w15a/sw/Users郑曾波Projectsinvest-quick-scanrunsw15asw-full-test-tmp/test_browser_two_conditions_ad0')
monkeypatch = <_pytest.monkeypatch.MonkeyPatch object at 0x000001E6EE5B60B0>

    @pytest.fixture()
    def e2e(seeded_paths, tmp_path, monkeypatch):
        _no_network(monkeypatch)
        server = ThreadingHTTPServer(("127.0.0.1", 0), _make_handler(seeded_paths))
        server.daemon_threads = True
        port = server.server_address[1]
        threading.Thread(target=server.serve_forever, daemon=True).start()
        base = f"http://127.0.0.1:{port}"
    
        from playwright.sync_api import sync_playwright
    
        external: list[str] = []
        dialogs: list[str] = []
        page_errors: list[str] = []
        search_bodies: list[dict] = []
        local_requests: list[str] = []
>       with sync_playwright() as playwright:
             ^^^^^^^^^^^^^^^^^

tests\test_e2e_quick_scan_ui.py:318: 
_ _ _ _ _ _ _ _ _ _ _ _ _ _ _ _ _ _ _ _ _ _ _ _ _ _ _ _ _ _ _ _ _ _ _ _ _ _ _ _
C:\Miniconda\Lib\site-packages\playwright\sync_api\_context_manager.py:44: in __enter__
    self._loop = asyncio.new_event_loop()
                 ^^^^^^^^^^^^^^^^^^^^^^^^
C:\Miniconda\Lib\asyncio\events.py:837: in new_event_loop
    return get_event_loop_policy().new_event_loop()
           ^^^^^^^^^^^^^^^^^^^^^^^^^^^^^^^^^^^^^^^^
C:\Miniconda\Lib\asyncio\events.py:734: in new_event_loop
    return self._loop_factory()
           ^^^^^^^^^^^^^^^^^^^^
C:\Miniconda\Lib\asyncio\windows_events.py:316: in __init__
    super().__init__(proactor)
C:\Miniconda\Lib\asyncio\proactor_events.py:639: in __init__
    self._make_self_pipe()
C:\Miniconda\Lib\asyncio\proactor_events.py:786: in _make_self_pipe
    self._ssock, self._csock = socket.socketpair()
                               ^^^^^^^^^^^^^^^^^^^
C:\Miniconda\Lib\socket.py:623: in _fallback_socketpair
    csock.connect((addr, port))
tests\test_e2e_quick_scan_ui.py:60: in guarded
    return original(self, address)
           ^^^^^^^^^^^^^^^^^^^^^^^
_ _ _ _ _ _ _ _ _ _ _ _ _ _ _ _ _ _ _ _ _ _ _ _ _ _ _ _ _ _ _ _ _ _ _ _ _ _ _ _

args = (<socket.socket [closed] fd=-1, family=2, type=1, proto=0>, ('127.0.0.1', 49846))
kwargs = {}

>   def denied(*args, **kwargs): raise RuntimeError("W15 offline: network denied")
                                 ^^^^^^^^^^^^^^^^^^^^^^^^^^^^^^^^^^^^^^^^^^^^^^^^^
E   RuntimeError: W15 offline: network denied

sitecustomize.py:5: RuntimeError
_____ ERROR at setup of test_browser_conditions_can_be_added_and_removed ______

self = <playwright.sync_api._context_manager.PlaywrightContextManager object at 0x000001E6D4EC0AF0>

    def __enter__(self) -> SyncPlaywright:
        try:
>           self._loop = asyncio.get_running_loop()
                         ^^^^^^^^^^^^^^^^^^^^^^^^^^
E           RuntimeError: no running event loop

C:\Miniconda\Lib\site-packages\playwright\sync_api\_context_manager.py:42: RuntimeError

During handling of the above exception, another exception occurred:

seeded_paths = WorkspacePaths(root=WindowsPath('C:/Users/郑曾波/Projects/invest-quick-scan/runs/w15a/sw/Users郑曾波Projectsinvest-quick-sca...jects/invest-quick-scan/runs/w15a/sw/Users郑曾波Projectsinvest-quick-scanrunsw15asw-full-test-tmp/qs-e2e-ws0/runs/state'))
tmp_path = WindowsPath('C:/Users/郑曾波/Projects/invest-quick-scan/runs/w15a/sw/Users郑曾波Projectsinvest-quick-scanrunsw15asw-full-test-tmp/test_browser_conditions_can_be0')
monkeypatch = <_pytest.monkeypatch.MonkeyPatch object at 0x000001E6EE5B6890>

    @pytest.fixture()
    def e2e(seeded_paths, tmp_path, monkeypatch):
        _no_network(monkeypatch)
        server = ThreadingHTTPServer(("127.0.0.1", 0), _make_handler(seeded_paths))
        server.daemon_threads = True
        port = server.server_address[1]
        threading.Thread(target=server.serve_forever, daemon=True).start()
        base = f"http://127.0.0.1:{port}"
    
        from playwright.sync_api import sync_playwright
    
        external: list[str] = []
        dialogs: list[str] = []
        page_errors: list[str] = []
        search_bodies: list[dict] = []
        local_requests: list[str] = []
>       with sync_playwright() as playwright:
             ^^^^^^^^^^^^^^^^^

tests\test_e2e_quick_scan_ui.py:318: 
_ _ _ _ _ _ _ _ _ _ _ _ _ _ _ _ _ _ _ _ _ _ _ _ _ _ _ _ _ _ _ _ _ _ _ _ _ _ _ _
C:\Miniconda\Lib\site-packages\playwright\sync_api\_context_manager.py:44: in __enter__
    self._loop = asyncio.new_event_loop()
                 ^^^^^^^^^^^^^^^^^^^^^^^^
C:\Miniconda\Lib\asyncio\events.py:837: in new_event_loop
    return get_event_loop_policy().new_event_loop()
           ^^^^^^^^^^^^^^^^^^^^^^^^^^^^^^^^^^^^^^^^
C:\Miniconda\Lib\asyncio\events.py:734: in new_event_loop
    return self._loop_factory()
           ^^^^^^^^^^^^^^^^^^^^
C:\Miniconda\Lib\asyncio\windows_events.py:316: in __init__
    super().__init__(proactor)
C:\Miniconda\Lib\asyncio\proactor_events.py:639: in __init__
    self._make_self_pipe()
C:\Miniconda\Lib\asyncio\proactor_events.py:786: in _make_self_pipe
    self._ssock, self._csock = socket.socketpair()
                               ^^^^^^^^^^^^^^^^^^^
C:\Miniconda\Lib\socket.py:623: in _fallback_socketpair
    csock.connect((addr, port))
tests\test_e2e_quick_scan_ui.py:60: in guarded
    return original(self, address)
           ^^^^^^^^^^^^^^^^^^^^^^^
_ _ _ _ _ _ _ _ _ _ _ _ _ _ _ _ _ _ _ _ _ _ _ _ _ _ _ _ _ _ _ _ _ _ _ _ _ _ _ _

args = (<socket.socket [closed] fd=-1, family=2, type=1, proto=0>, ('127.0.0.1', 49848))
kwargs = {}

>   def denied(*args, **kwargs): raise RuntimeError("W15 offline: network denied")
                                 ^^^^^^^^^^^^^^^^^^^^^^^^^^^^^^^^^^^^^^^^^^^^^^^^^
E   RuntimeError: W15 offline: network denied

sitecustomize.py:5: RuntimeError
_ ERROR at setup of test_browser_multi_condition_context_survives_reload_and_navigation _

self = <playwright.sync_api._context_manager.PlaywrightContextManager object at 0x000001E6D4EC19D0>

    def __enter__(self) -> SyncPlaywright:
        try:
>           self._loop = asyncio.get_running_loop()
                         ^^^^^^^^^^^^^^^^^^^^^^^^^^
E           RuntimeError: no running event loop

C:\Miniconda\Lib\site-packages\playwright\sync_api\_context_manager.py:42: RuntimeError

During handling of the above exception, another exception occurred:

seeded_paths = WorkspacePaths(root=WindowsPath('C:/Users/郑曾波/Projects/invest-quick-scan/runs/w15a/sw/Users郑曾波Projectsinvest-quick-sca...jects/invest-quick-scan/runs/w15a/sw/Users郑曾波Projectsinvest-quick-scanrunsw15asw-full-test-tmp/qs-e2e-ws0/runs/state'))
tmp_path = WindowsPath('C:/Users/郑曾波/Projects/invest-quick-scan/runs/w15a/sw/Users郑曾波Projectsinvest-quick-scanrunsw15asw-full-test-tmp/test_browser_multi_condition_c0')
monkeypatch = <_pytest.monkeypatch.MonkeyPatch object at 0x000001E6EE5B6E40>

    @pytest.fixture()
    def e2e(seeded_paths, tmp_path, monkeypatch):
        _no_network(monkeypatch)
        server = ThreadingHTTPServer(("127.0.0.1", 0), _make_handler(seeded_paths))
        server.daemon_threads = True
        port = server.server_address[1]
        threading.Thread(target=server.serve_forever, daemon=True).start()
        base = f"http://127.0.0.1:{port}"
    
        from playwright.sync_api import sync_playwright
    
        external: list[str] = []
        dialogs: list[str] = []
        page_errors: list[str] = []
        search_bodies: list[dict] = []
        local_requests: list[str] = []
>       with sync_playwright() as playwright:
             ^^^^^^^^^^^^^^^^^

tests\test_e2e_quick_scan_ui.py:318: 
_ _ _ _ _ _ _ _ _ _ _ _ _ _ _ _ _ _ _ _ _ _ _ _ _ _ _ _ _ _ _ _ _ _ _ _ _ _ _ _
C:\Miniconda\Lib\site-packages\playwright\sync_api\_context_manager.py:44: in __enter__
    self._loop = asyncio.new_event_loop()
                 ^^^^^^^^^^^^^^^^^^^^^^^^
C:\Miniconda\Lib\asyncio\events.py:837: in new_event_loop
    return get_event_loop_policy().new_event_loop()
           ^^^^^^^^^^^^^^^^^^^^^^^^^^^^^^^^^^^^^^^^
C:\Miniconda\Lib\asyncio\events.py:734: in new_event_loop
    return self._loop_factory()
           ^^^^^^^^^^^^^^^^^^^^
C:\Miniconda\Lib\asyncio\windows_events.py:316: in __init__
    super().__init__(proactor)
C:\Miniconda\Lib\asyncio\proactor_events.py:639: in __init__
    self._make_self_pipe()
C:\Miniconda\Lib\asyncio\proactor_events.py:786: in _make_self_pipe
    self._ssock, self._csock = socket.socketpair()
                               ^^^^^^^^^^^^^^^^^^^
C:\Miniconda\Lib\socket.py:623: in _fallback_socketpair
    csock.connect((addr, port))
tests\test_e2e_quick_scan_ui.py:60: in guarded
    return original(self, address)
           ^^^^^^^^^^^^^^^^^^^^^^^
_ _ _ _ _ _ _ _ _ _ _ _ _ _ _ _ _ _ _ _ _ _ _ _ _ _ _ _ _ _ _ _ _ _ _ _ _ _ _ _

args = (<socket.socket [closed] fd=-1, family=2, type=1, proto=0>, ('127.0.0.1', 49850))
kwargs = {}

>   def denied(*args, **kwargs): raise RuntimeError("W15 offline: network denied")
                                 ^^^^^^^^^^^^^^^^^^^^^^^^^^^^^^^^^^^^^^^^^^^^^^^^^
E   RuntimeError: W15 offline: network denied

sitecustomize.py:5: RuntimeError
_ ERROR at setup of test_browser_unknown_is_never_rendered_as_a_score_of_five _

self = <playwright.sync_api._context_manager.PlaywrightContextManager object at 0x000001E6D51D9450>

    def __enter__(self) -> SyncPlaywright:
        try:
>           self._loop = asyncio.get_running_loop()
                         ^^^^^^^^^^^^^^^^^^^^^^^^^^
E           RuntimeError: no running event loop

C:\Miniconda\Lib\site-packages\playwright\sync_api\_context_manager.py:42: RuntimeError

During handling of the above exception, another exception occurred:

seeded_paths = WorkspacePaths(root=WindowsPath('C:/Users/郑曾波/Projects/invest-quick-scan/runs/w15a/sw/Users郑曾波Projectsinvest-quick-sca...jects/invest-quick-scan/runs/w15a/sw/Users郑曾波Projectsinvest-quick-scanrunsw15asw-full-test-tmp/qs-e2e-ws0/runs/state'))
tmp_path = WindowsPath('C:/Users/郑曾波/Projects/invest-quick-scan/runs/w15a/sw/Users郑曾波Projectsinvest-quick-scanrunsw15asw-full-test-tmp/test_browser_unknown_is_never_0')
monkeypatch = <_pytest.monkeypatch.MonkeyPatch object at 0x000001E6EE5B7930>

    @pytest.fixture()
    def e2e(seeded_paths, tmp_path, monkeypatch):
        _no_network(monkeypatch)
        server = ThreadingHTTPServer(("127.0.0.1", 0), _make_handler(seeded_paths))
        server.daemon_threads = True
        port = server.server_address[1]
        threading.Thread(target=server.serve_forever, daemon=True).start()
        base = f"http://127.0.0.1:{port}"
    
        from playwright.sync_api import sync_playwright
    
        external: list[str] = []
        dialogs: list[str] = []
        page_errors: list[str] = []
        search_bodies: list[dict] = []
        local_requests: list[str] = []
>       with sync_playwright() as playwright:
             ^^^^^^^^^^^^^^^^^

tests\test_e2e_quick_scan_ui.py:318: 
_ _ _ _ _ _ _ _ _ _ _ _ _ _ _ _ _ _ _ _ _ _ _ _ _ _ _ _ _ _ _ _ _ _ _ _ _ _ _ _
C:\Miniconda\Lib\site-packages\playwright\sync_api\_context_manager.py:44: in __enter__
    self._loop = asyncio.new_event_loop()
                 ^^^^^^^^^^^^^^^^^^^^^^^^
C:\Miniconda\Lib\asyncio\events.py:837: in new_event_loop
    return get_event_loop_policy().new_event_loop()
           ^^^^^^^^^^^^^^^^^^^^^^^^^^^^^^^^^^^^^^^^
C:\Miniconda\Lib\asyncio\events.py:734: in new_event_loop
    return self._loop_factory()
           ^^^^^^^^^^^^^^^^^^^^
C:\Miniconda\Lib\asyncio\windows_events.py:316: in __init__
    super().__init__(proactor)
C:\Miniconda\Lib\asyncio\proactor_events.py:639: in __init__
    self._make_self_pipe()
C:\Miniconda\Lib\asyncio\proactor_events.py:786: in _make_self_pipe
    self._ssock, self._csock = socket.socketpair()
                               ^^^^^^^^^^^^^^^^^^^
C:\Miniconda\Lib\socket.py:623: in _fallback_socketpair
    csock.connect((addr, port))
tests\test_e2e_quick_scan_ui.py:60: in guarded
    return original(self, address)
           ^^^^^^^^^^^^^^^^^^^^^^^
_ _ _ _ _ _ _ _ _ _ _ _ _ _ _ _ _ _ _ _ _ _ _ _ _ _ _ _ _ _ _ _ _ _ _ _ _ _ _ _

args = (<socket.socket [closed] fd=-1, family=2, type=1, proto=0>, ('127.0.0.1', 49852))
kwargs = {}

>   def denied(*args, **kwargs): raise RuntimeError("W15 offline: network denied")
                                 ^^^^^^^^^^^^^^^^^^^^^^^^^^^^^^^^^^^^^^^^^^^^^^^^^
E   RuntimeError: W15 offline: network denied

sitecustomize.py:5: RuntimeError
_ ERROR at setup of test_browser_shows_both_imported_subject_variants_explicitly _

self = <playwright.sync_api._context_manager.PlaywrightContextManager object at 0x000001E6D51D8250>

    def __enter__(self) -> SyncPlaywright:
        try:
>           self._loop = asyncio.get_running_loop()
                         ^^^^^^^^^^^^^^^^^^^^^^^^^^
E           RuntimeError: no running event loop

C:\Miniconda\Lib\site-packages\playwright\sync_api\_context_manager.py:42: RuntimeError

During handling of the above exception, another exception occurred:

seeded_paths = WorkspacePaths(root=WindowsPath('C:/Users/郑曾波/Projects/invest-quick-scan/runs/w15a/sw/Users郑曾波Projectsinvest-quick-sca...jects/invest-quick-scan/runs/w15a/sw/Users郑曾波Projectsinvest-quick-scanrunsw15asw-full-test-tmp/qs-e2e-ws0/runs/state'))
tmp_path = WindowsPath('C:/Users/郑曾波/Projects/invest-quick-scan/runs/w15a/sw/Users郑曾波Projectsinvest-quick-scanrunsw15asw-full-test-tmp/test_browser_shows_both_import0')
monkeypatch = <_pytest.monkeypatch.MonkeyPatch object at 0x000001E6EDE58AD0>

    @pytest.fixture()
    def e2e(seeded_paths, tmp_path, monkeypatch):
        _no_network(monkeypatch)
        server = ThreadingHTTPServer(("127.0.0.1", 0), _make_handler(seeded_paths))
        server.daemon_threads = True
        port = server.server_address[1]
        threading.Thread(target=server.serve_forever, daemon=True).start()
        base = f"http://127.0.0.1:{port}"
    
        from playwright.sync_api import sync_playwright
    
        external: list[str] = []
        dialogs: list[str] = []
        page_errors: list[str] = []
        search_bodies: list[dict] = []
        local_requests: list[str] = []
>       with sync_playwright() as playwright:
             ^^^^^^^^^^^^^^^^^

tests\test_e2e_quick_scan_ui.py:318: 
_ _ _ _ _ _ _ _ _ _ _ _ _ _ _ _ _ _ _ _ _ _ _ _ _ _ _ _ _ _ _ _ _ _ _ _ _ _ _ _
C:\Miniconda\Lib\site-packages\playwright\sync_api\_context_manager.py:44: in __enter__
    self._loop = asyncio.new_event_loop()
                 ^^^^^^^^^^^^^^^^^^^^^^^^
C:\Miniconda\Lib\asyncio\events.py:837: in new_event_loop
    return get_event_loop_policy().new_event_loop()
           ^^^^^^^^^^^^^^^^^^^^^^^^^^^^^^^^^^^^^^^^
C:\Miniconda\Lib\asyncio\events.py:734: in new_event_loop
    return self._loop_factory()
           ^^^^^^^^^^^^^^^^^^^^
C:\Miniconda\Lib\asyncio\windows_events.py:316: in __init__
    super().__init__(proactor)
C:\Miniconda\Lib\asyncio\proactor_events.py:639: in __init__
    self._make_self_pipe()
C:\Miniconda\Lib\asyncio\proactor_events.py:786: in _make_self_pipe
    self._ssock, self._csock = socket.socketpair()
                               ^^^^^^^^^^^^^^^^^^^
C:\Miniconda\Lib\socket.py:623: in _fallback_socketpair
    csock.connect((addr, port))
tests\test_e2e_quick_scan_ui.py:60: in guarded
    return original(self, address)
           ^^^^^^^^^^^^^^^^^^^^^^^
_ _ _ _ _ _ _ _ _ _ _ _ _ _ _ _ _ _ _ _ _ _ _ _ _ _ _ _ _ _ _ _ _ _ _ _ _ _ _ _

args = (<socket.socket [closed] fd=-1, family=2, type=1, proto=0>, ('127.0.0.1', 49854))
kwargs = {}

>   def denied(*args, **kwargs): raise RuntimeError("W15 offline: network denied")
                                 ^^^^^^^^^^^^^^^^^^^^^^^^^^^^^^^^^^^^^^^^^^^^^^^^^
E   RuntimeError: W15 offline: network denied

sitecustomize.py:5: RuntimeError
_____ ERROR at setup of test_browser_malicious_short_text_never_executes ______

self = <playwright.sync_api._context_manager.PlaywrightContextManager object at 0x000001E6EDE69E50>

    def __enter__(self) -> SyncPlaywright:
        try:
>           self._loop = asyncio.get_running_loop()
                         ^^^^^^^^^^^^^^^^^^^^^^^^^^
E           RuntimeError: no running event loop

C:\Miniconda\Lib\site-packages\playwright\sync_api\_context_manager.py:42: RuntimeError

During handling of the above exception, another exception occurred:

seeded_paths = WorkspacePaths(root=WindowsPath('C:/Users/郑曾波/Projects/invest-quick-scan/runs/w15a/sw/Users郑曾波Projectsinvest-quick-sca...jects/invest-quick-scan/runs/w15a/sw/Users郑曾波Projectsinvest-quick-scanrunsw15asw-full-test-tmp/qs-e2e-ws0/runs/state'))
tmp_path = WindowsPath('C:/Users/郑曾波/Projects/invest-quick-scan/runs/w15a/sw/Users郑曾波Projectsinvest-quick-scanrunsw15asw-full-test-tmp/test_browser_malicious_short_t0')
monkeypatch = <_pytest.monkeypatch.MonkeyPatch object at 0x000001E6EE43E6D0>

    @pytest.fixture()
    def e2e(seeded_paths, tmp_path, monkeypatch):
        _no_network(monkeypatch)
        server = ThreadingHTTPServer(("127.0.0.1", 0), _make_handler(seeded_paths))
        server.daemon_threads = True
        port = server.server_address[1]
        threading.Thread(target=server.serve_forever, daemon=True).start()
        base = f"http://127.0.0.1:{port}"
    
        from playwright.sync_api import sync_playwright
    
        external: list[str] = []
        dialogs: list[str] = []
        page_errors: list[str] = []
        search_bodies: list[dict] = []
        local_requests: list[str] = []
>       with sync_playwright() as playwright:
             ^^^^^^^^^^^^^^^^^

tests\test_e2e_quick_scan_ui.py:318: 
_ _ _ _ _ _ _ _ _ _ _ _ _ _ _ _ _ _ _ _ _ _ _ _ _ _ _ _ _ _ _ _ _ _ _ _ _ _ _ _
C:\Miniconda\Lib\site-packages\playwright\sync_api\_context_manager.py:44: in __enter__
    self._loop = asyncio.new_event_loop()
                 ^^^^^^^^^^^^^^^^^^^^^^^^
C:\Miniconda\Lib\asyncio\events.py:837: in new_event_loop
    return get_event_loop_policy().new_event_loop()
           ^^^^^^^^^^^^^^^^^^^^^^^^^^^^^^^^^^^^^^^^
C:\Miniconda\Lib\asyncio\events.py:734: in new_event_loop
    return self._loop_factory()
           ^^^^^^^^^^^^^^^^^^^^
C:\Miniconda\Lib\asyncio\windows_events.py:316: in __init__
    super().__init__(proactor)
C:\Miniconda\Lib\asyncio\proactor_events.py:639: in __init__
    self._make_self_pipe()
C:\Miniconda\Lib\asyncio\proactor_events.py:786: in _make_self_pipe
    self._ssock, self._csock = socket.socketpair()
                               ^^^^^^^^^^^^^^^^^^^
C:\Miniconda\Lib\socket.py:623: in _fallback_socketpair
    csock.connect((addr, port))
tests\test_e2e_quick_scan_ui.py:60: in guarded
    return original(self, address)
           ^^^^^^^^^^^^^^^^^^^^^^^
_ _ _ _ _ _ _ _ _ _ _ _ _ _ _ _ _ _ _ _ _ _ _ _ _ _ _ _ _ _ _ _ _ _ _ _ _ _ _ _

args = (<socket.socket [closed] fd=-1, family=2, type=1, proto=0>, ('127.0.0.1', 49856))
kwargs = {}

>   def denied(*args, **kwargs): raise RuntimeError("W15 offline: network denied")
                                 ^^^^^^^^^^^^^^^^^^^^^^^^^^^^^^^^^^^^^^^^^^^^^^^^^
E   RuntimeError: W15 offline: network denied

sitecustomize.py:5: RuntimeError
_ ERROR at setup of test_owner_public_cli_reuse_and_only_selected_new_questions_reach_provider _
file C:\Users\郑曾波\Projects\invest-quick-scan\runs\w15a\sw\tests\test_quick_scan_owner_bridge.py, line 74
  def test_owner_public_cli_reuse_and_only_selected_new_questions_reach_provider(
E       fixture 'actual_bundle' not found
>       available fixtures: cache, capfd, capfdbinary, caplog, capsys, capsysbinary, capteesys, doctest_namespace, monkeypatch, pytestconfig, record_property, record_testsuite_property, record_xml_attribute, recwarn, subtests, tmp_path, tmp_path_factory, tmpdir, tmpdir_factory
>       use 'pytest --fixtures [testpath]' for help on them.

C:\Users\郑曾波\Projects\invest-quick-scan\runs\w15a\sw\tests\test_quick_scan_owner_bridge.py:74
_ ERROR at setup of test_actual_public_cli_validate_store_activate_and_refuse_resealed_route _

tmp_path = WindowsPath('C:/Users/郑曾波/Projects/invest-quick-scan/runs/w15a/sw/Users郑曾波Projectsinvest-quick-scanrunsw15asw-full-test-tmp/test_actual_public_cli_validat0')

    @pytest.fixture
    def actual_bundle(tmp_path):
        code_root = Path(os.environ["IQS_ROUTE_TEST_CODE_ROOT"])
        helper = (
            code_root / "docs/implementation/reviews/W15/module-readiness-2026-10-09/produce_bundle.py"
        )
        identity, subject = _workspace(tmp_path / "workspace")
        validator = IqsRouteValidator(
            code_root,
            runs_dir=identity.paths.runs_dir,
            release_root=tmp_path / "release",
            process_env=dict(os.environ),
        )
        routes = QuickScanRouteStore(identity, validator=validator)
        binding = routes.identity_binding(receipt_key(subject))
        request = {
            "root": str(tmp_path / "release"),
            "now": NOW,
            "identity": {
                "entity_id": subject["primary_issuer_id"],
                "identity_ref": binding["route_identity_ref"],
                "company": "Synthetic W15 company",
                "ticker": "TEST",
                "exchange": "TEST",
                "security_id": None,
                "as_of": "2026-10-08",
                "verified_facts": [],
            },
        }
        request_file = tmp_path / "request.json"
        request_file.write_text(json.dumps(request), encoding="utf-8")
        producer_env = dict(os.environ, IQS_ROUTE_TEST_OWNED_ROOT=str(tmp_path))
        produced = subprocess.run(
            [sys.executable, "-B", "-X", "utf8", str(helper), str(request_file)],
            capture_output=True,
            timeout=60,
            check=False,
            env=producer_env,
        )
        (tmp_path / "producer.stdout.log").write_bytes(produced.stdout)
        (tmp_path / "producer.stderr.log").write_bytes(produced.stderr)
>       assert produced.returncode == 0, produced.stderr.decode("utf-8", errors="replace")
E       AssertionError: Traceback (most recent call last):
E           File "C:\Users\郑曾波\Projects\invest-quick-scan\docs\implementation\reviews\W15\module-readiness-2026-10-09\produce_bundle.py", line 37, in <module>
E             main()
E             ~~~~^^
E           File "C:\Users\郑曾波\Projects\invest-quick-scan\docs\implementation\reviews\W15\module-readiness-2026-10-09\produce_bundle.py", line 26, in main
E             package = routing.publish_routing_package(root=root, renderer_version=qs.RENDERER_VERSION,
E                                                     renderer_rules_sha256=qs.renderer_rules_sha256())
E           File "C:\Users\郑曾波\Projects\invest-quick-scan\scripts\routing.py", line 252, in publish_routing_package
E             return registry.publish(root=Path(root), renderer_version=renderer_version,
E                    ~~~~~~~~~~~~~~~~^^^^^^^^^^^^^^^^^^^^^^^^^^^^^^^^^^^^^^^^^^^^^^^^^^^^
E                                     router_version=policy["router_version"], renderer_rules_sha256=renderer_rules_sha256,
E                                     ^^^^^^^^^^^^^^^^^^^^^^^^^^^^^^^^^^^^^^^^^^^^^^^^^^^^^^^^^^^^^^^^^^^^^^^^^^^^^^^^^^^^^
E                                     routing_policy=policy, activate=activate)
E                                     ^^^^^^^^^^^^^^^^^^^^^^^^^^^^^^^^^^^^^^^^^
E           File "C:\Users\郑曾波\Projects\invest-quick-scan\scripts\module_registry.py", line 439, in publish
E             _write_immutable(_safe_path(root, reference), raw)
E             ~~~~~~~~~~~~~~~~^^^^^^^^^^^^^^^^^^^^^^^^^^^^^^^^^^
E           File "C:\Users\郑曾波\Projects\invest-quick-scan\scripts\module_registry.py", line 97, in _write_immutable
E             os.replace(temp_path, path)
E             ~~~~~~~~~~^^^^^^^^^^^^^^^^^
E         FileNotFoundError: [WinError 3] 系统找不到指定的路径。: 'C:\\Users\\郑曾波\\Projects\\invest-quick-scan\\runs\\w15a\\sw\\Users郑曾波Projectsinvest-quick-scanrunsw15asw-full-test-tmp\\test_actual_public_cli_validat0\\release\\questions\\releases\\artifacts\\acquisitive\\.publish-zgwhcj6w' -> 'C:\\Users\\郑曾波\\Projects\\invest-quick-scan\\runs\\w15a\\sw\\Users郑曾波Projectsinvest-quick-scanrunsw15asw-full-test-tmp\\test_actual_public_cli_validat0\\release\\questions\\releases\\artifacts\\acquisitive\\3_0_0-a4b152e238a2cf011290a19a943b75726c0218c913b4ff35db7148be647809c3.json'
E         
E       assert 1 == 0
E        +  where 1 = CompletedProcess(args=['C:\\Miniconda\\python.exe', '-B', '-X', 'utf8', 'C:\\Users\\郑曾波\\Projects\\invest-quick-scan\\...ases\\\\artifacts\\\\acquisitive\\\\3_0_0-a4b152e238a2cf011290a19a943b75726c0218c913b4ff35db7148be647809c3.json\'\r\n').returncode

tests\test_quick_scan_route_integration.py:65: AssertionError
_ ERROR at setup of test_schema6_native_backup_and_restore_keep_raw_routes_and_anchor _

tmp_path = WindowsPath('C:/Users/郑曾波/Projects/invest-quick-scan/runs/w15a/sw/Users郑曾波Projectsinvest-quick-scanrunsw15asw-full-test-tmp/test_schema6_native_backup_and0')

    @pytest.fixture
    def actual_bundle(tmp_path):
        code_root = Path(os.environ["IQS_ROUTE_TEST_CODE_ROOT"])
        helper = (
            code_root / "docs/implementation/reviews/W15/module-readiness-2026-10-09/produce_bundle.py"
        )
        identity, subject = _workspace(tmp_path / "workspace")
        validator = IqsRouteValidator(
            code_root,
            runs_dir=identity.paths.runs_dir,
            release_root=tmp_path / "release",
            process_env=dict(os.environ),
        )
        routes = QuickScanRouteStore(identity, validator=validator)
        binding = routes.identity_binding(receipt_key(subject))
        request = {
            "root": str(tmp_path / "release"),
            "now": NOW,
            "identity": {
                "entity_id": subject["primary_issuer_id"],
                "identity_ref": binding["route_identity_ref"],
                "company": "Synthetic W15 company",
                "ticker": "TEST",
                "exchange": "TEST",
                "security_id": None,
                "as_of": "2026-10-08",
                "verified_facts": [],
            },
        }
        request_file = tmp_path / "request.json"
        request_file.write_text(json.dumps(request), encoding="utf-8")
        producer_env = dict(os.environ, IQS_ROUTE_TEST_OWNED_ROOT=str(tmp_path))
        produced = subprocess.run(
            [sys.executable, "-B", "-X", "utf8", str(helper), str(request_file)],
            capture_output=True,
            timeout=60,
            check=False,
            env=producer_env,
        )
        (tmp_path / "producer.stdout.log").write_bytes(produced.stdout)
        (tmp_path / "producer.stderr.log").write_bytes(produced.stderr)
>       assert produced.returncode == 0, produced.stderr.decode("utf-8", errors="replace")
E       AssertionError: Traceback (most recent call last):
E           File "C:\Users\郑曾波\Projects\invest-quick-scan\docs\implementation\reviews\W15\module-readiness-2026-10-09\produce_bundle.py", line 37, in <module>
E             main()
E             ~~~~^^
E           File "C:\Users\郑曾波\Projects\invest-quick-scan\docs\implementation\reviews\W15\module-readiness-2026-10-09\produce_bundle.py", line 26, in main
E             package = routing.publish_routing_package(root=root, renderer_version=qs.RENDERER_VERSION,
E                                                     renderer_rules_sha256=qs.renderer_rules_sha256())
E           File "C:\Users\郑曾波\Projects\invest-quick-scan\scripts\routing.py", line 252, in publish_routing_package
E             return registry.publish(root=Path(root), renderer_version=renderer_version,
E                    ~~~~~~~~~~~~~~~~^^^^^^^^^^^^^^^^^^^^^^^^^^^^^^^^^^^^^^^^^^^^^^^^^^^^
E                                     router_version=policy["router_version"], renderer_rules_sha256=renderer_rules_sha256,
E                                     ^^^^^^^^^^^^^^^^^^^^^^^^^^^^^^^^^^^^^^^^^^^^^^^^^^^^^^^^^^^^^^^^^^^^^^^^^^^^^^^^^^^^^
E                                     routing_policy=policy, activate=activate)
E                                     ^^^^^^^^^^^^^^^^^^^^^^^^^^^^^^^^^^^^^^^^^
E           File "C:\Users\郑曾波\Projects\invest-quick-scan\scripts\module_registry.py", line 439, in publish
E             _write_immutable(_safe_path(root, reference), raw)
E             ~~~~~~~~~~~~~~~~^^^^^^^^^^^^^^^^^^^^^^^^^^^^^^^^^^
E           File "C:\Users\郑曾波\Projects\invest-quick-scan\scripts\module_registry.py", line 97, in _write_immutable
E             os.replace(temp_path, path)
E             ~~~~~~~~~~^^^^^^^^^^^^^^^^^
E         FileNotFoundError: [WinError 3] 系统找不到指定的路径。: 'C:\\Users\\郑曾波\\Projects\\invest-quick-scan\\runs\\w15a\\sw\\Users郑曾波Projectsinvest-quick-scanrunsw15asw-full-test-tmp\\test_schema6_native_backup_and0\\release\\questions\\releases\\artifacts\\acquisitive\\.publish-96coqypz' -> 'C:\\Users\\郑曾波\\Projects\\invest-quick-scan\\runs\\w15a\\sw\\Users郑曾波Projectsinvest-quick-scanrunsw15asw-full-test-tmp\\test_schema6_native_backup_and0\\release\\questions\\releases\\artifacts\\acquisitive\\3_0_0-a4b152e238a2cf011290a19a943b75726c0218c913b4ff35db7148be647809c3.json'
E         
E       assert 1 == 0
E        +  where 1 = CompletedProcess(args=['C:\\Miniconda\\python.exe', '-B', '-X', 'utf8', 'C:\\Users\\郑曾波\\Projects\\invest-quick-scan\\...ases\\\\artifacts\\\\acquisitive\\\\3_0_0-a4b152e238a2cf011290a19a943b75726c0218c913b4ff35db7148be647809c3.json\'\r\n').returncode

tests\test_quick_scan_route_integration.py:65: AssertionError
_ ERROR at setup of test_stockwiki_public_os_cli_binding_import_activate_read_and_refresh _

tmp_path = WindowsPath('C:/Users/郑曾波/Projects/invest-quick-scan/runs/w15a/sw/Users郑曾波Projectsinvest-quick-scanrunsw15asw-full-test-tmp/test_stockwiki_public_os_cli_b0')

    @pytest.fixture
    def actual_bundle(tmp_path):
        code_root = Path(os.environ["IQS_ROUTE_TEST_CODE_ROOT"])
        helper = (
            code_root / "docs/implementation/reviews/W15/module-readiness-2026-10-09/produce_bundle.py"
        )
        identity, subject = _workspace(tmp_path / "workspace")
        validator = IqsRouteValidator(
            code_root,
            runs_dir=identity.paths.runs_dir,
            release_root=tmp_path / "release",
            process_env=dict(os.environ),
        )
        routes = QuickScanRouteStore(identity, validator=validator)
        binding = routes.identity_binding(receipt_key(subject))
        request = {
            "root": str(tmp_path / "release"),
            "now": NOW,
            "identity": {
                "entity_id": subject["primary_issuer_id"],
                "identity_ref": binding["route_identity_ref"],
                "company": "Synthetic W15 company",
                "ticker": "TEST",
                "exchange": "TEST",
                "security_id": None,
                "as_of": "2026-10-08",
                "verified_facts": [],
            },
        }
        request_file = tmp_path / "request.json"
        request_file.write_text(json.dumps(request), encoding="utf-8")
        producer_env = dict(os.environ, IQS_ROUTE_TEST_OWNED_ROOT=str(tmp_path))
        produced = subprocess.run(
            [sys.executable, "-B", "-X", "utf8", str(helper), str(request_file)],
            capture_output=True,
            timeout=60,
            check=False,
            env=producer_env,
        )
        (tmp_path / "producer.stdout.log").write_bytes(produced.stdout)
        (tmp_path / "producer.stderr.log").write_bytes(produced.stderr)
>       assert produced.returncode == 0, produced.stderr.decode("utf-8", errors="replace")
E       AssertionError: Traceback (most recent call last):
E           File "C:\Users\郑曾波\Projects\invest-quick-scan\docs\implementation\reviews\W15\module-readiness-2026-10-09\produce_bundle.py", line 37, in <module>
E             main()
E             ~~~~^^
E           File "C:\Users\郑曾波\Projects\invest-quick-scan\docs\implementation\reviews\W15\module-readiness-2026-10-09\produce_bundle.py", line 26, in main
E             package = routing.publish_routing_package(root=root, renderer_version=qs.RENDERER_VERSION,
E                                                     renderer_rules_sha256=qs.renderer_rules_sha256())
E           File "C:\Users\郑曾波\Projects\invest-quick-scan\scripts\routing.py", line 252, in publish_routing_package
E             return registry.publish(root=Path(root), renderer_version=renderer_version,
E                    ~~~~~~~~~~~~~~~~^^^^^^^^^^^^^^^^^^^^^^^^^^^^^^^^^^^^^^^^^^^^^^^^^^^^
E                                     router_version=policy["router_version"], renderer_rules_sha256=renderer_rules_sha256,
E                                     ^^^^^^^^^^^^^^^^^^^^^^^^^^^^^^^^^^^^^^^^^^^^^^^^^^^^^^^^^^^^^^^^^^^^^^^^^^^^^^^^^^^^^
E                                     routing_policy=policy, activate=activate)
E                                     ^^^^^^^^^^^^^^^^^^^^^^^^^^^^^^^^^^^^^^^^^
E           File "C:\Users\郑曾波\Projects\invest-quick-scan\scripts\module_registry.py", line 439, in publish
E             _write_immutable(_safe_path(root, reference), raw)
E             ~~~~~~~~~~~~~~~~^^^^^^^^^^^^^^^^^^^^^^^^^^^^^^^^^^
E           File "C:\Users\郑曾波\Projects\invest-quick-scan\scripts\module_registry.py", line 97, in _write_immutable
E             os.replace(temp_path, path)
E             ~~~~~~~~~~^^^^^^^^^^^^^^^^^
E         FileNotFoundError: [WinError 3] 系统找不到指定的路径。: 'C:\\Users\\郑曾波\\Projects\\invest-quick-scan\\runs\\w15a\\sw\\Users郑曾波Projectsinvest-quick-scanrunsw15asw-full-test-tmp\\test_stockwiki_public_os_cli_b0\\release\\questions\\releases\\artifacts\\acquisitive\\.publish-wlawt1ei' -> 'C:\\Users\\郑曾波\\Projects\\invest-quick-scan\\runs\\w15a\\sw\\Users郑曾波Projectsinvest-quick-scanrunsw15asw-full-test-tmp\\test_stockwiki_public_os_cli_b0\\release\\questions\\releases\\artifacts\\acquisitive\\3_0_0-a4b152e238a2cf011290a19a943b75726c0218c913b4ff35db7148be647809c3.json'
E         
E       assert 1 == 0
E        +  where 1 = CompletedProcess(args=['C:\\Miniconda\\python.exe', '-B', '-X', 'utf8', 'C:\\Users\\郑曾波\\Projects\\invest-quick-scan\\...ases\\\\artifacts\\\\acquisitive\\\\3_0_0-a4b152e238a2cf011290a19a943b75726c0218c913b4ff35db7148be647809c3.json\'\r\n').returncode

tests\test_quick_scan_route_integration.py:65: AssertionError
_ ERROR at setup of test_swr6_real_legacy_public_snapshot_stays_readable_on_page2 _

tmp_path_factory = TempPathFactory(_given_basetemp=WindowsPath('C:/Users/郑曾波/Projects/invest-quick-scan/runs/w15a/sw/Users郑曾波Projectsinve.../runs/w15a/sw/Users郑曾波Projectsinvest-quick-scanrunsw15asw-full-test-tmp'), _retention_count=3, _retention_policy='all')

    @pytest.fixture(scope="module")
    def legacy_query_module(tmp_path_factory):
        """Exec the REAL pre-conditions producer from Git, not a hand-written hash."""
        module_dir = tmp_path_factory.mktemp("swr-legacy-producer")
        target = module_dir / "legacy_quick_scan_query.py"
>       target.write_text(_legacy_source(), encoding="utf-8")
                          ^^^^^^^^^^^^^^^^

tests\test_swr_cases.py:79: 
_ _ _ _ _ _ _ _ _ _ _ _ _ _ _ _ _ _ _ _ _ _ _ _ _ _ _ _ _ _ _ _ _ _ _ _ _ _ _ _
tests\test_swr_cases.py:64: in _legacy_source
    blob = subprocess.run(
_ _ _ _ _ _ _ _ _ _ _ _ _ _ _ _ _ _ _ _ _ _ _ _ _ _ _ _ _ _ _ _ _ _ _ _ _ _ _ _

input = None, capture_output = True, timeout = None, check = True
popenargs = (['git', 'show', '9f552a67:stockwiki/quick_scan_query.py'],)
kwargs = {'cwd': WindowsPath('C:/Users/郑曾波/Projects/invest-quick-scan/runs/w15a/sw'), 'stdout': -1, 'stderr': -1}

    def run(*popenargs,
            input=None, capture_output=False, timeout=None, check=False, **kwargs):
        """Run command with arguments and return a CompletedProcess instance.
    
        The returned instance will have attributes args, returncode, stdout and
        stderr. By default, stdout and stderr are not captured, and those attributes
        will be None. Pass stdout=PIPE and/or stderr=PIPE in order to capture them,
        or pass capture_output=True to capture both.
    
        If check is True and the exit code was non-zero, it raises a
        CalledProcessError. The CalledProcessError object will have the return code
        in the returncode attribute, and output & stderr attributes if those streams
        were captured.
    
        If timeout (seconds) is given and the process takes too long,
         a TimeoutExpired exception will be raised.
    
        There is an optional argument "input", allowing you to
        pass bytes or a string to the subprocess's stdin.  If you use this argument
        you may not also use the Popen constructor's "stdin" argument, as
        it will be used internally.
    
        By default, all communication is in bytes, and therefore any "input" should
        be bytes, and the stdout and stderr will be bytes. If in text mode, any
        "input" should be a string, and stdout and stderr will be strings decoded
        according to locale encoding, or by "encoding" if set. Text mode is
        triggered by setting any of text, encoding, errors or universal_newlines.
    
        The other arguments are the same as for the Popen constructor.
        """
        if input is not None:
            if kwargs.get('stdin') is not None:
                raise ValueError('stdin and input arguments may not both be used.')
            kwargs['stdin'] = PIPE
    
        if capture_output:
            if kwargs.get('stdout') is not None or kwargs.get('stderr') is not None:
                raise ValueError('stdout and stderr arguments may not be used '
                                 'with capture_output.')
            kwargs['stdout'] = PIPE
            kwargs['stderr'] = PIPE
    
        with Popen(*popenargs, **kwargs) as process:
            try:
                stdout, stderr = process.communicate(input, timeout=timeout)
            except TimeoutExpired as exc:
                process.kill()
                if _mswindows:
                    # Windows accumulates the output in a single blocking
                    # read() call run on child threads, with the timeout
                    # being done in a join() on those threads.  communicate()
                    # _after_ kill() is required to collect that and add it
                    # to the exception.
                    exc.stdout, exc.stderr = process.communicate()
                else:
                    # POSIX _communicate already populated the output so
                    # far into the TimeoutExpired exception.
                    process.wait()
                raise
            except:  # Including KeyboardInterrupt, communicate handled that.
                process.kill()
                # We don't call process.wait() as .__exit__ does that for us.
                raise
            retcode = process.poll()
            if check and retcode:
>               raise CalledProcessError(retcode, process.args,
                                         output=stdout, stderr=stderr)
E               subprocess.CalledProcessError: Command '['git', 'show', '9f552a67:stockwiki/quick_scan_query.py']' returned non-zero exit status 128.

C:\Miniconda\Lib\subprocess.py:577: CalledProcessError
_ ERROR at setup of test_no_condition_query_hash_is_byte_identical_to_the_legacy_producer _

tmp_path_factory = TempPathFactory(_given_basetemp=WindowsPath('C:/Users/郑曾波/Projects/invest-quick-scan/runs/w15a/sw/Users郑曾波Projectsinve.../runs/w15a/sw/Users郑曾波Projectsinvest-quick-scanrunsw15asw-full-test-tmp'), _retention_count=3, _retention_policy='all')

    @pytest.fixture(scope="module")
    def legacy_query(tmp_path_factory):
        module_dir = tmp_path_factory.mktemp("swr-legacy-query")
        target = module_dir / "legacy_quick_scan_query.py"
>       blob = subprocess.run(
            ["git", "show", f"{LEGACY_QUERY_COMMIT}:stockwiki/quick_scan_query.py"],
            cwd=REPO_ROOT,
            check=True,
            capture_output=True,
        ).stdout.decode("utf-8")

tests\test_swr_query.py:42: 
_ _ _ _ _ _ _ _ _ _ _ _ _ _ _ _ _ _ _ _ _ _ _ _ _ _ _ _ _ _ _ _ _ _ _ _ _ _ _ _

input = None, capture_output = True, timeout = None, check = True
popenargs = (['git', 'show', '9f552a67:stockwiki/quick_scan_query.py'],)
kwargs = {'cwd': WindowsPath('C:/Users/郑曾波/Projects/invest-quick-scan/runs/w15a/sw'), 'stdout': -1, 'stderr': -1}

    def run(*popenargs,
            input=None, capture_output=False, timeout=None, check=False, **kwargs):
        """Run command with arguments and return a CompletedProcess instance.
    
        The returned instance will have attributes args, returncode, stdout and
        stderr. By default, stdout and stderr are not captured, and those attributes
        will be None. Pass stdout=PIPE and/or stderr=PIPE in order to capture them,
        or pass capture_output=True to capture both.
    
        If check is True and the exit code was non-zero, it raises a
        CalledProcessError. The CalledProcessError object will have the return code
        in the returncode attribute, and output & stderr attributes if those streams
        were captured.
    
        If timeout (seconds) is given and the process takes too long,
         a TimeoutExpired exception will be raised.
    
        There is an optional argument "input", allowing you to
        pass bytes or a string to the subprocess's stdin.  If you use this argument
        you may not also use the Popen constructor's "stdin" argument, as
        it will be used internally.
    
        By default, all communication is in bytes, and therefore any "input" should
        be bytes, and the stdout and stderr will be bytes. If in text mode, any
        "input" should be a string, and stdout and stderr will be strings decoded
        according to locale encoding, or by "encoding" if set. Text mode is
        triggered by setting any of text, encoding, errors or universal_newlines.
    
        The other arguments are the same as for the Popen constructor.
        """
        if input is not None:
            if kwargs.get('stdin') is not None:
                raise ValueError('stdin and input arguments may not both be used.')
            kwargs['stdin'] = PIPE
    
        if capture_output:
            if kwargs.get('stdout') is not None or kwargs.get('stderr') is not None:
                raise ValueError('stdout and stderr arguments may not be used '
                                 'with capture_output.')
            kwargs['stdout'] = PIPE
            kwargs['stderr'] = PIPE
    
        with Popen(*popenargs, **kwargs) as process:
            try:
                stdout, stderr = process.communicate(input, timeout=timeout)
            except TimeoutExpired as exc:
                process.kill()
                if _mswindows:
                    # Windows accumulates the output in a single blocking
                    # read() call run on child threads, with the timeout
                    # being done in a join() on those threads.  communicate()
                    # _after_ kill() is required to collect that and add it
                    # to the exception.
                    exc.stdout, exc.stderr = process.communicate()
                else:
                    # POSIX _communicate already populated the output so
                    # far into the TimeoutExpired exception.
                    process.wait()
                raise
            except:  # Including KeyboardInterrupt, communicate handled that.
                process.kill()
                # We don't call process.wait() as .__exit__ does that for us.
                raise
            retcode = process.poll()
            if check and retcode:
>               raise CalledProcessError(retcode, process.args,
                                         output=stdout, stderr=stderr)
E               subprocess.CalledProcessError: Command '['git', 'show', '9f552a67:stockwiki/quick_scan_query.py']' returned non-zero exit status 128.

C:\Miniconda\Lib\subprocess.py:577: CalledProcessError
_ ERROR at setup of test_current_no_condition_snapshot_is_the_exact_legacy_snapshot _

tmp_path_factory = TempPathFactory(_given_basetemp=WindowsPath('C:/Users/郑曾波/Projects/invest-quick-scan/runs/w15a/sw/Users郑曾波Projectsinve.../runs/w15a/sw/Users郑曾波Projectsinvest-quick-scanrunsw15asw-full-test-tmp'), _retention_count=3, _retention_policy='all')

    @pytest.fixture(scope="module")
    def legacy_query(tmp_path_factory):
        module_dir = tmp_path_factory.mktemp("swr-legacy-query")
        target = module_dir / "legacy_quick_scan_query.py"
>       blob = subprocess.run(
            ["git", "show", f"{LEGACY_QUERY_COMMIT}:stockwiki/quick_scan_query.py"],
            cwd=REPO_ROOT,
            check=True,
            capture_output=True,
        ).stdout.decode("utf-8")

tests\test_swr_query.py:42: 
_ _ _ _ _ _ _ _ _ _ _ _ _ _ _ _ _ _ _ _ _ _ _ _ _ _ _ _ _ _ _ _ _ _ _ _ _ _ _ _

input = None, capture_output = True, timeout = None, check = True
popenargs = (['git', 'show', '9f552a67:stockwiki/quick_scan_query.py'],)
kwargs = {'cwd': WindowsPath('C:/Users/郑曾波/Projects/invest-quick-scan/runs/w15a/sw'), 'stdout': -1, 'stderr': -1}

    def run(*popenargs,
            input=None, capture_output=False, timeout=None, check=False, **kwargs):
        """Run command with arguments and return a CompletedProcess instance.
    
        The returned instance will have attributes args, returncode, stdout and
        stderr. By default, stdout and stderr are not captured, and those attributes
        will be None. Pass stdout=PIPE and/or stderr=PIPE in order to capture them,
        or pass capture_output=True to capture both.
    
        If check is True and the exit code was non-zero, it raises a
        CalledProcessError. The CalledProcessError object will have the return code
        in the returncode attribute, and output & stderr attributes if those streams
        were captured.
    
        If timeout (seconds) is given and the process takes too long,
         a TimeoutExpired exception will be raised.
    
        There is an optional argument "input", allowing you to
        pass bytes or a string to the subprocess's stdin.  If you use this argument
        you may not also use the Popen constructor's "stdin" argument, as
        it will be used internally.
    
        By default, all communication is in bytes, and therefore any "input" should
        be bytes, and the stdout and stderr will be bytes. If in text mode, any
        "input" should be a string, and stdout and stderr will be strings decoded
        according to locale encoding, or by "encoding" if set. Text mode is
        triggered by setting any of text, encoding, errors or universal_newlines.
    
        The other arguments are the same as for the Popen constructor.
        """
        if input is not None:
            if kwargs.get('stdin') is not None:
                raise ValueError('stdin and input arguments may not both be used.')
            kwargs['stdin'] = PIPE
    
        if capture_output:
            if kwargs.get('stdout') is not None or kwargs.get('stderr') is not None:
                raise ValueError('stdout and stderr arguments may not be used '
                                 'with capture_output.')
            kwargs['stdout'] = PIPE
            kwargs['stderr'] = PIPE
    
        with Popen(*popenargs, **kwargs) as process:
            try:
                stdout, stderr = process.communicate(input, timeout=timeout)
            except TimeoutExpired as exc:
                process.kill()
                if _mswindows:
                    # Windows accumulates the output in a single blocking
                    # read() call run on child threads, with the timeout
                    # being done in a join() on those threads.  communicate()
                    # _after_ kill() is required to collect that and add it
                    # to the exception.
                    exc.stdout, exc.stderr = process.communicate()
                else:
                    # POSIX _communicate already populated the output so
                    # far into the TimeoutExpired exception.
                    process.wait()
                raise
            except:  # Including KeyboardInterrupt, communicate handled that.
                process.kill()
                # We don't call process.wait() as .__exit__ does that for us.
                raise
            retcode = process.poll()
            if check and retcode:
>               raise CalledProcessError(retcode, process.args,
                                         output=stdout, stderr=stderr)
E               subprocess.CalledProcessError: Command '['git', 'show', '9f552a67:stockwiki/quick_scan_query.py']' returned non-zero exit status 128.

C:\Miniconda\Lib\subprocess.py:577: CalledProcessError
_ ERROR at setup of test_legacy_snapshot_pages_through_without_loss_or_duplication _

tmp_path_factory = TempPathFactory(_given_basetemp=WindowsPath('C:/Users/郑曾波/Projects/invest-quick-scan/runs/w15a/sw/Users郑曾波Projectsinve.../runs/w15a/sw/Users郑曾波Projectsinvest-quick-scanrunsw15asw-full-test-tmp'), _retention_count=3, _retention_policy='all')

    @pytest.fixture(scope="module")
    def legacy_query(tmp_path_factory):
        module_dir = tmp_path_factory.mktemp("swr-legacy-query")
        target = module_dir / "legacy_quick_scan_query.py"
>       blob = subprocess.run(
            ["git", "show", f"{LEGACY_QUERY_COMMIT}:stockwiki/quick_scan_query.py"],
            cwd=REPO_ROOT,
            check=True,
            capture_output=True,
        ).stdout.decode("utf-8")

tests\test_swr_query.py:42: 
_ _ _ _ _ _ _ _ _ _ _ _ _ _ _ _ _ _ _ _ _ _ _ _ _ _ _ _ _ _ _ _ _ _ _ _ _ _ _ _

input = None, capture_output = True, timeout = None, check = True
popenargs = (['git', 'show', '9f552a67:stockwiki/quick_scan_query.py'],)
kwargs = {'cwd': WindowsPath('C:/Users/郑曾波/Projects/invest-quick-scan/runs/w15a/sw'), 'stdout': -1, 'stderr': -1}

    def run(*popenargs,
            input=None, capture_output=False, timeout=None, check=False, **kwargs):
        """Run command with arguments and return a CompletedProcess instance.
    
        The returned instance will have attributes args, returncode, stdout and
        stderr. By default, stdout and stderr are not captured, and those attributes
        will be None. Pass stdout=PIPE and/or stderr=PIPE in order to capture them,
        or pass capture_output=True to capture both.
    
        If check is True and the exit code was non-zero, it raises a
        CalledProcessError. The CalledProcessError object will have the return code
        in the returncode attribute, and output & stderr attributes if those streams
        were captured.
    
        If timeout (seconds) is given and the process takes too long,
         a TimeoutExpired exception will be raised.
    
        There is an optional argument "input", allowing you to
        pass bytes or a string to the subprocess's stdin.  If you use this argument
        you may not also use the Popen constructor's "stdin" argument, as
        it will be used internally.
    
        By default, all communication is in bytes, and therefore any "input" should
        be bytes, and the stdout and stderr will be bytes. If in text mode, any
        "input" should be a string, and stdout and stderr will be strings decoded
        according to locale encoding, or by "encoding" if set. Text mode is
        triggered by setting any of text, encoding, errors or universal_newlines.
    
        The other arguments are the same as for the Popen constructor.
        """
        if input is not None:
            if kwargs.get('stdin') is not None:
                raise ValueError('stdin and input arguments may not both be used.')
            kwargs['stdin'] = PIPE
    
        if capture_output:
            if kwargs.get('stdout') is not None or kwargs.get('stderr') is not None:
                raise ValueError('stdout and stderr arguments may not be used '
                                 'with capture_output.')
            kwargs['stdout'] = PIPE
            kwargs['stderr'] = PIPE
    
        with Popen(*popenargs, **kwargs) as process:
            try:
                stdout, stderr = process.communicate(input, timeout=timeout)
            except TimeoutExpired as exc:
                process.kill()
                if _mswindows:
                    # Windows accumulates the output in a single blocking
                    # read() call run on child threads, with the timeout
                    # being done in a join() on those threads.  communicate()
                    # _after_ kill() is required to collect that and add it
                    # to the exception.
                    exc.stdout, exc.stderr = process.communicate()
                else:
                    # POSIX _communicate already populated the output so
                    # far into the TimeoutExpired exception.
                    process.wait()
                raise
            except:  # Including KeyboardInterrupt, communicate handled that.
                process.kill()
                # We don't call process.wait() as .__exit__ does that for us.
                raise
            retcode = process.poll()
            if check and retcode:
>               raise CalledProcessError(retcode, process.args,
                                         output=stdout, stderr=stderr)
E               subprocess.CalledProcessError: Command '['git', 'show', '9f552a67:stockwiki/quick_scan_query.py']' returned non-zero exit status 128.

C:\Miniconda\Lib\subprocess.py:577: CalledProcessError
___ ERROR at setup of test_legacy_snapshot_is_refused_for_a_different_query ___

tmp_path_factory = TempPathFactory(_given_basetemp=WindowsPath('C:/Users/郑曾波/Projects/invest-quick-scan/runs/w15a/sw/Users郑曾波Projectsinve.../runs/w15a/sw/Users郑曾波Projectsinvest-quick-scanrunsw15asw-full-test-tmp'), _retention_count=3, _retention_policy='all')

    @pytest.fixture(scope="module")
    def legacy_query(tmp_path_factory):
        module_dir = tmp_path_factory.mktemp("swr-legacy-query")
        target = module_dir / "legacy_quick_scan_query.py"
>       blob = subprocess.run(
            ["git", "show", f"{LEGACY_QUERY_COMMIT}:stockwiki/quick_scan_query.py"],
            cwd=REPO_ROOT,
            check=True,
            capture_output=True,
        ).stdout.decode("utf-8")

tests\test_swr_query.py:42: 
_ _ _ _ _ _ _ _ _ _ _ _ _ _ _ _ _ _ _ _ _ _ _ _ _ _ _ _ _ _ _ _ _ _ _ _ _ _ _ _

input = None, capture_output = True, timeout = None, check = True
popenargs = (['git', 'show', '9f552a67:stockwiki/quick_scan_query.py'],)
kwargs = {'cwd': WindowsPath('C:/Users/郑曾波/Projects/invest-quick-scan/runs/w15a/sw'), 'stdout': -1, 'stderr': -1}

    def run(*popenargs,
            input=None, capture_output=False, timeout=None, check=False, **kwargs):
        """Run command with arguments and return a CompletedProcess instance.
    
        The returned instance will have attributes args, returncode, stdout and
        stderr. By default, stdout and stderr are not captured, and those attributes
        will be None. Pass stdout=PIPE and/or stderr=PIPE in order to capture them,
        or pass capture_output=True to capture both.
    
        If check is True and the exit code was non-zero, it raises a
        CalledProcessError. The CalledProcessError object will have the return code
        in the returncode attribute, and output & stderr attributes if those streams
        were captured.
    
        If timeout (seconds) is given and the process takes too long,
         a TimeoutExpired exception will be raised.
    
        There is an optional argument "input", allowing you to
        pass bytes or a string to the subprocess's stdin.  If you use this argument
        you may not also use the Popen constructor's "stdin" argument, as
        it will be used internally.
    
        By default, all communication is in bytes, and therefore any "input" should
        be bytes, and the stdout and stderr will be bytes. If in text mode, any
        "input" should be a string, and stdout and stderr will be strings decoded
        according to locale encoding, or by "encoding" if set. Text mode is
        triggered by setting any of text, encoding, errors or universal_newlines.
    
        The other arguments are the same as for the Popen constructor.
        """
        if input is not None:
            if kwargs.get('stdin') is not None:
                raise ValueError('stdin and input arguments may not both be used.')
            kwargs['stdin'] = PIPE
    
        if capture_output:
            if kwargs.get('stdout') is not None or kwargs.get('stderr') is not None:
                raise ValueError('stdout and stderr arguments may not be used '
                                 'with capture_output.')
            kwargs['stdout'] = PIPE
            kwargs['stderr'] = PIPE
    
        with Popen(*popenargs, **kwargs) as process:
            try:
                stdout, stderr = process.communicate(input, timeout=timeout)
            except TimeoutExpired as exc:
                process.kill()
                if _mswindows:
                    # Windows accumulates the output in a single blocking
                    # read() call run on child threads, with the timeout
                    # being done in a join() on those threads.  communicate()
                    # _after_ kill() is required to collect that and add it
                    # to the exception.
                    exc.stdout, exc.stderr = process.communicate()
                else:
                    # POSIX _communicate already populated the output so
                    # far into the TimeoutExpired exception.
                    process.wait()
                raise
            except:  # Including KeyboardInterrupt, communicate handled that.
                process.kill()
                # We don't call process.wait() as .__exit__ does that for us.
                raise
            retcode = process.poll()
            if check and retcode:
>               raise CalledProcessError(retcode, process.args,
                                         output=stdout, stderr=stderr)
E               subprocess.CalledProcessError: Command '['git', 'show', '9f552a67:stockwiki/quick_scan_query.py']' returned non-zero exit status 128.

C:\Miniconda\Lib\subprocess.py:577: CalledProcessError
_ ERROR at setup of test_legacy_snapshot_is_refused_by_any_conditioned_query __

tmp_path_factory = TempPathFactory(_given_basetemp=WindowsPath('C:/Users/郑曾波/Projects/invest-quick-scan/runs/w15a/sw/Users郑曾波Projectsinve.../runs/w15a/sw/Users郑曾波Projectsinvest-quick-scanrunsw15asw-full-test-tmp'), _retention_count=3, _retention_policy='all')

    @pytest.fixture(scope="module")
    def legacy_query(tmp_path_factory):
        module_dir = tmp_path_factory.mktemp("swr-legacy-query")
        target = module_dir / "legacy_quick_scan_query.py"
>       blob = subprocess.run(
            ["git", "show", f"{LEGACY_QUERY_COMMIT}:stockwiki/quick_scan_query.py"],
            cwd=REPO_ROOT,
            check=True,
            capture_output=True,
        ).stdout.decode("utf-8")

tests\test_swr_query.py:42: 
_ _ _ _ _ _ _ _ _ _ _ _ _ _ _ _ _ _ _ _ _ _ _ _ _ _ _ _ _ _ _ _ _ _ _ _ _ _ _ _

input = None, capture_output = True, timeout = None, check = True
popenargs = (['git', 'show', '9f552a67:stockwiki/quick_scan_query.py'],)
kwargs = {'cwd': WindowsPath('C:/Users/郑曾波/Projects/invest-quick-scan/runs/w15a/sw'), 'stdout': -1, 'stderr': -1}

    def run(*popenargs,
            input=None, capture_output=False, timeout=None, check=False, **kwargs):
        """Run command with arguments and return a CompletedProcess instance.
    
        The returned instance will have attributes args, returncode, stdout and
        stderr. By default, stdout and stderr are not captured, and those attributes
        will be None. Pass stdout=PIPE and/or stderr=PIPE in order to capture them,
        or pass capture_output=True to capture both.
    
        If check is True and the exit code was non-zero, it raises a
        CalledProcessError. The CalledProcessError object will have the return code
        in the returncode attribute, and output & stderr attributes if those streams
        were captured.
    
        If timeout (seconds) is given and the process takes too long,
         a TimeoutExpired exception will be raised.
    
        There is an optional argument "input", allowing you to
        pass bytes or a string to the subprocess's stdin.  If you use this argument
        you may not also use the Popen constructor's "stdin" argument, as
        it will be used internally.
    
        By default, all communication is in bytes, and therefore any "input" should
        be bytes, and the stdout and stderr will be bytes. If in text mode, any
        "input" should be a string, and stdout and stderr will be strings decoded
        according to locale encoding, or by "encoding" if set. Text mode is
        triggered by setting any of text, encoding, errors or universal_newlines.
    
        The other arguments are the same as for the Popen constructor.
        """
        if input is not None:
            if kwargs.get('stdin') is not None:
                raise ValueError('stdin and input arguments may not both be used.')
            kwargs['stdin'] = PIPE
    
        if capture_output:
            if kwargs.get('stdout') is not None or kwargs.get('stderr') is not None:
                raise ValueError('stdout and stderr arguments may not be used '
                                 'with capture_output.')
            kwargs['stdout'] = PIPE
            kwargs['stderr'] = PIPE
    
        with Popen(*popenargs, **kwargs) as process:
            try:
                stdout, stderr = process.communicate(input, timeout=timeout)
            except TimeoutExpired as exc:
                process.kill()
                if _mswindows:
                    # Windows accumulates the output in a single blocking
                    # read() call run on child threads, with the timeout
                    # being done in a join() on those threads.  communicate()
                    # _after_ kill() is required to collect that and add it
                    # to the exception.
                    exc.stdout, exc.stderr = process.communicate()
                else:
                    # POSIX _communicate already populated the output so
                    # far into the TimeoutExpired exception.
                    process.wait()
                raise
            except:  # Including KeyboardInterrupt, communicate handled that.
                process.kill()
                # We don't call process.wait() as .__exit__ does that for us.
                raise
            retcode = process.poll()
            if check and retcode:
>               raise CalledProcessError(retcode, process.args,
                                         output=stdout, stderr=stderr)
E               subprocess.CalledProcessError: Command '['git', 'show', '9f552a67:stockwiki/quick_scan_query.py']' returned non-zero exit status 128.

C:\Miniconda\Lib\subprocess.py:577: CalledProcessError
================================== FAILURES ===================================
__________ test_positive_export_passes_iqs_cli_and_is_deterministic ___________

    def test_positive_export_passes_iqs_cli_and_is_deterministic() -> None:
        nonce = uuid.uuid4().hex[:12]
        roots = [
            Path.home() / "AppData" / "Local" / "Temp" / f"stockwiki-g2b-{nonce}-{i}" for i in (1, 2)
        ]
        assert all(not root.exists() for root in roots)
        production_root = SW_ROOT
        before = _data_state(production_root / "data") if (production_root / "data").exists() else []
        try:
            lines = []
            for root in roots:
>               _seed_fixture(root)

tests\e2e\test_g2b_iqs_cli.py:143: 
_ _ _ _ _ _ _ _ _ _ _ _ _ _ _ _ _ _ _ _ _ _ _ _ _ _ _ _ _ _ _ _ _ _ _ _ _ _ _ _
tests\e2e\test_g2b_iqs_cli.py:106: in _seed_fixture
    qss.migrate()
stockwiki\quick_scan_store.py:40: in migrate
    con = sqlite3.connect(self.database_path, timeout=30.0)
          ^^^^^^^^^^^^^^^^^^^^^^^^^^^^^^^^^^^^^^^^^^^^^^^^^
_ _ _ _ _ _ _ _ _ _ _ _ _ _ _ _ _ _ _ _ _ _ _ _ _ _ _ _ _ _ _ _ _ _ _ _ _ _ _ _

database = WindowsPath('C:/Users/郑曾波/AppData/Local/Temp/stockwiki-g2b-a9244f3b53c3-1/data/quick_scan/scan.sqlite')
args = (), kwargs = {'timeout': 30.0}

    def connect(database, *args, **kwargs):
        if database != ":memory:":
            text=str(database)
            if text.startswith("file:"):
                parsed=urlsplit(text)
                if parsed.netloc or parsed.fragment: raise RuntimeError("W15 offline: URI authority denied")
                text=unquote(parsed.path)
                if len(text)>3 and text[0]=="/" and text[2]==":": text=text[1:]
>           if not Path(text).resolve().is_relative_to(OWN): raise RuntimeError("W15 offline: foreign database denied")
                                                             ^^^^^^^^^^^^^^^^^^^^^^^^^^^^^^^^^^^^^^^^^^^^^^^^^^^^^^^^^^
E           RuntimeError: W15 offline: foreign database denied

sitecustomize.py:18: RuntimeError
_____ test_negative_mutations_are_rejected_by_iqs_cli[payload_entity_id] ______

mutation_name = 'payload_entity_id'
mutator = <function <lambda> at 0x000001E6D264E0C0>

    @pytest.mark.parametrize("mutation_name,mutator", _MUTATIONS, ids=[m[0] for m in _MUTATIONS])
    def test_negative_mutations_are_rejected_by_iqs_cli(mutation_name: str, mutator) -> None:
        nonce = uuid.uuid4().hex[:12]
        root = Path.home() / "AppData" / "Local" / "Temp" / f"stockwiki-g2b-neg-{nonce}"
        assert not root.exists()
        try:
>           request = _mutated(mutator)
                      ^^^^^^^^^^^^^^^^^

tests\e2e\test_g2b_iqs_cli.py:283: 
_ _ _ _ _ _ _ _ _ _ _ _ _ _ _ _ _ _ _ _ _ _ _ _ _ _ _ _ _ _ _ _ _ _ _ _ _ _ _ _
tests\e2e\test_g2b_iqs_cli.py:171: in _mutated
    request = _golden_request()
              ^^^^^^^^^^^^^^^^^
tests\e2e\test_g2b_iqs_cli.py:191: in _golden_request
    _seed_fixture(root)
tests\e2e\test_g2b_iqs_cli.py:106: in _seed_fixture
    qss.migrate()
stockwiki\quick_scan_store.py:40: in migrate
    con = sqlite3.connect(self.database_path, timeout=30.0)
          ^^^^^^^^^^^^^^^^^^^^^^^^^^^^^^^^^^^^^^^^^^^^^^^^^
_ _ _ _ _ _ _ _ _ _ _ _ _ _ _ _ _ _ _ _ _ _ _ _ _ _ _ _ _ _ _ _ _ _ _ _ _ _ _ _

database = WindowsPath('C:/Users/郑曾波/AppData/Local/Temp/stockwiki-g2b-golden-1aaf3f43c272/data/quick_scan/scan.sqlite')
args = (), kwargs = {'timeout': 30.0}

    def connect(database, *args, **kwargs):
        if database != ":memory:":
            text=str(database)
            if text.startswith("file:"):
                parsed=urlsplit(text)
                if parsed.netloc or parsed.fragment: raise RuntimeError("W15 offline: URI authority denied")
                text=unquote(parsed.path)
                if len(text)>3 and text[0]=="/" and text[2]==":": text=text[1:]
>           if not Path(text).resolve().is_relative_to(OWN): raise RuntimeError("W15 offline: foreign database denied")
                                                             ^^^^^^^^^^^^^^^^^^^^^^^^^^^^^^^^^^^^^^^^^^^^^^^^^^^^^^^^^^
E           RuntimeError: W15 offline: foreign database denied

sitecustomize.py:18: RuntimeError
__ test_negative_mutations_are_rejected_by_iqs_cli[payload_revision_bumped] ___

mutation_name = 'payload_revision_bumped'
mutator = <function <lambda> at 0x000001E6D264E160>

    @pytest.mark.parametrize("mutation_name,mutator", _MUTATIONS, ids=[m[0] for m in _MUTATIONS])
    def test_negative_mutations_are_rejected_by_iqs_cli(mutation_name: str, mutator) -> None:
        nonce = uuid.uuid4().hex[:12]
        root = Path.home() / "AppData" / "Local" / "Temp" / f"stockwiki-g2b-neg-{nonce}"
        assert not root.exists()
        try:
>           request = _mutated(mutator)
                      ^^^^^^^^^^^^^^^^^

tests\e2e\test_g2b_iqs_cli.py:283: 
_ _ _ _ _ _ _ _ _ _ _ _ _ _ _ _ _ _ _ _ _ _ _ _ _ _ _ _ _ _ _ _ _ _ _ _ _ _ _ _
tests\e2e\test_g2b_iqs_cli.py:171: in _mutated
    request = _golden_request()
              ^^^^^^^^^^^^^^^^^
tests\e2e\test_g2b_iqs_cli.py:191: in _golden_request
    _seed_fixture(root)
tests\e2e\test_g2b_iqs_cli.py:106: in _seed_fixture
    qss.migrate()
stockwiki\quick_scan_store.py:40: in migrate
    con = sqlite3.connect(self.database_path, timeout=30.0)
          ^^^^^^^^^^^^^^^^^^^^^^^^^^^^^^^^^^^^^^^^^^^^^^^^^
_ _ _ _ _ _ _ _ _ _ _ _ _ _ _ _ _ _ _ _ _ _ _ _ _ _ _ _ _ _ _ _ _ _ _ _ _ _ _ _

database = WindowsPath('C:/Users/郑曾波/AppData/Local/Temp/stockwiki-g2b-golden-97f309b6616f/data/quick_scan/scan.sqlite')
args = (), kwargs = {'timeout': 30.0}

    def connect(database, *args, **kwargs):
        if database != ":memory:":
            text=str(database)
            if text.startswith("file:"):
                parsed=urlsplit(text)
                if parsed.netloc or parsed.fragment: raise RuntimeError("W15 offline: URI authority denied")
                text=unquote(parsed.path)
                if len(text)>3 and text[0]=="/" and text[2]==":": text=text[1:]
>           if not Path(text).resolve().is_relative_to(OWN): raise RuntimeError("W15 offline: foreign database denied")
                                                             ^^^^^^^^^^^^^^^^^^^^^^^^^^^^^^^^^^^^^^^^^^^^^^^^^^^^^^^^^^
E           RuntimeError: W15 offline: foreign database denied

sitecustomize.py:18: RuntimeError
____ test_negative_mutations_are_rejected_by_iqs_cli[payload_security_id] _____

mutation_name = 'payload_security_id'
mutator = <function <lambda> at 0x000001E6D264E200>

    @pytest.mark.parametrize("mutation_name,mutator", _MUTATIONS, ids=[m[0] for m in _MUTATIONS])
    def test_negative_mutations_are_rejected_by_iqs_cli(mutation_name: str, mutator) -> None:
        nonce = uuid.uuid4().hex[:12]
        root = Path.home() / "AppData" / "Local" / "Temp" / f"stockwiki-g2b-neg-{nonce}"
        assert not root.exists()
        try:
>           request = _mutated(mutator)
                      ^^^^^^^^^^^^^^^^^

tests\e2e\test_g2b_iqs_cli.py:283: 
_ _ _ _ _ _ _ _ _ _ _ _ _ _ _ _ _ _ _ _ _ _ _ _ _ _ _ _ _ _ _ _ _ _ _ _ _ _ _ _
tests\e2e\test_g2b_iqs_cli.py:171: in _mutated
    request = _golden_request()
              ^^^^^^^^^^^^^^^^^
tests\e2e\test_g2b_iqs_cli.py:191: in _golden_request
    _seed_fixture(root)
tests\e2e\test_g2b_iqs_cli.py:106: in _seed_fixture
    qss.migrate()
stockwiki\quick_scan_store.py:40: in migrate
    con = sqlite3.connect(self.database_path, timeout=30.0)
          ^^^^^^^^^^^^^^^^^^^^^^^^^^^^^^^^^^^^^^^^^^^^^^^^^
_ _ _ _ _ _ _ _ _ _ _ _ _ _ _ _ _ _ _ _ _ _ _ _ _ _ _ _ _ _ _ _ _ _ _ _ _ _ _ _

database = WindowsPath('C:/Users/郑曾波/AppData/Local/Temp/stockwiki-g2b-golden-90f2b8d1a1ea/data/quick_scan/scan.sqlite')
args = (), kwargs = {'timeout': 30.0}

    def connect(database, *args, **kwargs):
        if database != ":memory:":
            text=str(database)
            if text.startswith("file:"):
                parsed=urlsplit(text)
                if parsed.netloc or parsed.fragment: raise RuntimeError("W15 offline: URI authority denied")
                text=unquote(parsed.path)
                if len(text)>3 and text[0]=="/" and text[2]==":": text=text[1:]
>           if not Path(text).resolve().is_relative_to(OWN): raise RuntimeError("W15 offline: foreign database denied")
                                                             ^^^^^^^^^^^^^^^^^^^^^^^^^^^^^^^^^^^^^^^^^^^^^^^^^^^^^^^^^^
E           RuntimeError: W15 offline: foreign database denied

sitecustomize.py:18: RuntimeError
__ test_negative_mutations_are_rejected_by_iqs_cli[listing_mic_unregistered] __

mutation_name = 'listing_mic_unregistered'
mutator = <function <lambda> at 0x000001E6D264E2A0>

    @pytest.mark.parametrize("mutation_name,mutator", _MUTATIONS, ids=[m[0] for m in _MUTATIONS])
    def test_negative_mutations_are_rejected_by_iqs_cli(mutation_name: str, mutator) -> None:
        nonce = uuid.uuid4().hex[:12]
        root = Path.home() / "AppData" / "Local" / "Temp" / f"stockwiki-g2b-neg-{nonce}"
        assert not root.exists()
        try:
>           request = _mutated(mutator)
                      ^^^^^^^^^^^^^^^^^

tests\e2e\test_g2b_iqs_cli.py:283: 
_ _ _ _ _ _ _ _ _ _ _ _ _ _ _ _ _ _ _ _ _ _ _ _ _ _ _ _ _ _ _ _ _ _ _ _ _ _ _ _
tests\e2e\test_g2b_iqs_cli.py:171: in _mutated
    request = _golden_request()
              ^^^^^^^^^^^^^^^^^
tests\e2e\test_g2b_iqs_cli.py:191: in _golden_request
    _seed_fixture(root)
tests\e2e\test_g2b_iqs_cli.py:106: in _seed_fixture
    qss.migrate()
stockwiki\quick_scan_store.py:40: in migrate
    con = sqlite3.connect(self.database_path, timeout=30.0)
          ^^^^^^^^^^^^^^^^^^^^^^^^^^^^^^^^^^^^^^^^^^^^^^^^^
_ _ _ _ _ _ _ _ _ _ _ _ _ _ _ _ _ _ _ _ _ _ _ _ _ _ _ _ _ _ _ _ _ _ _ _ _ _ _ _

database = WindowsPath('C:/Users/郑曾波/AppData/Local/Temp/stockwiki-g2b-golden-5635a20fcef2/data/quick_scan/scan.sqlite')
args = (), kwargs = {'timeout': 30.0}

    def connect(database, *args, **kwargs):
        if database != ":memory:":
            text=str(database)
            if text.startswith("file:"):
                parsed=urlsplit(text)
                if parsed.netloc or parsed.fragment: raise RuntimeError("W15 offline: URI authority denied")
                text=unquote(parsed.path)
                if len(text)>3 and text[0]=="/" and text[2]==":": text=text[1:]
>           if not Path(text).resolve().is_relative_to(OWN): raise RuntimeError("W15 offline: foreign database denied")
                                                             ^^^^^^^^^^^^^^^^^^^^^^^^^^^^^^^^^^^^^^^^^^^^^^^^^^^^^^^^^^
E           RuntimeError: W15 offline: foreign database denied

sitecustomize.py:18: RuntimeError
___ test_negative_mutations_are_rejected_by_iqs_cli[listing_ticker_changed] ___

mutation_name = 'listing_ticker_changed'
mutator = <function <lambda> at 0x000001E6D264E340>

    @pytest.mark.parametrize("mutation_name,mutator", _MUTATIONS, ids=[m[0] for m in _MUTATIONS])
    def test_negative_mutations_are_rejected_by_iqs_cli(mutation_name: str, mutator) -> None:
        nonce = uuid.uuid4().hex[:12]
        root = Path.home() / "AppData" / "Local" / "Temp" / f"stockwiki-g2b-neg-{nonce}"
        assert not root.exists()
        try:
>           request = _mutated(mutator)
                      ^^^^^^^^^^^^^^^^^

tests\e2e\test_g2b_iqs_cli.py:283: 
_ _ _ _ _ _ _ _ _ _ _ _ _ _ _ _ _ _ _ _ _ _ _ _ _ _ _ _ _ _ _ _ _ _ _ _ _ _ _ _
tests\e2e\test_g2b_iqs_cli.py:171: in _mutated
    request = _golden_request()
              ^^^^^^^^^^^^^^^^^
tests\e2e\test_g2b_iqs_cli.py:191: in _golden_request
    _seed_fixture(root)
tests\e2e\test_g2b_iqs_cli.py:106: in _seed_fixture
    qss.migrate()
stockwiki\quick_scan_store.py:40: in migrate
    con = sqlite3.connect(self.database_path, timeout=30.0)
          ^^^^^^^^^^^^^^^^^^^^^^^^^^^^^^^^^^^^^^^^^^^^^^^^^
_ _ _ _ _ _ _ _ _ _ _ _ _ _ _ _ _ _ _ _ _ _ _ _ _ _ _ _ _ _ _ _ _ _ _ _ _ _ _ _

database = WindowsPath('C:/Users/郑曾波/AppData/Local/Temp/stockwiki-g2b-golden-12b78e5fe60a/data/quick_scan/scan.sqlite')
args = (), kwargs = {'timeout': 30.0}

    def connect(database, *args, **kwargs):
        if database != ":memory:":
            text=str(database)
            if text.startswith("file:"):
                parsed=urlsplit(text)
                if parsed.netloc or parsed.fragment: raise RuntimeError("W15 offline: URI authority denied")
                text=unquote(parsed.path)
                if len(text)>3 and text[0]=="/" and text[2]==":": text=text[1:]
>           if not Path(text).resolve().is_relative_to(OWN): raise RuntimeError("W15 offline: foreign database denied")
                                                             ^^^^^^^^^^^^^^^^^^^^^^^^^^^^^^^^^^^^^^^^^^^^^^^^^^^^^^^^^^
E           RuntimeError: W15 offline: foreign database denied

sitecustomize.py:18: RuntimeError
_____ test_negative_mutations_are_rejected_by_iqs_cli[listing_id_changed] _____

mutation_name = 'listing_id_changed'
mutator = <function <lambda> at 0x000001E6D264E3E0>

    @pytest.mark.parametrize("mutation_name,mutator", _MUTATIONS, ids=[m[0] for m in _MUTATIONS])
    def test_negative_mutations_are_rejected_by_iqs_cli(mutation_name: str, mutator) -> None:
        nonce = uuid.uuid4().hex[:12]
        root = Path.home() / "AppData" / "Local" / "Temp" / f"stockwiki-g2b-neg-{nonce}"
        assert not root.exists()
        try:
>           request = _mutated(mutator)
                      ^^^^^^^^^^^^^^^^^

tests\e2e\test_g2b_iqs_cli.py:283: 
_ _ _ _ _ _ _ _ _ _ _ _ _ _ _ _ _ _ _ _ _ _ _ _ _ _ _ _ _ _ _ _ _ _ _ _ _ _ _ _
tests\e2e\test_g2b_iqs_cli.py:171: in _mutated
    request = _golden_request()
              ^^^^^^^^^^^^^^^^^
tests\e2e\test_g2b_iqs_cli.py:191: in _golden_request
    _seed_fixture(root)
tests\e2e\test_g2b_iqs_cli.py:106: in _seed_fixture
    qss.migrate()
stockwiki\quick_scan_store.py:40: in migrate
    con = sqlite3.connect(self.database_path, timeout=30.0)
          ^^^^^^^^^^^^^^^^^^^^^^^^^^^^^^^^^^^^^^^^^^^^^^^^^
_ _ _ _ _ _ _ _ _ _ _ _ _ _ _ _ _ _ _ _ _ _ _ _ _ _ _ _ _ _ _ _ _ _ _ _ _ _ _ _

database = WindowsPath('C:/Users/郑曾波/AppData/Local/Temp/stockwiki-g2b-golden-ecb825db9ce3/data/quick_scan/scan.sqlite')
args = (), kwargs = {'timeout': 30.0}

    def connect(database, *args, **kwargs):
        if database != ":memory:":
            text=str(database)
            if text.startswith("file:"):
                parsed=urlsplit(text)
                if parsed.netloc or parsed.fragment: raise RuntimeError("W15 offline: URI authority denied")
                text=unquote(parsed.path)
                if len(text)>3 and text[0]=="/" and text[2]==":": text=text[1:]
>           if not Path(text).resolve().is_relative_to(OWN): raise RuntimeError("W15 offline: foreign database denied")
                                                             ^^^^^^^^^^^^^^^^^^^^^^^^^^^^^^^^^^^^^^^^^^^^^^^^^^^^^^^^^^
E           RuntimeError: W15 offline: foreign database denied

sitecustomize.py:18: RuntimeError
__ test_negative_mutations_are_rejected_by_iqs_cli[registry_market_removed] ___

mutation_name = 'registry_market_removed'
mutator = <function <lambda> at 0x000001E6D264E480>

    @pytest.mark.parametrize("mutation_name,mutator", _MUTATIONS, ids=[m[0] for m in _MUTATIONS])
    def test_negative_mutations_are_rejected_by_iqs_cli(mutation_name: str, mutator) -> None:
        nonce = uuid.uuid4().hex[:12]
        root = Path.home() / "AppData" / "Local" / "Temp" / f"stockwiki-g2b-neg-{nonce}"
        assert not root.exists()
        try:
>           request = _mutated(mutator)
                      ^^^^^^^^^^^^^^^^^

tests\e2e\test_g2b_iqs_cli.py:283: 
_ _ _ _ _ _ _ _ _ _ _ _ _ _ _ _ _ _ _ _ _ _ _ _ _ _ _ _ _ _ _ _ _ _ _ _ _ _ _ _
tests\e2e\test_g2b_iqs_cli.py:171: in _mutated
    request = _golden_request()
              ^^^^^^^^^^^^^^^^^
tests\e2e\test_g2b_iqs_cli.py:191: in _golden_request
    _seed_fixture(root)
tests\e2e\test_g2b_iqs_cli.py:106: in _seed_fixture
    qss.migrate()
stockwiki\quick_scan_store.py:40: in migrate
    con = sqlite3.connect(self.database_path, timeout=30.0)
          ^^^^^^^^^^^^^^^^^^^^^^^^^^^^^^^^^^^^^^^^^^^^^^^^^
_ _ _ _ _ _ _ _ _ _ _ _ _ _ _ _ _ _ _ _ _ _ _ _ _ _ _ _ _ _ _ _ _ _ _ _ _ _ _ _

database = WindowsPath('C:/Users/郑曾波/AppData/Local/Temp/stockwiki-g2b-golden-2df7a3aa0f7a/data/quick_scan/scan.sqlite')
args = (), kwargs = {'timeout': 30.0}

    def connect(database, *args, **kwargs):
        if database != ":memory:":
            text=str(database)
            if text.startswith("file:"):
                parsed=urlsplit(text)
                if parsed.netloc or parsed.fragment: raise RuntimeError("W15 offline: URI authority denied")
                text=unquote(parsed.path)
                if len(text)>3 and text[0]=="/" and text[2]==":": text=text[1:]
>           if not Path(text).resolve().is_relative_to(OWN): raise RuntimeError("W15 offline: foreign database denied")
                                                             ^^^^^^^^^^^^^^^^^^^^^^^^^^^^^^^^^^^^^^^^^^^^^^^^^^^^^^^^^^
E           RuntimeError: W15 offline: foreign database denied

sitecustomize.py:18: RuntimeError
____ test_negative_mutations_are_rejected_by_iqs_cli[registry_mic_removed] ____

mutation_name = 'registry_mic_removed'
mutator = <function <lambda> at 0x000001E6D264E520>

    @pytest.mark.parametrize("mutation_name,mutator", _MUTATIONS, ids=[m[0] for m in _MUTATIONS])
    def test_negative_mutations_are_rejected_by_iqs_cli(mutation_name: str, mutator) -> None:
        nonce = uuid.uuid4().hex[:12]
        root = Path.home() / "AppData" / "Local" / "Temp" / f"stockwiki-g2b-neg-{nonce}"
        assert not root.exists()
        try:
>           request = _mutated(mutator)
                      ^^^^^^^^^^^^^^^^^

tests\e2e\test_g2b_iqs_cli.py:283: 
_ _ _ _ _ _ _ _ _ _ _ _ _ _ _ _ _ _ _ _ _ _ _ _ _ _ _ _ _ _ _ _ _ _ _ _ _ _ _ _
tests\e2e\test_g2b_iqs_cli.py:171: in _mutated
    request = _golden_request()
              ^^^^^^^^^^^^^^^^^
tests\e2e\test_g2b_iqs_cli.py:191: in _golden_request
    _seed_fixture(root)
tests\e2e\test_g2b_iqs_cli.py:106: in _seed_fixture
    qss.migrate()
stockwiki\quick_scan_store.py:40: in migrate
    con = sqlite3.connect(self.database_path, timeout=30.0)
          ^^^^^^^^^^^^^^^^^^^^^^^^^^^^^^^^^^^^^^^^^^^^^^^^^
_ _ _ _ _ _ _ _ _ _ _ _ _ _ _ _ _ _ _ _ _ _ _ _ _ _ _ _ _ _ _ _ _ _ _ _ _ _ _ _

database = WindowsPath('C:/Users/郑曾波/AppData/Local/Temp/stockwiki-g2b-golden-e8d360ee949e/data/quick_scan/scan.sqlite')
args = (), kwargs = {'timeout': 30.0}

    def connect(database, *args, **kwargs):
        if database != ":memory:":
            text=str(database)
            if text.startswith("file:"):
                parsed=urlsplit(text)
                if parsed.netloc or parsed.fragment: raise RuntimeError("W15 offline: URI authority denied")
                text=unquote(parsed.path)
                if len(text)>3 and text[0]=="/" and text[2]==":": text=text[1:]
>           if not Path(text).resolve().is_relative_to(OWN): raise RuntimeError("W15 offline: foreign database denied")
                                                             ^^^^^^^^^^^^^^^^^^^^^^^^^^^^^^^^^^^^^^^^^^^^^^^^^^^^^^^^^^
E           RuntimeError: W15 offline: foreign database denied

sitecustomize.py:18: RuntimeError
______ test_negative_mutations_are_rejected_by_iqs_cli[receipt_removed] _______

mutation_name = 'receipt_removed'
mutator = <function <lambda> at 0x000001E6D264E5C0>

    @pytest.mark.parametrize("mutation_name,mutator", _MUTATIONS, ids=[m[0] for m in _MUTATIONS])
    def test_negative_mutations_are_rejected_by_iqs_cli(mutation_name: str, mutator) -> None:
        nonce = uuid.uuid4().hex[:12]
        root = Path.home() / "AppData" / "Local" / "Temp" / f"stockwiki-g2b-neg-{nonce}"
        assert not root.exists()
        try:
>           request = _mutated(mutator)
                      ^^^^^^^^^^^^^^^^^

tests\e2e\test_g2b_iqs_cli.py:283: 
_ _ _ _ _ _ _ _ _ _ _ _ _ _ _ _ _ _ _ _ _ _ _ _ _ _ _ _ _ _ _ _ _ _ _ _ _ _ _ _
tests\e2e\test_g2b_iqs_cli.py:171: in _mutated
    request = _golden_request()
              ^^^^^^^^^^^^^^^^^
tests\e2e\test_g2b_iqs_cli.py:191: in _golden_request
    _seed_fixture(root)
tests\e2e\test_g2b_iqs_cli.py:106: in _seed_fixture
    qss.migrate()
stockwiki\quick_scan_store.py:40: in migrate
    con = sqlite3.connect(self.database_path, timeout=30.0)
          ^^^^^^^^^^^^^^^^^^^^^^^^^^^^^^^^^^^^^^^^^^^^^^^^^
_ _ _ _ _ _ _ _ _ _ _ _ _ _ _ _ _ _ _ _ _ _ _ _ _ _ _ _ _ _ _ _ _ _ _ _ _ _ _ _

database = WindowsPath('C:/Users/郑曾波/AppData/Local/Temp/stockwiki-g2b-golden-e11800f9fbad/data/quick_scan/scan.sqlite')
args = (), kwargs = {'timeout': 30.0}

    def connect(database, *args, **kwargs):
        if database != ":memory:":
            text=str(database)
            if text.startswith("file:"):
                parsed=urlsplit(text)
                if parsed.netloc or parsed.fragment: raise RuntimeError("W15 offline: URI authority denied")
                text=unquote(parsed.path)
                if len(text)>3 and text[0]=="/" and text[2]==":": text=text[1:]
>           if not Path(text).resolve().is_relative_to(OWN): raise RuntimeError("W15 offline: foreign database denied")
                                                             ^^^^^^^^^^^^^^^^^^^^^^^^^^^^^^^^^^^^^^^^^^^^^^^^^^^^^^^^^^
E           RuntimeError: W15 offline: foreign database denied

sitecustomize.py:18: RuntimeError
______ test_negative_mutations_are_rejected_by_iqs_cli[receipt_revision] ______

mutation_name = 'receipt_revision'
mutator = <function <lambda> at 0x000001E6D264E660>

    @pytest.mark.parametrize("mutation_name,mutator", _MUTATIONS, ids=[m[0] for m in _MUTATIONS])
    def test_negative_mutations_are_rejected_by_iqs_cli(mutation_name: str, mutator) -> None:
        nonce = uuid.uuid4().hex[:12]
        root = Path.home() / "AppData" / "Local" / "Temp" / f"stockwiki-g2b-neg-{nonce}"
        assert not root.exists()
        try:
>           request = _mutated(mutator)
                      ^^^^^^^^^^^^^^^^^

tests\e2e\test_g2b_iqs_cli.py:283: 
_ _ _ _ _ _ _ _ _ _ _ _ _ _ _ _ _ _ _ _ _ _ _ _ _ _ _ _ _ _ _ _ _ _ _ _ _ _ _ _
tests\e2e\test_g2b_iqs_cli.py:171: in _mutated
    request = _golden_request()
              ^^^^^^^^^^^^^^^^^
tests\e2e\test_g2b_iqs_cli.py:191: in _golden_request
    _seed_fixture(root)
tests\e2e\test_g2b_iqs_cli.py:106: in _seed_fixture
    qss.migrate()
stockwiki\quick_scan_store.py:40: in migrate
    con = sqlite3.connect(self.database_path, timeout=30.0)
          ^^^^^^^^^^^^^^^^^^^^^^^^^^^^^^^^^^^^^^^^^^^^^^^^^
_ _ _ _ _ _ _ _ _ _ _ _ _ _ _ _ _ _ _ _ _ _ _ _ _ _ _ _ _ _ _ _ _ _ _ _ _ _ _ _

database = WindowsPath('C:/Users/郑曾波/AppData/Local/Temp/stockwiki-g2b-golden-a6817aee938e/data/quick_scan/scan.sqlite')
args = (), kwargs = {'timeout': 30.0}

    def connect(database, *args, **kwargs):
        if database != ":memory:":
            text=str(database)
            if text.startswith("file:"):
                parsed=urlsplit(text)
                if parsed.netloc or parsed.fragment: raise RuntimeError("W15 offline: URI authority denied")
                text=unquote(parsed.path)
                if len(text)>3 and text[0]=="/" and text[2]==":": text=text[1:]
>           if not Path(text).resolve().is_relative_to(OWN): raise RuntimeError("W15 offline: foreign database denied")
                                                             ^^^^^^^^^^^^^^^^^^^^^^^^^^^^^^^^^^^^^^^^^^^^^^^^^^^^^^^^^^
E           RuntimeError: W15 offline: foreign database denied

sitecustomize.py:18: RuntimeError
__ test_negative_mutations_are_rejected_by_iqs_cli[receipt_status_archived] ___

mutation_name = 'receipt_status_archived'
mutator = <function <lambda> at 0x000001E6D264E700>

    @pytest.mark.parametrize("mutation_name,mutator", _MUTATIONS, ids=[m[0] for m in _MUTATIONS])
    def test_negative_mutations_are_rejected_by_iqs_cli(mutation_name: str, mutator) -> None:
        nonce = uuid.uuid4().hex[:12]
        root = Path.home() / "AppData" / "Local" / "Temp" / f"stockwiki-g2b-neg-{nonce}"
        assert not root.exists()
        try:
>           request = _mutated(mutator)
                      ^^^^^^^^^^^^^^^^^

tests\e2e\test_g2b_iqs_cli.py:283: 
_ _ _ _ _ _ _ _ _ _ _ _ _ _ _ _ _ _ _ _ _ _ _ _ _ _ _ _ _ _ _ _ _ _ _ _ _ _ _ _
tests\e2e\test_g2b_iqs_cli.py:171: in _mutated
    request = _golden_request()
              ^^^^^^^^^^^^^^^^^
tests\e2e\test_g2b_iqs_cli.py:191: in _golden_request
    _seed_fixture(root)
tests\e2e\test_g2b_iqs_cli.py:106: in _seed_fixture
    qss.migrate()
stockwiki\quick_scan_store.py:40: in migrate
    con = sqlite3.connect(self.database_path, timeout=30.0)
          ^^^^^^^^^^^^^^^^^^^^^^^^^^^^^^^^^^^^^^^^^^^^^^^^^
_ _ _ _ _ _ _ _ _ _ _ _ _ _ _ _ _ _ _ _ _ _ _ _ _ _ _ _ _ _ _ _ _ _ _ _ _ _ _ _

database = WindowsPath('C:/Users/郑曾波/AppData/Local/Temp/stockwiki-g2b-golden-c60ff9f5d93d/data/quick_scan/scan.sqlite')
args = (), kwargs = {'timeout': 30.0}

    def connect(database, *args, **kwargs):
        if database != ":memory:":
            text=str(database)
            if text.startswith("file:"):
                parsed=urlsplit(text)
                if parsed.netloc or parsed.fragment: raise RuntimeError("W15 offline: URI authority denied")
                text=unquote(parsed.path)
                if len(text)>3 and text[0]=="/" and text[2]==":": text=text[1:]
>           if not Path(text).resolve().is_relative_to(OWN): raise RuntimeError("W15 offline: foreign database denied")
                                                             ^^^^^^^^^^^^^^^^^^^^^^^^^^^^^^^^^^^^^^^^^^^^^^^^^^^^^^^^^^
E           RuntimeError: W15 offline: foreign database denied

sitecustomize.py:18: RuntimeError
_ test_negative_mutations_are_rejected_by_iqs_cli[receipt_non_utc_recorded_at] _

mutation_name = 'receipt_non_utc_recorded_at'
mutator = <function <lambda> at 0x000001E6D264E7A0>

    @pytest.mark.parametrize("mutation_name,mutator", _MUTATIONS, ids=[m[0] for m in _MUTATIONS])
    def test_negative_mutations_are_rejected_by_iqs_cli(mutation_name: str, mutator) -> None:
        nonce = uuid.uuid4().hex[:12]
        root = Path.home() / "AppData" / "Local" / "Temp" / f"stockwiki-g2b-neg-{nonce}"
        assert not root.exists()
        try:
>           request = _mutated(mutator)
                      ^^^^^^^^^^^^^^^^^

tests\e2e\test_g2b_iqs_cli.py:283: 
_ _ _ _ _ _ _ _ _ _ _ _ _ _ _ _ _ _ _ _ _ _ _ _ _ _ _ _ _ _ _ _ _ _ _ _ _ _ _ _
tests\e2e\test_g2b_iqs_cli.py:171: in _mutated
    request = _golden_request()
              ^^^^^^^^^^^^^^^^^
tests\e2e\test_g2b_iqs_cli.py:191: in _golden_request
    _seed_fixture(root)
tests\e2e\test_g2b_iqs_cli.py:106: in _seed_fixture
    qss.migrate()
stockwiki\quick_scan_store.py:40: in migrate
    con = sqlite3.connect(self.database_path, timeout=30.0)
          ^^^^^^^^^^^^^^^^^^^^^^^^^^^^^^^^^^^^^^^^^^^^^^^^^
_ _ _ _ _ _ _ _ _ _ _ _ _ _ _ _ _ _ _ _ _ _ _ _ _ _ _ _ _ _ _ _ _ _ _ _ _ _ _ _

database = WindowsPath('C:/Users/郑曾波/AppData/Local/Temp/stockwiki-g2b-golden-27ad6bbf199d/data/quick_scan/scan.sqlite')
args = (), kwargs = {'timeout': 30.0}

    def connect(database, *args, **kwargs):
        if database != ":memory:":
            text=str(database)
            if text.startswith("file:"):
                parsed=urlsplit(text)
                if parsed.netloc or parsed.fragment: raise RuntimeError("W15 offline: URI authority denied")
                text=unquote(parsed.path)
                if len(text)>3 and text[0]=="/" and text[2]==":": text=text[1:]
>           if not Path(text).resolve().is_relative_to(OWN): raise RuntimeError("W15 offline: foreign database denied")
                                                             ^^^^^^^^^^^^^^^^^^^^^^^^^^^^^^^^^^^^^^^^^^^^^^^^^^^^^^^^^^
E           RuntimeError: W15 offline: foreign database denied

sitecustomize.py:18: RuntimeError
_ test_negative_mutations_are_rejected_by_iqs_cli[receipt_basis_without_actor] _

mutation_name = 'receipt_basis_without_actor'
mutator = <function <lambda> at 0x000001E6D264E840>

    @pytest.mark.parametrize("mutation_name,mutator", _MUTATIONS, ids=[m[0] for m in _MUTATIONS])
    def test_negative_mutations_are_rejected_by_iqs_cli(mutation_name: str, mutator) -> None:
        nonce = uuid.uuid4().hex[:12]
        root = Path.home() / "AppData" / "Local" / "Temp" / f"stockwiki-g2b-neg-{nonce}"
        assert not root.exists()
        try:
>           request = _mutated(mutator)
                      ^^^^^^^^^^^^^^^^^

tests\e2e\test_g2b_iqs_cli.py:283: 
_ _ _ _ _ _ _ _ _ _ _ _ _ _ _ _ _ _ _ _ _ _ _ _ _ _ _ _ _ _ _ _ _ _ _ _ _ _ _ _
tests\e2e\test_g2b_iqs_cli.py:171: in _mutated
    request = _golden_request()
              ^^^^^^^^^^^^^^^^^
tests\e2e\test_g2b_iqs_cli.py:191: in _golden_request
    _seed_fixture(root)
tests\e2e\test_g2b_iqs_cli.py:106: in _seed_fixture
    qss.migrate()
stockwiki\quick_scan_store.py:40: in migrate
    con = sqlite3.connect(self.database_path, timeout=30.0)
          ^^^^^^^^^^^^^^^^^^^^^^^^^^^^^^^^^^^^^^^^^^^^^^^^^
_ _ _ _ _ _ _ _ _ _ _ _ _ _ _ _ _ _ _ _ _ _ _ _ _ _ _ _ _ _ _ _ _ _ _ _ _ _ _ _

database = WindowsPath('C:/Users/郑曾波/AppData/Local/Temp/stockwiki-g2b-golden-be55ab9f1b86/data/quick_scan/scan.sqlite')
args = (), kwargs = {'timeout': 30.0}

    def connect(database, *args, **kwargs):
        if database != ":memory:":
            text=str(database)
            if text.startswith("file:"):
                parsed=urlsplit(text)
                if parsed.netloc or parsed.fragment: raise RuntimeError("W15 offline: URI authority denied")
                text=unquote(parsed.path)
                if len(text)>3 and text[0]=="/" and text[2]==":": text=text[1:]
>           if not Path(text).resolve().is_relative_to(OWN): raise RuntimeError("W15 offline: foreign database denied")
                                                             ^^^^^^^^^^^^^^^^^^^^^^^^^^^^^^^^^^^^^^^^^^^^^^^^^^^^^^^^^^
E           RuntimeError: W15 offline: foreign database denied

sitecustomize.py:18: RuntimeError
______ test_negative_mutations_are_rejected_by_iqs_cli[binding_removed] _______

mutation_name = 'binding_removed'
mutator = <function <lambda> at 0x000001E6D264E8E0>

    @pytest.mark.parametrize("mutation_name,mutator", _MUTATIONS, ids=[m[0] for m in _MUTATIONS])
    def test_negative_mutations_are_rejected_by_iqs_cli(mutation_name: str, mutator) -> None:
        nonce = uuid.uuid4().hex[:12]
        root = Path.home() / "AppData" / "Local" / "Temp" / f"stockwiki-g2b-neg-{nonce}"
        assert not root.exists()
        try:
>           request = _mutated(mutator)
                      ^^^^^^^^^^^^^^^^^

tests\e2e\test_g2b_iqs_cli.py:283: 
_ _ _ _ _ _ _ _ _ _ _ _ _ _ _ _ _ _ _ _ _ _ _ _ _ _ _ _ _ _ _ _ _ _ _ _ _ _ _ _
tests\e2e\test_g2b_iqs_cli.py:171: in _mutated
    request = _golden_request()
              ^^^^^^^^^^^^^^^^^
tests\e2e\test_g2b_iqs_cli.py:191: in _golden_request
    _seed_fixture(root)
tests\e2e\test_g2b_iqs_cli.py:106: in _seed_fixture
    qss.migrate()
stockwiki\quick_scan_store.py:40: in migrate
    con = sqlite3.connect(self.database_path, timeout=30.0)
          ^^^^^^^^^^^^^^^^^^^^^^^^^^^^^^^^^^^^^^^^^^^^^^^^^
_ _ _ _ _ _ _ _ _ _ _ _ _ _ _ _ _ _ _ _ _ _ _ _ _ _ _ _ _ _ _ _ _ _ _ _ _ _ _ _

database = WindowsPath('C:/Users/郑曾波/AppData/Local/Temp/stockwiki-g2b-golden-21c79840d501/data/quick_scan/scan.sqlite')
args = (), kwargs = {'timeout': 30.0}

    def connect(database, *args, **kwargs):
        if database != ":memory:":
            text=str(database)
            if text.startswith("file:"):
                parsed=urlsplit(text)
                if parsed.netloc or parsed.fragment: raise RuntimeError("W15 offline: URI authority denied")
                text=unquote(parsed.path)
                if len(text)>3 and text[0]=="/" and text[2]==":": text=text[1:]
>           if not Path(text).resolve().is_relative_to(OWN): raise RuntimeError("W15 offline: foreign database denied")
                                                             ^^^^^^^^^^^^^^^^^^^^^^^^^^^^^^^^^^^^^^^^^^^^^^^^^^^^^^^^^^
E           RuntimeError: W15 offline: foreign database denied

sitecustomize.py:18: RuntimeError
_ test_negative_mutations_are_rejected_by_iqs_cli[binding_source_record_changed] _

mutation_name = 'binding_source_record_changed'
mutator = <function <lambda> at 0x000001E6D264E980>

    @pytest.mark.parametrize("mutation_name,mutator", _MUTATIONS, ids=[m[0] for m in _MUTATIONS])
    def test_negative_mutations_are_rejected_by_iqs_cli(mutation_name: str, mutator) -> None:
        nonce = uuid.uuid4().hex[:12]
        root = Path.home() / "AppData" / "Local" / "Temp" / f"stockwiki-g2b-neg-{nonce}"
        assert not root.exists()
        try:
>           request = _mutated(mutator)
                      ^^^^^^^^^^^^^^^^^

tests\e2e\test_g2b_iqs_cli.py:283: 
_ _ _ _ _ _ _ _ _ _ _ _ _ _ _ _ _ _ _ _ _ _ _ _ _ _ _ _ _ _ _ _ _ _ _ _ _ _ _ _
tests\e2e\test_g2b_iqs_cli.py:171: in _mutated
    request = _golden_request()
              ^^^^^^^^^^^^^^^^^
tests\e2e\test_g2b_iqs_cli.py:191: in _golden_request
    _seed_fixture(root)
tests\e2e\test_g2b_iqs_cli.py:106: in _seed_fixture
    qss.migrate()
stockwiki\quick_scan_store.py:40: in migrate
    con = sqlite3.connect(self.database_path, timeout=30.0)
          ^^^^^^^^^^^^^^^^^^^^^^^^^^^^^^^^^^^^^^^^^^^^^^^^^
_ _ _ _ _ _ _ _ _ _ _ _ _ _ _ _ _ _ _ _ _ _ _ _ _ _ _ _ _ _ _ _ _ _ _ _ _ _ _ _

database = WindowsPath('C:/Users/郑曾波/AppData/Local/Temp/stockwiki-g2b-golden-a4a45bffac06/data/quick_scan/scan.sqlite')
args = (), kwargs = {'timeout': 30.0}

    def connect(database, *args, **kwargs):
        if database != ":memory:":
            text=str(database)
            if text.startswith("file:"):
                parsed=urlsplit(text)
                if parsed.netloc or parsed.fragment: raise RuntimeError("W15 offline: URI authority denied")
                text=unquote(parsed.path)
                if len(text)>3 and text[0]=="/" and text[2]==":": text=text[1:]
>           if not Path(text).resolve().is_relative_to(OWN): raise RuntimeError("W15 offline: foreign database denied")
                                                             ^^^^^^^^^^^^^^^^^^^^^^^^^^^^^^^^^^^^^^^^^^^^^^^^^^^^^^^^^^
E           RuntimeError: W15 offline: foreign database denied

sitecustomize.py:18: RuntimeError
___ test_negative_mutations_are_rejected_by_iqs_cli[binding_ticker_changed] ___

mutation_name = 'binding_ticker_changed'
mutator = <function <lambda> at 0x000001E6D264EA20>

    @pytest.mark.parametrize("mutation_name,mutator", _MUTATIONS, ids=[m[0] for m in _MUTATIONS])
    def test_negative_mutations_are_rejected_by_iqs_cli(mutation_name: str, mutator) -> None:
        nonce = uuid.uuid4().hex[:12]
        root = Path.home() / "AppData" / "Local" / "Temp" / f"stockwiki-g2b-neg-{nonce}"
        assert not root.exists()
        try:
>           request = _mutated(mutator)
                      ^^^^^^^^^^^^^^^^^

tests\e2e\test_g2b_iqs_cli.py:283: 
_ _ _ _ _ _ _ _ _ _ _ _ _ _ _ _ _ _ _ _ _ _ _ _ _ _ _ _ _ _ _ _ _ _ _ _ _ _ _ _
tests\e2e\test_g2b_iqs_cli.py:171: in _mutated
    request = _golden_request()
              ^^^^^^^^^^^^^^^^^
tests\e2e\test_g2b_iqs_cli.py:191: in _golden_request
    _seed_fixture(root)
tests\e2e\test_g2b_iqs_cli.py:106: in _seed_fixture
    qss.migrate()
stockwiki\quick_scan_store.py:40: in migrate
    con = sqlite3.connect(self.database_path, timeout=30.0)
          ^^^^^^^^^^^^^^^^^^^^^^^^^^^^^^^^^^^^^^^^^^^^^^^^^
_ _ _ _ _ _ _ _ _ _ _ _ _ _ _ _ _ _ _ _ _ _ _ _ _ _ _ _ _ _ _ _ _ _ _ _ _ _ _ _

database = WindowsPath('C:/Users/郑曾波/AppData/Local/Temp/stockwiki-g2b-golden-5617697d36ee/data/quick_scan/scan.sqlite')
args = (), kwargs = {'timeout': 30.0}

    def connect(database, *args, **kwargs):
        if database != ":memory:":
            text=str(database)
            if text.startswith("file:"):
                parsed=urlsplit(text)
                if parsed.netloc or parsed.fragment: raise RuntimeError("W15 offline: URI authority denied")
                text=unquote(parsed.path)
                if len(text)>3 and text[0]=="/" and text[2]==":": text=text[1:]
>           if not Path(text).resolve().is_relative_to(OWN): raise RuntimeError("W15 offline: foreign database denied")
                                                             ^^^^^^^^^^^^^^^^^^^^^^^^^^^^^^^^^^^^^^^^^^^^^^^^^^^^^^^^^^
E           RuntimeError: W15 offline: foreign database denied

sitecustomize.py:18: RuntimeError
____ test_negative_mutations_are_rejected_by_iqs_cli[binding_mic_changed] _____

mutation_name = 'binding_mic_changed'
mutator = <function <lambda> at 0x000001E6D264EAC0>

    @pytest.mark.parametrize("mutation_name,mutator", _MUTATIONS, ids=[m[0] for m in _MUTATIONS])
    def test_negative_mutations_are_rejected_by_iqs_cli(mutation_name: str, mutator) -> None:
        nonce = uuid.uuid4().hex[:12]
        root = Path.home() / "AppData" / "Local" / "Temp" / f"stockwiki-g2b-neg-{nonce}"
        assert not root.exists()
        try:
>           request = _mutated(mutator)
                      ^^^^^^^^^^^^^^^^^

tests\e2e\test_g2b_iqs_cli.py:283: 
_ _ _ _ _ _ _ _ _ _ _ _ _ _ _ _ _ _ _ _ _ _ _ _ _ _ _ _ _ _ _ _ _ _ _ _ _ _ _ _
tests\e2e\test_g2b_iqs_cli.py:171: in _mutated
    request = _golden_request()
              ^^^^^^^^^^^^^^^^^
tests\e2e\test_g2b_iqs_cli.py:191: in _golden_request
    _seed_fixture(root)
tests\e2e\test_g2b_iqs_cli.py:106: in _seed_fixture
    qss.migrate()
stockwiki\quick_scan_store.py:40: in migrate
    con = sqlite3.connect(self.database_path, timeout=30.0)
          ^^^^^^^^^^^^^^^^^^^^^^^^^^^^^^^^^^^^^^^^^^^^^^^^^
_ _ _ _ _ _ _ _ _ _ _ _ _ _ _ _ _ _ _ _ _ _ _ _ _ _ _ _ _ _ _ _ _ _ _ _ _ _ _ _

database = WindowsPath('C:/Users/郑曾波/AppData/Local/Temp/stockwiki-g2b-golden-f291dc54a8a0/data/quick_scan/scan.sqlite')
args = (), kwargs = {'timeout': 30.0}

    def connect(database, *args, **kwargs):
        if database != ":memory:":
            text=str(database)
            if text.startswith("file:"):
                parsed=urlsplit(text)
                if parsed.netloc or parsed.fragment: raise RuntimeError("W15 offline: URI authority denied")
                text=unquote(parsed.path)
                if len(text)>3 and text[0]=="/" and text[2]==":": text=text[1:]
>           if not Path(text).resolve().is_relative_to(OWN): raise RuntimeError("W15 offline: foreign database denied")
                                                             ^^^^^^^^^^^^^^^^^^^^^^^^^^^^^^^^^^^^^^^^^^^^^^^^^^^^^^^^^^
E           RuntimeError: W15 offline: foreign database denied

sitecustomize.py:18: RuntimeError
_____________ test_shim_forwards_args_and_exit_code_to_checks_py ______________

tmp_path = WindowsPath('C:/Users/郑曾波/Projects/invest-quick-scan/runs/w15a/sw/Users郑曾波Projectsinvest-quick-scanrunsw15asw-full-test-tmp/test_shim_forwards_args_and_ex0')

    def test_shim_forwards_args_and_exit_code_to_checks_py(tmp_path: Path) -> None:
>       repo, shim_dir = _mini_repo(tmp_path)
                         ^^^^^^^^^^^^^^^^^^^^

tests\test_check_all_script.py:64: 
_ _ _ _ _ _ _ _ _ _ _ _ _ _ _ _ _ _ _ _ _ _ _ _ _ _ _ _ _ _ _ _ _ _ _ _ _ _ _ _
tests\test_check_all_script.py:36: in _mini_repo
    shutil.copyfile(SCRIPT_SOURCE, repo / "scripts" / "check_all.sh")
_ _ _ _ _ _ _ _ _ _ _ _ _ _ _ _ _ _ _ _ _ _ _ _ _ _ _ _ _ _ _ _ _ _ _ _ _ _ _ _

src = WindowsPath('C:/Users/郑曾波/Projects/invest-quick-scan/runs/w15a/sw/scripts/check_all.sh')
dst = WindowsPath('C:/Users/郑曾波/Projects/invest-quick-scan/runs/w15a/sw/Users郑曾波Projectsinvest-quick-scanrunsw15asw-full-test-tmp/test_shim_forwards_args_and_ex0/mini-repo/scripts/check_all.sh')
follow_symlinks = True

    def copyfile(src, dst, *, follow_symlinks=True):
        """Copy data from src to dst in the most efficient way possible.
    
        If follow_symlinks is not set and src is a symbolic link, a new
        symlink will be created instead of copying the file it points to.
    
        """
        sys.audit("shutil.copyfile", src, dst)
    
        if _samefile(src, dst):
            raise SameFileError("{!r} and {!r} are the same file".format(src, dst))
    
        file_size = 0
        for i, fn in enumerate([src, dst]):
            try:
                st = _stat(fn)
            except OSError:
                # File most likely does not exist
                pass
            else:
                # XXX What about other special files? (sockets, devices...)
                if stat.S_ISFIFO(st.st_mode):
                    fn = fn.path if isinstance(fn, os.DirEntry) else fn
                    raise SpecialFileError("`%s` is a named pipe" % fn)
                if _WINDOWS and i == 0:
                    file_size = st.st_size
    
        if not follow_symlinks and _islink(src):
            os.symlink(os.readlink(src), dst)
        else:
>           with open(src, 'rb') as fsrc:
                 ^^^^^^^^^^^^^^^
E           FileNotFoundError: [Errno 2] No such file or directory: 'C:\\Users\\郑曾波\\Projects\\invest-quick-scan\\runs\\w15a\\sw\\scripts\\check_all.sh'

C:\Miniconda\Lib\shutil.py:260: FileNotFoundError
_______________ test_shim_forwards_full_and_default_invocations _______________

tmp_path = WindowsPath('C:/Users/郑曾波/Projects/invest-quick-scan/runs/w15a/sw/Users郑曾波Projectsinvest-quick-scanrunsw15asw-full-test-tmp/test_shim_forwards_full_and_de0')

    def test_shim_forwards_full_and_default_invocations(tmp_path: Path) -> None:
>       repo, shim_dir = _mini_repo(tmp_path)
                         ^^^^^^^^^^^^^^^^^^^^

tests\test_check_all_script.py:73: 
_ _ _ _ _ _ _ _ _ _ _ _ _ _ _ _ _ _ _ _ _ _ _ _ _ _ _ _ _ _ _ _ _ _ _ _ _ _ _ _
tests\test_check_all_script.py:36: in _mini_repo
    shutil.copyfile(SCRIPT_SOURCE, repo / "scripts" / "check_all.sh")
_ _ _ _ _ _ _ _ _ _ _ _ _ _ _ _ _ _ _ _ _ _ _ _ _ _ _ _ _ _ _ _ _ _ _ _ _ _ _ _

src = WindowsPath('C:/Users/郑曾波/Projects/invest-quick-scan/runs/w15a/sw/scripts/check_all.sh')
dst = WindowsPath('C:/Users/郑曾波/Projects/invest-quick-scan/runs/w15a/sw/Users郑曾波Projectsinvest-quick-scanrunsw15asw-full-test-tmp/test_shim_forwards_full_and_de0/mini-repo/scripts/check_all.sh')
follow_symlinks = True

    def copyfile(src, dst, *, follow_symlinks=True):
        """Copy data from src to dst in the most efficient way possible.
    
        If follow_symlinks is not set and src is a symbolic link, a new
        symlink will be created instead of copying the file it points to.
    
        """
        sys.audit("shutil.copyfile", src, dst)
    
        if _samefile(src, dst):
            raise SameFileError("{!r} and {!r} are the same file".format(src, dst))
    
        file_size = 0
        for i, fn in enumerate([src, dst]):
            try:
                st = _stat(fn)
            except OSError:
                # File most likely does not exist
                pass
            else:
                # XXX What about other special files? (sockets, devices...)
                if stat.S_ISFIFO(st.st_mode):
                    fn = fn.path if isinstance(fn, os.DirEntry) else fn
                    raise SpecialFileError("`%s` is a named pipe" % fn)
                if _WINDOWS and i == 0:
                    file_size = st.st_size
    
        if not follow_symlinks and _islink(src):
            os.symlink(os.readlink(src), dst)
        else:
>           with open(src, 'rb') as fsrc:
                 ^^^^^^^^^^^^^^^
E           FileNotFoundError: [Errno 2] No such file or directory: 'C:\\Users\\郑曾波\\Projects\\invest-quick-scan\\runs\\w15a\\sw\\scripts\\check_all.sh'

C:\Miniconda\Lib\shutil.py:260: FileNotFoundError
________________ test_shim_carries_no_thresholds_or_tool_lists ________________

tmp_path = WindowsPath('C:/Users/郑曾波/Projects/invest-quick-scan/runs/w15a/sw/Users郑曾波Projectsinvest-quick-scanrunsw15asw-full-test-tmp/test_shim_carries_no_threshold0')

    def test_shim_carries_no_thresholds_or_tool_lists(tmp_path: Path) -> None:
>       text = SCRIPT_SOURCE.read_text(encoding="utf-8")
               ^^^^^^^^^^^^^^^^^^^^^^^^^^^^^^^^^^^^^^^^^

tests\test_check_all_script.py:87: 
_ _ _ _ _ _ _ _ _ _ _ _ _ _ _ _ _ _ _ _ _ _ _ _ _ _ _ _ _ _ _ _ _ _ _ _ _ _ _ _
C:\Miniconda\Lib\pathlib\_local.py:546: in read_text
    return PathBase.read_text(self, encoding, errors, newline)
           ^^^^^^^^^^^^^^^^^^^^^^^^^^^^^^^^^^^^^^^^^^^^^^^^^^^
C:\Miniconda\Lib\pathlib\_abc.py:632: in read_text
    with self.open(mode='r', encoding=encoding, errors=errors, newline=newline) as f:
         ^^^^^^^^^^^^^^^^^^^^^^^^^^^^^^^^^^^^^^^^^^^^^^^^^^^^^^^^^^^^^^^^^^^^^^
_ _ _ _ _ _ _ _ _ _ _ _ _ _ _ _ _ _ _ _ _ _ _ _ _ _ _ _ _ _ _ _ _ _ _ _ _ _ _ _

self = WindowsPath('C:/Users/郑曾波/Projects/invest-quick-scan/runs/w15a/sw/scripts/check_all.sh')
mode = 'r', buffering = -1, encoding = 'utf-8', errors = None, newline = None

    def open(self, mode='r', buffering=-1, encoding=None,
             errors=None, newline=None):
        """
        Open the file pointed to by this path and return a file object, as
        the built-in open() function does.
        """
        if "b" not in mode:
            encoding = io.text_encoding(encoding)
>       return io.open(self, mode, buffering, encoding, errors, newline)
               ^^^^^^^^^^^^^^^^^^^^^^^^^^^^^^^^^^^^^^^^^^^^^^^^^^^^^^^^^
E       FileNotFoundError: [Errno 2] No such file or directory: 'C:\\Users\\郑曾波\\Projects\\invest-quick-scan\\runs\\w15a\\sw\\scripts\\check_all.sh'

C:\Miniconda\Lib\pathlib\_local.py:537: FileNotFoundError
_____________ test_steps_pin_own_workspace_root_from_foreign_cwd ______________

checks = <module 'stockwiki_checks_under_test' from 'C:\\Users\\郑曾波\\Projects\\invest-quick-scan\\runs\\w15a\\sw\\scripts\\checks.py'>
recorder = <test_checks._Recorder object at 0x000001E6D25204B0>
monkeypatch = <_pytest.monkeypatch.MonkeyPatch object at 0x000001E6D49A1550>
tmp_path = WindowsPath('C:/Users/郑曾波/Projects/invest-quick-scan/runs/w15a/sw/Users郑曾波Projectsinvest-quick-scanrunsw15asw-full-test-tmp/test_steps_pin_own_workspace_r0')

    def test_steps_pin_own_workspace_root_from_foreign_cwd(
        checks, recorder, monkeypatch, tmp_path
    ) -> None:
        monkeypatch.chdir(tmp_path)
        monkeypatch.delenv("STOCKWIKI_PROJECT_PARENT", raising=False)
    
        rc = checks.main(["--static-only"])
    
        assert rc == 0
        vf = recorder.of("validate-framework")[0]
        root_index = vf["cmd"].index("--root")
        assert vf["cmd"][root_index + 1] == str(REPO_ROOT)
        assert vf["env"]["STOCKWIKI_PROJECT_PARENT"] == str(REPO_ROOT.parent)
        # The env-derived resolution must land on the OWN checkout (the worktree
        # name invariant), never on the production workspace.
        from stockwiki.paths import default_workspace_root
    
        monkeypatch.setenv("STOCKWIKI_PROJECT_PARENT", str(REPO_ROOT.parent))
>       assert default_workspace_root().resolve() == REPO_ROOT.resolve()
E       AssertionError: assert WindowsPath('C:/Users/郑曾波/Projects/invest-quick-scan/runs/w15a/StockWiki') == WindowsPath('C:/Users/郑曾波/Projects/invest-quick-scan/runs/w15a/sw')
E        +  where WindowsPath('C:/Users/郑曾波/Projects/invest-quick-scan/runs/w15a/StockWiki') = resolve()
E        +    where resolve = WindowsPath('C:/Users/郑曾波/Projects/invest-quick-scan/runs/w15a/StockWiki').resolve
E        +      where WindowsPath('C:/Users/郑曾波/Projects/invest-quick-scan/runs/w15a/StockWiki') = <function default_workspace_root at 0x000001E6D2720D60>()
E        +  and   WindowsPath('C:/Users/郑曾波/Projects/invest-quick-scan/runs/w15a/sw') = resolve()
E        +    where resolve = WindowsPath('C:/Users/郑曾波/Projects/invest-quick-scan/runs/w15a/sw').resolve

C:\Users\郑曾波\Projects\invest-quick-scan\runs\w15a\sw\tests\test_checks.py:284: AssertionError
---------------------------- Captured stdout call -----------------------------
StockWiki checks — mode=static
workspace root: C:\Users\郑曾波\Projects\invest-quick-scan\runs\w15a\sw
=== ruff ===
  $ C:\Miniconda\python.exe -m ruff check stockwiki tests scripts
PASS  ruff (0.0s)
=== validate-framework ===
  $ C:\Miniconda\python.exe -B -m stockwiki.cli --root C:\Users\郑曾波\Projects\invest-quick-scan\runs\w15a\sw validate-framework --static
PASS  validate-framework (0.0s)
ALL CHECKS PASSED
_______________ test_agents_md_points_to_single_check_interface _______________

    def test_agents_md_points_to_single_check_interface() -> None:
>       text = (REPO_ROOT / "AGENTS.md").read_text(encoding="utf-8")
               ^^^^^^^^^^^^^^^^^^^^^^^^^^^^^^^^^^^^^^^^^^^^^^^^^^^^^

tests\test_checks.py:328: 
_ _ _ _ _ _ _ _ _ _ _ _ _ _ _ _ _ _ _ _ _ _ _ _ _ _ _ _ _ _ _ _ _ _ _ _ _ _ _ _
C:\Miniconda\Lib\pathlib\_local.py:546: in read_text
    return PathBase.read_text(self, encoding, errors, newline)
           ^^^^^^^^^^^^^^^^^^^^^^^^^^^^^^^^^^^^^^^^^^^^^^^^^^^
C:\Miniconda\Lib\pathlib\_abc.py:632: in read_text
    with self.open(mode='r', encoding=encoding, errors=errors, newline=newline) as f:
         ^^^^^^^^^^^^^^^^^^^^^^^^^^^^^^^^^^^^^^^^^^^^^^^^^^^^^^^^^^^^^^^^^^^^^^
_ _ _ _ _ _ _ _ _ _ _ _ _ _ _ _ _ _ _ _ _ _ _ _ _ _ _ _ _ _ _ _ _ _ _ _ _ _ _ _

self = WindowsPath('C:/Users/郑曾波/Projects/invest-quick-scan/runs/w15a/sw/AGENTS.md')
mode = 'r', buffering = -1, encoding = 'utf-8', errors = None, newline = None

    def open(self, mode='r', buffering=-1, encoding=None,
             errors=None, newline=None):
        """
        Open the file pointed to by this path and return a file object, as
        the built-in open() function does.
        """
        if "b" not in mode:
            encoding = io.text_encoding(encoding)
>       return io.open(self, mode, buffering, encoding, errors, newline)
               ^^^^^^^^^^^^^^^^^^^^^^^^^^^^^^^^^^^^^^^^^^^^^^^^^^^^^^^^^
E       FileNotFoundError: [Errno 2] No such file or directory: 'C:\\Users\\郑曾波\\Projects\\invest-quick-scan\\runs\\w15a\\sw\\AGENTS.md'

C:\Miniconda\Lib\pathlib\_local.py:537: FileNotFoundError
___________ test_ci_and_precommit_delegate_to_the_single_interface ____________

    def test_ci_and_precommit_delegate_to_the_single_interface() -> None:
>       ci = (REPO_ROOT / ".github" / "workflows" / "ci.yml").read_text(encoding="utf-8")
             ^^^^^^^^^^^^^^^^^^^^^^^^^^^^^^^^^^^^^^^^^^^^^^^^^^^^^^^^^^^^^^^^^^^^^^^^^^^^

tests\test_checks.py:339: 
_ _ _ _ _ _ _ _ _ _ _ _ _ _ _ _ _ _ _ _ _ _ _ _ _ _ _ _ _ _ _ _ _ _ _ _ _ _ _ _
C:\Miniconda\Lib\pathlib\_local.py:546: in read_text
    return PathBase.read_text(self, encoding, errors, newline)
           ^^^^^^^^^^^^^^^^^^^^^^^^^^^^^^^^^^^^^^^^^^^^^^^^^^^
C:\Miniconda\Lib\pathlib\_abc.py:632: in read_text
    with self.open(mode='r', encoding=encoding, errors=errors, newline=newline) as f:
         ^^^^^^^^^^^^^^^^^^^^^^^^^^^^^^^^^^^^^^^^^^^^^^^^^^^^^^^^^^^^^^^^^^^^^^
_ _ _ _ _ _ _ _ _ _ _ _ _ _ _ _ _ _ _ _ _ _ _ _ _ _ _ _ _ _ _ _ _ _ _ _ _ _ _ _

self = WindowsPath('C:/Users/郑曾波/Projects/invest-quick-scan/runs/w15a/sw/.github/workflows/ci.yml')
mode = 'r', buffering = -1, encoding = 'utf-8', errors = None, newline = None

    def open(self, mode='r', buffering=-1, encoding=None,
             errors=None, newline=None):
        """
        Open the file pointed to by this path and return a file object, as
        the built-in open() function does.
        """
        if "b" not in mode:
            encoding = io.text_encoding(encoding)
>       return io.open(self, mode, buffering, encoding, errors, newline)
               ^^^^^^^^^^^^^^^^^^^^^^^^^^^^^^^^^^^^^^^^^^^^^^^^^^^^^^^^^
E       FileNotFoundError: [Errno 2] No such file or directory: 'C:\\Users\\郑曾波\\Projects\\invest-quick-scan\\runs\\w15a\\sw\\.github\\workflows\\ci.yml'

C:\Miniconda\Lib\pathlib\_local.py:537: FileNotFoundError
____________ test_real_workspace_meets_content_conformance_targets ____________

    @skip_no_workspace
    def test_real_workspace_meets_content_conformance_targets() -> None:
        """The real workspace's knowledge content must realize the blueprint features."""
        result = measure_content_conformance(WorkspacePaths.from_root(_REAL_ROOT))
        failing = [m.name for m in result.metrics if not m.passed]
>       assert not failing, (
            f"real workspace content-conformance below targets: {failing}. "
            f"Details: {[(m.name, m.actual) for m in result.metrics]}"
        )
E       AssertionError: real workspace content-conformance below targets: ['signal_claim_rate', 'changed_assumptions_rate']. Details: [('signal_claim_rate', '0.0% of signals (0/0); raw 0/0 (0%, capped by chunk citations)'), ('changed_assumptions_rate', '0.0% (0/0)'), ('evolution_liveness', 'alive=True (applied_entries=1)'), ('zero_accepted_companies', '0 company(s) at 0 accepted (none)')]
E       assert not ['signal_claim_rate', 'changed_assumptions_rate']

tests\test_data_contract.py:46: AssertionError
______ test_generate_industry_comparison_builds_company_matrix_and_gaps _______

tmp_path = WindowsPath('C:/Users/郑曾波/Projects/invest-quick-scan/runs/w15a/sw/Users郑曾波Projectsinvest-quick-scanrunsw15asw-full-test-tmp/test_generate_industry_compari0')

    def test_generate_industry_comparison_builds_company_matrix_and_gaps(tmp_path: Path) -> None:
        paths = WorkspacePaths.from_root(tmp_path / "workspace")
        amec = Company(ticker="688012.SH", name="AMEC", industry="semiconductor_equipment")
        peer = Company(ticker="688099.SH", name="Peer Semi", industry="semiconductor_equipment")
        write_yaml(
            paths.data_dir / "companies" / amec.safe_id / "review_decisions.yaml",
            {
                "company": amec.to_dict(),
                "decisions": [
                    {
                        "decision_id": "rd_customer",
                        "review_id": "tr_customer",
                        "decision_status": "accepted",
                        "recommended_status": "accepted",
                        "source_date": "2026-06-11",
                        "topic": "customer_validation",
                        "topic_label": "Customer validation",
                        "materiality": "high",
                        "thesis_effect": "positive",
                        "final_event": "AMEC won customer validation signal",
                        "citation": "ev_customer",
                        "related_questions": [
                            {"id": "equipment.customer_validation", "cadence": "weekly", "priority": "high"},
                        ],
                    },
                    {
                        "decision_id": "rd_product_draft",
                        "review_id": "tr_product_draft",
                        "decision_status": "drafted",
                        "recommended_status": "accepted",
                        "source_date": "2026-06-12",
                        "topic": "rd_and_product",
                        "materiality": "medium",
                        "thesis_effect": "positive",
                        "final_event": "AMEC draft product progress",
                        "citation": "ev_product",
                        "related_questions": [
                            {"id": "equipment.product_lines", "cadence": "quarterly", "priority": "high"},
                        ],
                    },
                ],
            },
        )
        write_yaml(
            paths.data_dir / "companies" / peer.safe_id / "review_decisions.yaml",
            {
                "company": peer.to_dict(),
                "decisions": [
                    {
                        "decision_id": "rd_peer_profit",
                        "review_id": "tr_peer_profit",
                        "decision_status": "accepted",
                        "recommended_status": "accepted",
                        "source_date": "2026-06-10",
                        "topic": "profit_quality",
                        "materiality": "medium",
                        "thesis_effect": "mixed",
                        "final_event": "Peer margin update",
                        "citation": "ev_peer_profit",
                    },
                ],
            },
        )
    
>       confirmed = generate_industry_comparison(
            paths,
            industry_id="semiconductor_equipment",
            companies=[amec, peer],
            topic="customer_validation",
        )

tests\test_industry.py:236: 
_ _ _ _ _ _ _ _ _ _ _ _ _ _ _ _ _ _ _ _ _ _ _ _ _ _ _ _ _ _ _ _ _ _ _ _ _ _ _ _
stockwiki\industry.py:304: in generate_industry_comparison
    write_yaml(data_path, payload)
stockwiki\config.py:93: in write_yaml
    with temp_path.open("w", encoding="utf-8", newline="\n") as handle:
         ^^^^^^^^^^^^^^^^^^^^^^^^^^^^^^^^^^^^^^^^^^^^^^^^^^^
_ _ _ _ _ _ _ _ _ _ _ _ _ _ _ _ _ _ _ _ _ _ _ _ _ _ _ _ _ _ _ _ _ _ _ _ _ _ _ _

self = WindowsPath('C:/Users/郑曾波/Projects/invest-quick-scan/runs/w15a/sw/Users郑曾波Projectsinvest-quick-scanrunsw15asw-full-tes...a/industries/semiconductor_equipment/industry_comparison_topic_customer_validation.yaml.22256.1791580093733570600.tmp')
mode = 'w', buffering = -1, encoding = 'utf-8', errors = None, newline = '\n'

    def open(self, mode='r', buffering=-1, encoding=None,
             errors=None, newline=None):
        """
        Open the file pointed to by this path and return a file object, as
        the built-in open() function does.
        """
        if "b" not in mode:
            encoding = io.text_encoding(encoding)
>       return io.open(self, mode, buffering, encoding, errors, newline)
               ^^^^^^^^^^^^^^^^^^^^^^^^^^^^^^^^^^^^^^^^^^^^^^^^^^^^^^^^^
E       FileNotFoundError: [Errno 2] No such file or directory: 'C:\\Users\\郑曾波\\Projects\\invest-quick-scan\\runs\\w15a\\sw\\Users郑曾波Projectsinvest-quick-scanrunsw15asw-full-test-tmp\\test_generate_industry_compari0\\workspace\\data\\industries\\semiconductor_equipment\\industry_comparison_topic_customer_validation.yaml.22256.1791580093733570600.tmp'

C:\Miniconda\Lib\pathlib\_local.py:537: FileNotFoundError
_______________ test_load_providers_returns_sorted_by_priority ________________

    def test_load_providers_returns_sorted_by_priority() -> None:
        providers = load_providers()
        priorities = [p.priority for p in providers]
        assert priorities == sorted(priorities)
>       assert len(providers) >= 2  # at least minimax + deepseek
        ^^^^^^^^^^^^^^^^^^^^^^^^^^
E       assert 0 >= 2
E        +  where 0 = len([])

tests\test_llm_provider.py:50: AssertionError
____________________ test_load_providers_first_is_minimax _____________________

    def test_load_providers_first_is_minimax() -> None:
        providers = load_providers()
>       assert providers[0].id == "minimax"
               ^^^^^^^^^^^^
E       IndexError: list index out of range

tests\test_llm_provider.py:55: IndexError
______________ test_default_model_returns_highest_priority_model ______________

    def test_default_model_returns_highest_priority_model() -> None:
        model = default_model()
>       assert model == "MiniMax-M3"
E       AssertionError: assert 'deepseek-v4-flash' == 'MiniMax-M3'
E         
E         - MiniMax-M3
E         + deepseek-v4-flash

tests\test_llm_provider.py:64: AssertionError
__________________ test_llm_chat_returns_content_on_success ___________________

monkeypatch = <_pytest.monkeypatch.MonkeyPatch object at 0x000001E6D4B7BC40>

    def test_llm_chat_returns_content_on_success(monkeypatch: pytest.MonkeyPatch) -> None:
        monkeypatch.setenv("MINIMAX_API_KEY", "test-key")
        with patch("stockwiki.llm_provider._post_chat", return_value=_fake_response("hello")):
>           result = llm_chat(messages=[{"role": "user", "content": "hi"}])
                     ^^^^^^^^^^^^^^^^^^^^^^^^^^^^^^^^^^^^^^^^^^^^^^^^^^^^^^

tests\test_llm_provider.py:74: 
_ _ _ _ _ _ _ _ _ _ _ _ _ _ _ _ _ _ _ _ _ _ _ _ _ _ _ _ _ _ _ _ _ _ _ _ _ _ _ _

messages = [{'role': 'user', 'content': 'hi'}], json_mode = False
timeout_seconds = 120, max_retries = 3, preferred_provider = None

    def llm_chat(
        *,
        messages: list[dict[str, str]],
        json_mode: bool = False,
        timeout_seconds: int = 120,
        max_retries: int = 3,
        preferred_provider: str | None = None,
    ) -> str:
        """Call an LLM with automatic provider fallback.
    
        Tries providers in priority order.  Within each provider, retries
        transient errors (429/5xx/timeout) up to *max_retries* times with
        exponential backoff.  On quota/auth rejection (400/401/403/429 after
        retries) falls through to the next provider.
    
        Parameters
        ----------
        messages:
            OpenAI-format messages list.
        json_mode:
            If True, requests ``response_format: {type: json_object}``.
        timeout_seconds:
            Per-request timeout.
        max_retries:
            Retry count per provider on transient errors.
        preferred_provider:
            If set, try this provider id first (regardless of priority).
        """
    
        providers = load_providers()
        if not providers:
>           raise LLMFallbackExhausted("No LLM providers configured")
E           stockwiki.llm_provider.LLMFallbackExhausted: No LLM providers configured

stockwiki\llm_provider.py:185: LLMFallbackExhausted
_____________________ test_llm_chat_json_mode_passes_flag _____________________

monkeypatch = <_pytest.monkeypatch.MonkeyPatch object at 0x000001E6D4F11F60>

    def test_llm_chat_json_mode_passes_flag(monkeypatch: pytest.MonkeyPatch) -> None:
        monkeypatch.setenv("MINIMAX_API_KEY", "test-key")
        with patch("stockwiki.llm_provider._post_chat", return_value=_fake_response("{}")) as mock:
>           llm_chat(messages=[{"role": "user", "content": "hi"}], json_mode=True)

tests\test_llm_provider.py:81: 
_ _ _ _ _ _ _ _ _ _ _ _ _ _ _ _ _ _ _ _ _ _ _ _ _ _ _ _ _ _ _ _ _ _ _ _ _ _ _ _

messages = [{'role': 'user', 'content': 'hi'}], json_mode = True
timeout_seconds = 120, max_retries = 3, preferred_provider = None

    def llm_chat(
        *,
        messages: list[dict[str, str]],
        json_mode: bool = False,
        timeout_seconds: int = 120,
        max_retries: int = 3,
        preferred_provider: str | None = None,
    ) -> str:
        """Call an LLM with automatic provider fallback.
    
        Tries providers in priority order.  Within each provider, retries
        transient errors (429/5xx/timeout) up to *max_retries* times with
        exponential backoff.  On quota/auth rejection (400/401/403/429 after
        retries) falls through to the next provider.
    
        Parameters
        ----------
        messages:
            OpenAI-format messages list.
        json_mode:
            If True, requests ``response_format: {type: json_object}``.
        timeout_seconds:
            Per-request timeout.
        max_retries:
            Retry count per provider on transient errors.
        preferred_provider:
            If set, try this provider id first (regardless of priority).
        """
    
        providers = load_providers()
        if not providers:
>           raise LLMFallbackExhausted("No LLM providers configured")
E           stockwiki.llm_provider.LLMFallbackExhausted: No LLM providers configured

stockwiki\llm_provider.py:185: LLMFallbackExhausted
___________________ test_llm_chat_falls_back_on_auth_error ____________________

monkeypatch = <_pytest.monkeypatch.MonkeyPatch object at 0x000001E6D4F12740>

    def test_llm_chat_falls_back_on_auth_error(monkeypatch: pytest.MonkeyPatch) -> None:
        """When the first provider returns 401, the next provider is tried."""
        import urllib.error
        from io import BytesIO
    
        monkeypatch.setenv("MINIMAX_API_KEY", "minimax-key")
        monkeypatch.setenv("MIMO_API_KEY", "mimo-key")
    
        call_count = {"n": 0}
        providers_used: list[str] = []
    
        def mock_post(base_url, api_key, model, messages, **kwargs):
            call_count["n"] += 1
            if "minimaxi.com" in base_url:
                providers_used.append("minimax")
                resp = MagicMock()
                resp.read.return_value = b'{"error": "unauthorized"}'
                resp.code = 401
                raise urllib.error.HTTPError(base_url, 401, "Unauthorized", {}, BytesIO(b'{"error": "unauthorized"}'))
            providers_used.append("mimo")
            return _fake_response("fallback-ok")
    
        with patch("stockwiki.llm_provider._post_chat", side_effect=mock_post):
>           result = llm_chat(messages=[{"role": "user", "content": "hi"}])
                     ^^^^^^^^^^^^^^^^^^^^^^^^^^^^^^^^^^^^^^^^^^^^^^^^^^^^^^

tests\test_llm_provider.py:113: 
_ _ _ _ _ _ _ _ _ _ _ _ _ _ _ _ _ _ _ _ _ _ _ _ _ _ _ _ _ _ _ _ _ _ _ _ _ _ _ _

messages = [{'role': 'user', 'content': 'hi'}], json_mode = False
timeout_seconds = 120, max_retries = 3, preferred_provider = None

    def llm_chat(
        *,
        messages: list[dict[str, str]],
        json_mode: bool = False,
        timeout_seconds: int = 120,
        max_retries: int = 3,
        preferred_provider: str | None = None,
    ) -> str:
        """Call an LLM with automatic provider fallback.
    
        Tries providers in priority order.  Within each provider, retries
        transient errors (429/5xx/timeout) up to *max_retries* times with
        exponential backoff.  On quota/auth rejection (400/401/403/429 after
        retries) falls through to the next provider.
    
        Parameters
        ----------
        messages:
            OpenAI-format messages list.
        json_mode:
            If True, requests ``response_format: {type: json_object}``.
        timeout_seconds:
            Per-request timeout.
        max_retries:
            Retry count per provider on transient errors.
        preferred_provider:
            If set, try this provider id first (regardless of priority).
        """
    
        providers = load_providers()
        if not providers:
>           raise LLMFallbackExhausted("No LLM providers configured")
E           stockwiki.llm_provider.LLMFallbackExhausted: No LLM providers configured

stockwiki\llm_provider.py:185: LLMFallbackExhausted
__________________ test_llm_chat_skips_provider_without_key ___________________

monkeypatch = <_pytest.monkeypatch.MonkeyPatch object at 0x000001E6D4F130E0>

    def test_llm_chat_skips_provider_without_key(monkeypatch: pytest.MonkeyPatch) -> None:
        """Provider with no API key set is silently skipped."""
        monkeypatch.delenv("MINIMAX_API_KEY", raising=False)
        monkeypatch.setenv("MIMO_API_KEY", "mimo-key")
    
        with patch("stockwiki.llm_provider._post_chat", return_value=_fake_response("mimo-ok")):
>           result = llm_chat(messages=[{"role": "user", "content": "hi"}])
                     ^^^^^^^^^^^^^^^^^^^^^^^^^^^^^^^^^^^^^^^^^^^^^^^^^^^^^^

tests\test_llm_provider.py:126: 
_ _ _ _ _ _ _ _ _ _ _ _ _ _ _ _ _ _ _ _ _ _ _ _ _ _ _ _ _ _ _ _ _ _ _ _ _ _ _ _

messages = [{'role': 'user', 'content': 'hi'}], json_mode = False
timeout_seconds = 120, max_retries = 3, preferred_provider = None

    def llm_chat(
        *,
        messages: list[dict[str, str]],
        json_mode: bool = False,
        timeout_seconds: int = 120,
        max_retries: int = 3,
        preferred_provider: str | None = None,
    ) -> str:
        """Call an LLM with automatic provider fallback.
    
        Tries providers in priority order.  Within each provider, retries
        transient errors (429/5xx/timeout) up to *max_retries* times with
        exponential backoff.  On quota/auth rejection (400/401/403/429 after
        retries) falls through to the next provider.
    
        Parameters
        ----------
        messages:
            OpenAI-format messages list.
        json_mode:
            If True, requests ``response_format: {type: json_object}``.
        timeout_seconds:
            Per-request timeout.
        max_retries:
            Retry count per provider on transient errors.
        preferred_provider:
            If set, try this provider id first (regardless of priority).
        """
    
        providers = load_providers()
        if not providers:
>           raise LLMFallbackExhausted("No LLM providers configured")
E           stockwiki.llm_provider.LLMFallbackExhausted: No LLM providers configured

stockwiki\llm_provider.py:185: LLMFallbackExhausted
________________ test_llm_chat_raises_when_all_providers_fail _________________

monkeypatch = <_pytest.monkeypatch.MonkeyPatch object at 0x000001E6D4A08360>

    def test_llm_chat_raises_when_all_providers_fail(monkeypatch: pytest.MonkeyPatch) -> None:
        import urllib.error
        from io import BytesIO
    
        monkeypatch.setenv("MINIMAX_API_KEY", "k1")
        monkeypatch.setenv("MIMO_API_KEY", "k2")
        monkeypatch.setenv("DEEPSEEK_API_KEY", "k3")
    
        def mock_post(base_url, api_key, model, messages, **kwargs):
            raise urllib.error.HTTPError("url", 401, "bad", {}, BytesIO(b""))
    
        with patch("stockwiki.llm_provider._post_chat", side_effect=mock_post):
>           with pytest.raises(LLMFallbackExhausted, match="All LLM providers failed"):
                 ^^^^^^^^^^^^^^^^^^^^^^^^^^^^^^^^^^^^^^^^^^^^^^^^^^^^^^^^^^^^^^^^^^^^^
E           AssertionError: Regex pattern did not match.
E             Expected regex: 'All LLM providers failed'
E             Actual message: 'No LLM providers configured'

tests\test_llm_provider.py:142: AssertionError
________________ test_llm_chat_tries_preferred_provider_first _________________

monkeypatch = <_pytest.monkeypatch.MonkeyPatch object at 0x000001E6D4F12580>

    def test_llm_chat_tries_preferred_provider_first(monkeypatch: pytest.MonkeyPatch) -> None:
        monkeypatch.setenv("MINIMAX_API_KEY", "minimax-key")
        monkeypatch.setenv("DEEPSEEK_API_KEY", "ds-key")
    
        providers_used: list[str] = []
    
        def mock_post(base_url, api_key, model, messages, **kwargs):
            if "minimaxi.com" in base_url:
                providers_used.append("minimax")
            elif "deepseek" in base_url:
                providers_used.append("deepseek")
            return _fake_response("ok")
    
        with patch("stockwiki.llm_provider._post_chat", side_effect=mock_post):
>           llm_chat(
                messages=[{"role": "user", "content": "hi"}],
                preferred_provider="deepseek",
            )

tests\test_llm_provider.py:164: 
_ _ _ _ _ _ _ _ _ _ _ _ _ _ _ _ _ _ _ _ _ _ _ _ _ _ _ _ _ _ _ _ _ _ _ _ _ _ _ _

messages = [{'role': 'user', 'content': 'hi'}], json_mode = False
timeout_seconds = 120, max_retries = 3, preferred_provider = 'deepseek'

    def llm_chat(
        *,
        messages: list[dict[str, str]],
        json_mode: bool = False,
        timeout_seconds: int = 120,
        max_retries: int = 3,
        preferred_provider: str | None = None,
    ) -> str:
        """Call an LLM with automatic provider fallback.
    
        Tries providers in priority order.  Within each provider, retries
        transient errors (429/5xx/timeout) up to *max_retries* times with
        exponential backoff.  On quota/auth rejection (400/401/403/429 after
        retries) falls through to the next provider.
    
        Parameters
        ----------
        messages:
            OpenAI-format messages list.
        json_mode:
            If True, requests ``response_format: {type: json_object}``.
        timeout_seconds:
            Per-request timeout.
        max_retries:
            Retry count per provider on transient errors.
        preferred_provider:
            If set, try this provider id first (regardless of priority).
        """
    
        providers = load_providers()
        if not providers:
>           raise LLMFallbackExhausted("No LLM providers configured")
E           stockwiki.llm_provider.LLMFallbackExhausted: No LLM providers configured

stockwiki\llm_provider.py:185: LLMFallbackExhausted
___________ test_news_import_dedupes_and_refreshes_timeline_reviews ___________

tmp_path = WindowsPath('C:/Users/郑曾波/Projects/invest-quick-scan/runs/w15a/sw/Users郑曾波Projectsinvest-quick-scanrunsw15asw-full-test-tmp/test_news_import_dedupes_and_r0')

    def test_news_import_dedupes_and_refreshes_timeline_reviews(tmp_path: Path) -> None:
        paths = WorkspacePaths.from_root(tmp_path / "workspace")
        company = Company(
            ticker="688012.SH",
            name="AMEC",
            industry="semiconductor_equipment",
            news_keywords=("semiconductor equipment", "etching"),
        )
        _write_question_forest(paths)
        input_path = tmp_path / "news.jsonl"
        rows = [
            {
                "title": "AMEC expands CMP and ALD equipment portfolio",
                "url": "https://example.com/amec-cmp-ald?utm_source=test",
                "published_at": "2026-06-10",
                "source": "Example News",
                "snippet": "AMEC expands CMP equipment and advances ALD validation with customers.",
                "content": "AMEC expands CMP equipment and advances ALD validation with customers.",
            },
            {
                "title": "Duplicate URL should be ignored",
                "url": "https://example.com/amec-cmp-ald?utm_source=other",
                "published_at": "2026-06-10",
                "source": "Example News",
                "snippet": "CMP duplicate.",
            },
        ]
        input_path.write_text(
            "\n".join(json.dumps(item, ensure_ascii=False) for item in rows),
            encoding="utf-8",
        )
    
>       result = import_news_results(
            paths,
            company,
            input_path=input_path,
            provider="unit",
            refresh_reviews=True,
        )

tests\test_news.py:131: 
_ _ _ _ _ _ _ _ _ _ _ _ _ _ _ _ _ _ _ _ _ _ _ _ _ _ _ _ _ _ _ _ _ _ _ _ _ _ _ _
stockwiki\news.py:209: in import_news_results
    return import_news_results_impl(
stockwiki\news_import.py:112: in import_news_results_impl
    apath.write_text(
C:\Miniconda\Lib\pathlib\_local.py:555: in write_text
    return PathBase.write_text(self, data, encoding, errors, newline)
           ^^^^^^^^^^^^^^^^^^^^^^^^^^^^^^^^^^^^^^^^^^^^^^^^^^^^^^^^^^
C:\Miniconda\Lib\pathlib\_abc.py:651: in write_text
    with self.open(mode='w', encoding=encoding, errors=errors, newline=newline) as f:
         ^^^^^^^^^^^^^^^^^^^^^^^^^^^^^^^^^^^^^^^^^^^^^^^^^^^^^^^^^^^^^^^^^^^^^^
_ _ _ _ _ _ _ _ _ _ _ _ _ _ _ _ _ _ _ _ _ _ _ _ _ _ _ _ _ _ _ _ _ _ _ _ _ _ _ _

self = WindowsPath('C:/Users/郑曾波/Projects/invest-quick-scan/runs/w15a/sw/Users郑曾波Projectsinvest-quick-scanrunsw15asw-full-tes...ta/companies/688012.SH/news/articles/2026-06-10_news_b7f5007c8289d3dc_AMEC_expands_CMP_and_ALD_equipment_portfolio.md')
mode = 'w', buffering = -1, encoding = 'utf-8', errors = None, newline = '\n'

    def open(self, mode='r', buffering=-1, encoding=None,
             errors=None, newline=None):
        """
        Open the file pointed to by this path and return a file object, as
        the built-in open() function does.
        """
        if "b" not in mode:
            encoding = io.text_encoding(encoding)
>       return io.open(self, mode, buffering, encoding, errors, newline)
               ^^^^^^^^^^^^^^^^^^^^^^^^^^^^^^^^^^^^^^^^^^^^^^^^^^^^^^^^^
E       FileNotFoundError: [Errno 2] No such file or directory: 'C:\\Users\\郑曾波\\Projects\\invest-quick-scan\\runs\\w15a\\sw\\Users郑曾波Projectsinvest-quick-scanrunsw15asw-full-test-tmp\\test_news_import_dedupes_and_r0\\workspace\\data\\companies\\688012.SH\\news\\articles\\2026-06-10_news_b7f5007c8289d3dc_AMEC_expands_CMP_and_ALD_equipment_portfolio.md'

C:\Miniconda\Lib\pathlib\_local.py:537: FileNotFoundError
___________________ test_news_import_title_similarity_dedup ___________________

tmp_path = WindowsPath('C:/Users/郑曾波/Projects/invest-quick-scan/runs/w15a/sw/Users郑曾波Projectsinvest-quick-scanrunsw15asw-full-test-tmp/test_news_import_title_similar0')

    def test_news_import_title_similarity_dedup(tmp_path: Path) -> None:
        paths = WorkspacePaths.from_root(tmp_path / "workspace")
        company = Company(
            ticker="688012.SH",
            name="AMEC",
            industry="semiconductor_equipment",
            news_keywords=("semiconductor equipment", "etching"),
        )
        _write_question_forest(paths)
        input_path = tmp_path / "news.jsonl"
        rows = [
            {
                "title": "AMEC expands CMP and ALD equipment portfolio",
                "url": "https://example.com/amec-cmp-ald",
                "published_at": "2026-06-10",
                "source": "Example News",
                "snippet": "AMEC expands CMP equipment and advances ALD validation with customers.",
                "content": "AMEC expands CMP equipment and advances ALD validation with customers.",
            },
            {
                "title": "AMEC expands CMP and ALD equipment portfolio!",
                "url": "https://example.com/amec-cmp-ald-2",
                "published_at": "2026-06-10",
                "source": "Example News 2",
                "snippet": "Similar title.",
                "content": "Similar title.",
            },
        ]
        input_path.write_text(
            "\n".join(json.dumps(item, ensure_ascii=False) for item in rows),
            encoding="utf-8",
        )
    
>       result = import_news_results(
            paths, company, input_path=input_path, provider="unit", refresh_reviews=False
        )

tests\test_news.py:196: 
_ _ _ _ _ _ _ _ _ _ _ _ _ _ _ _ _ _ _ _ _ _ _ _ _ _ _ _ _ _ _ _ _ _ _ _ _ _ _ _
stockwiki\news.py:209: in import_news_results
    return import_news_results_impl(
stockwiki\news_import.py:112: in import_news_results_impl
    apath.write_text(
C:\Miniconda\Lib\pathlib\_local.py:555: in write_text
    return PathBase.write_text(self, data, encoding, errors, newline)
           ^^^^^^^^^^^^^^^^^^^^^^^^^^^^^^^^^^^^^^^^^^^^^^^^^^^^^^^^^^
C:\Miniconda\Lib\pathlib\_abc.py:651: in write_text
    with self.open(mode='w', encoding=encoding, errors=errors, newline=newline) as f:
         ^^^^^^^^^^^^^^^^^^^^^^^^^^^^^^^^^^^^^^^^^^^^^^^^^^^^^^^^^^^^^^^^^^^^^^
_ _ _ _ _ _ _ _ _ _ _ _ _ _ _ _ _ _ _ _ _ _ _ _ _ _ _ _ _ _ _ _ _ _ _ _ _ _ _ _

self = WindowsPath('C:/Users/郑曾波/Projects/invest-quick-scan/runs/w15a/sw/Users郑曾波Projectsinvest-quick-scanrunsw15asw-full-tes...ta/companies/688012.SH/news/articles/2026-06-10_news_b7f5007c8289d3dc_AMEC_expands_CMP_and_ALD_equipment_portfolio.md')
mode = 'w', buffering = -1, encoding = 'utf-8', errors = None, newline = '\n'

    def open(self, mode='r', buffering=-1, encoding=None,
             errors=None, newline=None):
        """
        Open the file pointed to by this path and return a file object, as
        the built-in open() function does.
        """
        if "b" not in mode:
            encoding = io.text_encoding(encoding)
>       return io.open(self, mode, buffering, encoding, errors, newline)
               ^^^^^^^^^^^^^^^^^^^^^^^^^^^^^^^^^^^^^^^^^^^^^^^^^^^^^^^^^
E       FileNotFoundError: [Errno 2] No such file or directory: 'C:\\Users\\郑曾波\\Projects\\invest-quick-scan\\runs\\w15a\\sw\\Users郑曾波Projectsinvest-quick-scanrunsw15asw-full-test-tmp\\test_news_import_title_similar0\\workspace\\data\\companies\\688012.SH\\news\\articles\\2026-06-10_news_b7f5007c8289d3dc_AMEC_expands_CMP_and_ALD_equipment_portfolio.md'

C:\Miniconda\Lib\pathlib\_local.py:537: FileNotFoundError
______________________ test_detects_real_looking_api_key ______________________

tmp_path = WindowsPath('C:/Users/郑曾波/Projects/invest-quick-scan/runs/w15a/sw/Users郑曾波Projectsinvest-quick-scanrunsw15asw-full-test-tmp/test_detects_real_looking_api_0')

    def test_detects_real_looking_api_key(tmp_path: Path) -> None:
        paths = _ws(tmp_path)
        (paths.framework_dir / "prompts").mkdir(parents=True, exist_ok=True)
        (paths.framework_dir / "prompts" / "x.py").write_text(
            'KEY = "sk-81a1961e9f9441c98c7840cb5f08449c"\n', encoding="utf-8"
        )
    
        findings = scan_for_leaks(paths)
    
        highs = [f for f in findings if f.severity == "high"]
>       assert highs, "expected a high-severity finding for a real-looking key"
E       AssertionError: expected a high-severity finding for a real-looking key
E       assert []

tests\test_preflight.py:33: AssertionError
____________________ test_detects_token_assignment_pattern ____________________

tmp_path = WindowsPath('C:/Users/郑曾波/Projects/invest-quick-scan/runs/w15a/sw/Users郑曾波Projectsinvest-quick-scanrunsw15asw-full-test-tmp/test_detects_token_assignment_0')

    def test_detects_token_assignment_pattern(tmp_path: Path) -> None:
        paths = _ws(tmp_path)
        (paths.config_dir / "c.yaml").write_text(
            'deepseek_token: "1a2b3c4d5e6f7a8b9c0d1e2f3a4b5c6d7e8f9a0b"\n', encoding="utf-8"
        )
    
        findings = scan_for_leaks(paths)
    
>       assert [f for f in findings if f.severity == "high"]
E       assert []

tests\test_preflight.py:75: AssertionError
___________________ test_leak_finding_carries_file_and_line ___________________

tmp_path = WindowsPath('C:/Users/郑曾波/Projects/invest-quick-scan/runs/w15a/sw/Users郑曾波Projectsinvest-quick-scanrunsw15asw-full-test-tmp/test_leak_finding_carries_file0')

    def test_leak_finding_carries_file_and_line(tmp_path: Path) -> None:
        paths = _ws(tmp_path)
        (paths.framework_dir / "p.py").write_text(
            '\n\napi_key = "sk-81a1961e9f9441c98c7840cb5f08449c"\n', encoding="utf-8"
        )
    
        findings = scan_for_leaks(paths)
    
>       high = next(f for f in findings if f.severity == "high")
               ^^^^^^^^^^^^^^^^^^^^^^^^^^^^^^^^^^^^^^^^^^^^^^^^^
E       StopIteration

tests\test_preflight.py:97: StopIteration

The above exception was the direct cause of the following exception:

cls = <class '_pytest.runner.CallInfo'>
func = <function call_and_report.<locals>.<lambda> at 0x000001E6D4D08400>
when = 'call'
reraise = (<class '_pytest.outcomes.Exit'>, <class 'KeyboardInterrupt'>)

    @classmethod
    def from_call(
        cls,
        func: Callable[[], TResult],
        when: Literal["collect", "setup", "call", "teardown"],
        reraise: type[BaseException] | tuple[type[BaseException], ...] | None = None,
    ) -> CallInfo[TResult]:
        """Call func, wrapping the result in a CallInfo.
    
        :param func:
            The function to call. Called without arguments.
        :type func: Callable[[], _pytest.runner.TResult]
        :param when:
            The phase in which the function is called.
        :param reraise:
            Exception or exceptions that shall propagate if raised by the
            function, instead of being wrapped in the CallInfo.
        """
        excinfo = None
        instant = timing.Instant()
        try:
>           result: TResult | None = func()
                                     ^^^^^^

C:\Miniconda\Lib\site-packages\_pytest\runner.py:361: 
_ _ _ _ _ _ _ _ _ _ _ _ _ _ _ _ _ _ _ _ _ _ _ _ _ _ _ _ _ _ _ _ _ _ _ _ _ _ _ _
C:\Miniconda\Lib\site-packages\_pytest\runner.py:250: in <lambda>
    lambda: runtest_hook(item=item, **kwds),
            ^^^^^^^^^^^^^^^^^^^^^^^^^^^^^^^
C:\Miniconda\Lib\site-packages\pluggy\_hooks.py:513: in __call__
    return self._hookexec(self.name, self._hookimpls.copy(), kwargs, firstresult)
           ^^^^^^^^^^^^^^^^^^^^^^^^^^^^^^^^^^^^^^^^^^^^^^^^^^^^^^^^^^^^^^^^^^^^^^
C:\Miniconda\Lib\site-packages\pluggy\_manager.py:120: in _hookexec
    return self._inner_hookexec(hook_name, methods, kwargs, firstresult)
           ^^^^^^^^^^^^^^^^^^^^^^^^^^^^^^^^^^^^^^^^^^^^^^^^^^^^^^^^^^^^^
C:\Miniconda\Lib\site-packages\_pytest\logging.py:865: in pytest_runtest_call
    yield
_ _ _ _ _ _ _ _ _ _ _ _ _ _ _ _ _ _ _ _ _ _ _ _ _ _ _ _ _ _ _ _ _ _ _ _ _ _ _ _

self = <CaptureManager _method='fd' _global_capturing=<MultiCapture out=<FDCapture 1 oldfd=5 _state='suspended' tmpfile=<Enco..._io.TextIOWrapper name='nul' mode='r' encoding='utf-8'>> _state='suspended' _in_suspended=False> _capture_fixture=None>
item = <Function test_leak_finding_carries_file_and_line>

    @hookimpl(wrapper=True)
    def pytest_runtest_call(self, item: Item) -> Generator[None]:
        with self.item_capture("call", item):
>           return (yield)
                    ^^^^^
E           RuntimeError: generator raised StopIteration

C:\Miniconda\Lib\site-packages\_pytest\capture.py:900: RuntimeError
_____________ test_v4_to_v5_migration_preserves_staged_candidates _____________

tmp_path = WindowsPath('C:/Users/郑曾波/Projects/invest-quick-scan/runs/w15a/sw/Users郑曾波Projectsinvest-quick-scanrunsw15asw-full-test-tmp/test_v4_to_v5_migration_preser0')

    def test_v4_to_v5_migration_preserves_staged_candidates(tmp_path: Path) -> None:
        """P2-2: the card demands the v4->v5 migration test in BOTH states —
        a bare DB upgrading to v5, and a v4 DB carrying staged candidate rows
        whose data must survive the bridge-table addition."""
        import shutil
        import sqlite3
    
        from stockwiki.quick_scan_schema import apply_v1, apply_v2, apply_v3, apply_v4
    
        # state A: fresh DB -> migrate lands at v5 with the bridge table
        store = _store(tmp_path)
>       assert store.migrate() == 5
E       assert 6 == 5
E        +  where 6 = migrate()
E        +    where migrate = <stockwiki.quick_scan_store.QuickScanStore object at 0x000001E6EE8A78F0>.migrate

tests\test_quick_scan_issuer_bridge.py:361: AssertionError
_____ test_projection_keeps_score_status_model_dates_versions_and_sources _____

tmp_path = WindowsPath('C:/Users/郑曾波/Projects/invest-quick-scan/runs/w15a/sw/Users郑曾波Projectsinvest-quick-scanrunsw15asw-full-test-tmp/test_projection_keeps_score_st0')
monkeypatch = <_pytest.monkeypatch.MonkeyPatch object at 0x000001E6EE328D70>

    def test_projection_keeps_score_status_model_dates_versions_and_sources(
        tmp_path: Path, monkeypatch
    ) -> None:
        _no_network(monkeypatch)
        paths = _workspace(tmp_path)
        profiles = {p["entity_id"]: p for p in build_profiles(paths)}
        assert set(profiles) == {E01, E02}
    
        e01 = profiles[E01]
        field = e01["score_fields"]["score.iqs_01"]
        assert field["score"] == 8 and field["status"] == "scored"
        assert field["provider"] and field["model_resolved"]
        assert field["versions"]["question_version"] == "1.0.0"
        assert field["versions"]["method_id"] and field["versions"]["template_version"]
        assert field["information_cutoff"] == "2026-09-30"
        assert field["observed_at"].endswith("Z")
>       assert field["imported_at"] and field["observation_id"] == "obs_p_iqs_leg"
E       AssertionError: assert ('2026-10-09T21:08:50Z' and 'obs_cd034e39...f058a3a6ccaa2' == 'obs_p_iqs_leg'
E         
E         - obs_p_iqs_leg
E         + obs_cd034e39128748902d44df24bd25bd0d41537f73a712b7fbe32f058a3a6ccaa2)

tests\test_quick_scan_profiles.py:316: AssertionError
____________ test_news_import_handler_writes_evidence_and_reviews _____________

tmp_path = WindowsPath('C:/Users/郑曾波/Projects/invest-quick-scan/runs/w15a/sw/Users郑曾波Projectsinvest-quick-scanrunsw15asw-full-test-tmp/test_news_import_handler_write0')
capsys = <_pytest.capture.CaptureFixture object at 0x000001E6D50518D0>

    def test_news_import_handler_writes_evidence_and_reviews(tmp_path: Path, capsys) -> None:
        paths, company = _setup(tmp_path)
        input_path = _news_jsonl(tmp_path)
    
        assert (
>           main(
                [
                    "--root", str(paths.root), "news-import",
                    "--ticker", company.ticker, "--input", str(input_path),
                    "--refresh-reviews",
                ]
            )
            == 0
        )

tests\test_services_news.py:123: 
_ _ _ _ _ _ _ _ _ _ _ _ _ _ _ _ _ _ _ _ _ _ _ _ _ _ _ _ _ _ _ _ _ _ _ _ _ _ _ _
stockwiki\cli.py:25: in main
    return int(args.func(args))
               ^^^^^^^^^^^^^^^
stockwiki\services\news.py:46: in cmd_news_import
    result = import_news_results(
stockwiki\news.py:209: in import_news_results
    return import_news_results_impl(
stockwiki\news_import.py:112: in import_news_results_impl
    apath.write_text(
C:\Miniconda\Lib\pathlib\_local.py:555: in write_text
    return PathBase.write_text(self, data, encoding, errors, newline)
           ^^^^^^^^^^^^^^^^^^^^^^^^^^^^^^^^^^^^^^^^^^^^^^^^^^^^^^^^^^
C:\Miniconda\Lib\pathlib\_abc.py:651: in write_text
    with self.open(mode='w', encoding=encoding, errors=errors, newline=newline) as f:
         ^^^^^^^^^^^^^^^^^^^^^^^^^^^^^^^^^^^^^^^^^^^^^^^^^^^^^^^^^^^^^^^^^^^^^^
_ _ _ _ _ _ _ _ _ _ _ _ _ _ _ _ _ _ _ _ _ _ _ _ _ _ _ _ _ _ _ _ _ _ _ _ _ _ _ _

self = WindowsPath('C:/Users/郑曾波/Projects/invest-quick-scan/runs/w15a/sw/Users郑曾波Projectsinvest-quick-scanrunsw15asw-full-tes...ta/companies/688012.SH/news/articles/2026-06-10_news_b7f5007c8289d3dc_AMEC_expands_CMP_and_ALD_equipment_portfolio.md')
mode = 'w', buffering = -1, encoding = 'utf-8', errors = None, newline = '\n'

    def open(self, mode='r', buffering=-1, encoding=None,
             errors=None, newline=None):
        """
        Open the file pointed to by this path and return a file object, as
        the built-in open() function does.
        """
        if "b" not in mode:
            encoding = io.text_encoding(encoding)
>       return io.open(self, mode, buffering, encoding, errors, newline)
               ^^^^^^^^^^^^^^^^^^^^^^^^^^^^^^^^^^^^^^^^^^^^^^^^^^^^^^^^^
E       FileNotFoundError: [Errno 2] No such file or directory: 'C:\\Users\\郑曾波\\Projects\\invest-quick-scan\\runs\\w15a\\sw\\Users郑曾波Projectsinvest-quick-scanrunsw15asw-full-test-tmp\\test_news_import_handler_write0\\ws\\data\\companies\\688012.SH\\news\\articles\\2026-06-10_news_b7f5007c8289d3dc_AMEC_expands_CMP_and_ALD_equipment_portfolio.md'

C:\Miniconda\Lib\pathlib\_local.py:537: FileNotFoundError
---------------------------- Captured stdout call -----------------------------
Initialized workspace: C:\Users\郑曾波\Projects\invest-quick-scan\runs\w15a\sw\Users郑曾波Projectsinvest-quick-scanrunsw15asw-full-test-tmp\test_news_import_handler_write0\ws
Created items: 13
C:\Users\郑曾波\Projects\invest-quick-scan\runs\w15a\sw\Users郑曾波Projectsinvest-quick-scanrunsw15asw-full-test-tmp\test_news_import_handler_write0\ws\config
C:\Users\郑曾波\Projects\invest-quick-scan\runs\w15a\sw\Users郑曾波Projectsinvest-quick-scanrunsw15asw-full-test-tmp\test_news_import_handler_write0\ws\data
C:\Users\郑曾波\Projects\invest-quick-scan\runs\w15a\sw\Users郑曾波Projectsinvest-quick-scanrunsw15asw-full-test-tmp\test_news_import_handler_write0\ws\wiki
C:\Users\郑曾波\Projects\invest-quick-scan\runs\w15a\sw\Users郑曾波Projectsinvest-quick-scanrunsw15asw-full-test-tmp\test_news_import_handler_write0\ws\framework
C:\Users\郑曾波\Projects\invest-quick-scan\runs\w15a\sw\Users郑曾波Projectsinvest-quick-scanrunsw15asw-full-test-tmp\test_news_import_handler_write0\ws\runs
C:\Users\郑曾波\Projects\invest-quick-scan\runs\w15a\sw\Users郑曾波Projectsinvest-quick-scanrunsw15asw-full-test-tmp\test_news_import_handler_write0\ws\runs\logs
C:\Users\郑曾波\Projects\invest-quick-scan\runs\w15a\sw\Users郑曾波Projectsinvest-quick-scanrunsw15asw-full-test-tmp\test_news_import_handler_write0\ws\runs\state
C:\Users\郑曾波\Projects\invest-quick-scan\runs\w15a\sw\Users郑曾波Projectsinvest-quick-scanrunsw15asw-full-test-tmp\test_news_import_handler_write0\ws\data\companies
C:\Users\郑曾波\Projects\invest-quick-scan\runs\w15a\sw\Users郑曾波Projectsinvest-quick-scanrunsw15asw-full-test-tmp\test_news_import_handler_write0\ws\data\industries
C:\Users\郑曾波\Projects\invest-quick-scan\runs\w15a\sw\Users郑曾波Projectsinvest-quick-scanrunsw15asw-full-test-tmp\test_news_import_handler_write0\ws\wiki\companies
C:\Users\郑曾波\Projects\invest-quick-scan\runs\w15a\sw\Users郑曾波Projectsinvest-quick-scanrunsw15asw-full-test-tmp\test_news_import_handler_write0\ws\wiki\industries
C:\Users\郑曾波\Projects\invest-quick-scan\runs\w15a\sw\Users郑曾波Projectsinvest-quick-scanrunsw15asw-full-test-tmp\test_news_import_handler_write0\ws\wiki\index.md
C:\Users\郑曾波\Projects\invest-quick-scan\runs\w15a\sw\Users郑曾波Projectsinvest-quick-scanrunsw15asw-full-test-tmp\test_news_import_handler_write0\ws\wiki\log.md
___________________ test_news_audit_handler_marks_relevance ___________________

tmp_path = WindowsPath('C:/Users/郑曾波/Projects/invest-quick-scan/runs/w15a/sw/Users郑曾波Projectsinvest-quick-scanrunsw15asw-full-test-tmp/test_news_audit_handler_marks_0')
capsys = <_pytest.capture.CaptureFixture object at 0x000001E6EE742950>

    def test_news_audit_handler_marks_relevance(tmp_path: Path, capsys) -> None:
        paths, company = _setup(tmp_path)
        # import first so there is something to audit
        input_path = _news_jsonl(tmp_path)
>       main(
            [
                "--root", str(paths.root), "news-import",
                "--ticker", company.ticker, "--input", str(input_path),
            ]
        )

tests\test_services_news.py:149: 
_ _ _ _ _ _ _ _ _ _ _ _ _ _ _ _ _ _ _ _ _ _ _ _ _ _ _ _ _ _ _ _ _ _ _ _ _ _ _ _
stockwiki\cli.py:25: in main
    return int(args.func(args))
               ^^^^^^^^^^^^^^^
stockwiki\services\news.py:46: in cmd_news_import
    result = import_news_results(
stockwiki\news.py:209: in import_news_results
    return import_news_results_impl(
stockwiki\news_import.py:112: in import_news_results_impl
    apath.write_text(
C:\Miniconda\Lib\pathlib\_local.py:555: in write_text
    return PathBase.write_text(self, data, encoding, errors, newline)
           ^^^^^^^^^^^^^^^^^^^^^^^^^^^^^^^^^^^^^^^^^^^^^^^^^^^^^^^^^^
C:\Miniconda\Lib\pathlib\_abc.py:651: in write_text
    with self.open(mode='w', encoding=encoding, errors=errors, newline=newline) as f:
         ^^^^^^^^^^^^^^^^^^^^^^^^^^^^^^^^^^^^^^^^^^^^^^^^^^^^^^^^^^^^^^^^^^^^^^
_ _ _ _ _ _ _ _ _ _ _ _ _ _ _ _ _ _ _ _ _ _ _ _ _ _ _ _ _ _ _ _ _ _ _ _ _ _ _ _

self = WindowsPath('C:/Users/郑曾波/Projects/invest-quick-scan/runs/w15a/sw/Users郑曾波Projectsinvest-quick-scanrunsw15asw-full-tes...ta/companies/688012.SH/news/articles/2026-06-10_news_b7f5007c8289d3dc_AMEC_expands_CMP_and_ALD_equipment_portfolio.md')
mode = 'w', buffering = -1, encoding = 'utf-8', errors = None, newline = '\n'

    def open(self, mode='r', buffering=-1, encoding=None,
             errors=None, newline=None):
        """
        Open the file pointed to by this path and return a file object, as
        the built-in open() function does.
        """
        if "b" not in mode:
            encoding = io.text_encoding(encoding)
>       return io.open(self, mode, buffering, encoding, errors, newline)
               ^^^^^^^^^^^^^^^^^^^^^^^^^^^^^^^^^^^^^^^^^^^^^^^^^^^^^^^^^
E       FileNotFoundError: [Errno 2] No such file or directory: 'C:\\Users\\郑曾波\\Projects\\invest-quick-scan\\runs\\w15a\\sw\\Users郑曾波Projectsinvest-quick-scanrunsw15asw-full-test-tmp\\test_news_audit_handler_marks_0\\ws\\data\\companies\\688012.SH\\news\\articles\\2026-06-10_news_b7f5007c8289d3dc_AMEC_expands_CMP_and_ALD_equipment_portfolio.md'

C:\Miniconda\Lib\pathlib\_local.py:537: FileNotFoundError
---------------------------- Captured stdout call -----------------------------
Initialized workspace: C:\Users\郑曾波\Projects\invest-quick-scan\runs\w15a\sw\Users郑曾波Projectsinvest-quick-scanrunsw15asw-full-test-tmp\test_news_audit_handler_marks_0\ws
Created items: 13
C:\Users\郑曾波\Projects\invest-quick-scan\runs\w15a\sw\Users郑曾波Projectsinvest-quick-scanrunsw15asw-full-test-tmp\test_news_audit_handler_marks_0\ws\config
C:\Users\郑曾波\Projects\invest-quick-scan\runs\w15a\sw\Users郑曾波Projectsinvest-quick-scanrunsw15asw-full-test-tmp\test_news_audit_handler_marks_0\ws\data
C:\Users\郑曾波\Projects\invest-quick-scan\runs\w15a\sw\Users郑曾波Projectsinvest-quick-scanrunsw15asw-full-test-tmp\test_news_audit_handler_marks_0\ws\wiki
C:\Users\郑曾波\Projects\invest-quick-scan\runs\w15a\sw\Users郑曾波Projectsinvest-quick-scanrunsw15asw-full-test-tmp\test_news_audit_handler_marks_0\ws\framework
C:\Users\郑曾波\Projects\invest-quick-scan\runs\w15a\sw\Users郑曾波Projectsinvest-quick-scanrunsw15asw-full-test-tmp\test_news_audit_handler_marks_0\ws\runs
C:\Users\郑曾波\Projects\invest-quick-scan\runs\w15a\sw\Users郑曾波Projectsinvest-quick-scanrunsw15asw-full-test-tmp\test_news_audit_handler_marks_0\ws\runs\logs
C:\Users\郑曾波\Projects\invest-quick-scan\runs\w15a\sw\Users郑曾波Projectsinvest-quick-scanrunsw15asw-full-test-tmp\test_news_audit_handler_marks_0\ws\runs\state
C:\Users\郑曾波\Projects\invest-quick-scan\runs\w15a\sw\Users郑曾波Projectsinvest-quick-scanrunsw15asw-full-test-tmp\test_news_audit_handler_marks_0\ws\data\companies
C:\Users\郑曾波\Projects\invest-quick-scan\runs\w15a\sw\Users郑曾波Projectsinvest-quick-scanrunsw15asw-full-test-tmp\test_news_audit_handler_marks_0\ws\data\industries
C:\Users\郑曾波\Projects\invest-quick-scan\runs\w15a\sw\Users郑曾波Projectsinvest-quick-scanrunsw15asw-full-test-tmp\test_news_audit_handler_marks_0\ws\wiki\companies
C:\Users\郑曾波\Projects\invest-quick-scan\runs\w15a\sw\Users郑曾波Projectsinvest-quick-scanrunsw15asw-full-test-tmp\test_news_audit_handler_marks_0\ws\wiki\industries
C:\Users\郑曾波\Projects\invest-quick-scan\runs\w15a\sw\Users郑曾波Projectsinvest-quick-scanrunsw15asw-full-test-tmp\test_news_audit_handler_marks_0\ws\wiki\index.md
C:\Users\郑曾波\Projects\invest-quick-scan\runs\w15a\sw\Users郑曾波Projectsinvest-quick-scanrunsw15asw-full-test-tmp\test_news_audit_handler_marks_0\ws\wiki\log.md
___________________ test_restore_refuses_a_junction_target ____________________

tmp_path = WindowsPath('C:/Users/郑曾波/Projects/invest-quick-scan/runs/w15a/sw/Users郑曾波Projectsinvest-quick-scanrunsw15asw-full-test-tmp/test_restore_refuses_a_junctio0')

    def test_restore_refuses_a_junction_target(tmp_path: Path) -> None:
        _winapi = pytest.importorskip("_winapi", reason="NTFS junctions are Windows-only")
        paths = _seeded(tmp_path / "jct_src")
        create_backup(paths, name="jct_ok")
        target = _target_root_for(paths, tmp_path, "jct_ok")
        elsewhere = tmp_path / "elsewhere"
        elsewhere.mkdir(parents=True)
        (elsewhere / "not_ours.txt").write_text("outside the workspace", encoding="utf-8")
        target.data_dir.mkdir(parents=True, exist_ok=True)
>       _winapi.CreateJunction(str(elsewhere), str(target.data_dir / "quick_scan"))
E       PermissionError: [WinError 5] 拒绝访问。

tests\test_swr_backup.py:178: PermissionError
_____________ test_restore_refuses_a_junction_in_the_data_parent ______________

tmp_path = WindowsPath('C:/Users/郑曾波/Projects/invest-quick-scan/runs/w15a/sw/Users郑曾波Projectsinvest-quick-scanrunsw15asw-full-test-tmp/test_restore_refuses_a_junctio1')

    def test_restore_refuses_a_junction_in_the_data_parent(tmp_path: Path) -> None:
        _winapi = pytest.importorskip("_winapi", reason="NTFS junctions are Windows-only")
        paths = _seeded(tmp_path / "jctp_src")
        create_backup(paths, name="jctp_ok")
        target = _target_root_for(paths, tmp_path, "jctp_ok")
        elsewhere = tmp_path / "elsewhere_parent"
        elsewhere.mkdir(parents=True)
>       _winapi.CreateJunction(str(elsewhere), str(target.data_dir))
E       PermissionError: [WinError 5] 拒绝访问。

tests\test_swr_backup.py:194: PermissionError
_________ test_restore_of_a_link_inside_the_backup_source_is_refused __________

tmp_path = WindowsPath('C:/Users/郑曾波/Projects/invest-quick-scan/runs/w15a/sw/Users郑曾波Projectsinvest-quick-scanrunsw15asw-full-test-tmp/test_restore_of_a_link_inside_0')

    def test_restore_of_a_link_inside_the_backup_source_is_refused(tmp_path: Path) -> None:
        paths = _seeded(tmp_path / "src_link")
        create_backup(paths, name="src_link_ok")
        target = _target_root_for(paths, tmp_path, "src_link_ok")
        target.data_dir.mkdir(parents=True, exist_ok=True)
        _winapi = pytest.importorskip("_winapi", reason="NTFS junctions are Windows-only")
        # Point INSIDE the workspace so name/containment passes and the link guard
        # itself is what has to refuse.
        elsewhere = target.root / "backups" / "quick_scan" / "real_elsewhere"
        elsewhere.mkdir(parents=True)
        (elsewhere / MANIFEST_NAME).write_text("{}", encoding="utf-8")
        shutil.rmtree(target.root / "backups" / "quick_scan" / "src_link_ok")
>       _winapi.CreateJunction(
            str(elsewhere), str(target.root / "backups" / "quick_scan" / "src_link_ok")
        )
E       PermissionError: [WinError 5] 拒绝访问。

tests\test_swr_backup.py:228: PermissionError
___________ test_prune_skips_damaged_unknown_and_linked_directories ___________

tmp_path = WindowsPath('C:/Users/郑曾波/Projects/invest-quick-scan/runs/w15a/sw/Users郑曾波Projectsinvest-quick-scanrunsw15asw-full-test-tmp/test_prune_skips_damaged_unkno0')

    def test_prune_skips_damaged_unknown_and_linked_directories(tmp_path: Path) -> None:
        paths = _seeded(tmp_path / "mixed")
        for name in ("k1", "k2", "k3"):
            create_backup(paths, name=name)
        root = quick_scan_backup_root(paths)
    
        damaged = root / "damaged"
        damaged.mkdir()
        (damaged / MANIFEST_NAME).write_text("{not json", encoding="utf-8")
    
        unknown = root / "unknown_dir"
        unknown.mkdir()
        (unknown / "anything.txt").write_text("not registered", encoding="utf-8")
    
        linked = root / "linked_dir"
        elsewhere = tmp_path / "linked_elsewhere"
        elsewhere.mkdir()
        _winapi = pytest.importorskip("_winapi", reason="NTFS junctions are Windows-only")
>       _winapi.CreateJunction(str(elsewhere), str(linked))
E       PermissionError: [WinError 5] 拒绝访问。

tests\test_swr_backup.py:361: PermissionError
_ test_backup_root_and_parent_junction_never_write_beyond_the_workspace[root] _

tmp_path = WindowsPath('C:/Users/郑曾波/Projects/invest-quick-scan/runs/w15a/sw/Users郑曾波Projectsinvest-quick-scanrunsw15asw-full-test-tmp/test_backup_root_and_parent_ju0')
kind = 'root'

    @pytest.mark.parametrize("kind", ["root", "parent"])
    def test_backup_root_and_parent_junction_never_write_beyond_the_workspace(
        tmp_path: Path, kind: str
    ) -> None:
        """SR02-2: a reparse point on the backup root or on its ``backups`` parent
        must be refused BEFORE any write — resolving first would hand the attacker's
        target the role of 'safe root'. list/prune on the same path must not delete
        the sentinel living outside the logical workspace either."""
        _winapi = pytest.importorskip(
            "_winapi", reason="real NTFS junction required; POSIX symlink is not accepted as proof"
        )
        fixture = tmp_path / "junction" / kind
        workspace = fixture / "workspace"
        foreign = fixture / "foreign"
        data = workspace / "data" / "quick_scan"
        data.mkdir(parents=True)
        (data / "marker.txt").write_text("owned fixture", encoding="utf-8")
        foreign.mkdir(parents=True)
        sentinel = foreign / "sentinel.txt"
        sentinel.write_text("foreign-to-workspace but test-owned", encoding="utf-8")
        if kind == "root":
            (workspace / "backups").mkdir(parents=True)
            link = workspace / "backups" / "quick_scan"
        else:
            link = workspace / "backups"
>       _winapi.CreateJunction(str(foreign), str(link))
E       PermissionError: [WinError 5] 拒绝访问。

tests\test_swr_backup.py:536: PermissionError
_ test_backup_root_and_parent_junction_never_write_beyond_the_workspace[parent] _

tmp_path = WindowsPath('C:/Users/郑曾波/Projects/invest-quick-scan/runs/w15a/sw/Users郑曾波Projectsinvest-quick-scanrunsw15asw-full-test-tmp/test_backup_root_and_parent_ju1')
kind = 'parent'

    @pytest.mark.parametrize("kind", ["root", "parent"])
    def test_backup_root_and_parent_junction_never_write_beyond_the_workspace(
        tmp_path: Path, kind: str
    ) -> None:
        """SR02-2: a reparse point on the backup root or on its ``backups`` parent
        must be refused BEFORE any write — resolving first would hand the attacker's
        target the role of 'safe root'. list/prune on the same path must not delete
        the sentinel living outside the logical workspace either."""
        _winapi = pytest.importorskip(
            "_winapi", reason="real NTFS junction required; POSIX symlink is not accepted as proof"
        )
        fixture = tmp_path / "junction" / kind
        workspace = fixture / "workspace"
        foreign = fixture / "foreign"
        data = workspace / "data" / "quick_scan"
        data.mkdir(parents=True)
        (data / "marker.txt").write_text("owned fixture", encoding="utf-8")
        foreign.mkdir(parents=True)
        sentinel = foreign / "sentinel.txt"
        sentinel.write_text("foreign-to-workspace but test-owned", encoding="utf-8")
        if kind == "root":
            (workspace / "backups").mkdir(parents=True)
            link = workspace / "backups" / "quick_scan"
        else:
            link = workspace / "backups"
>       _winapi.CreateJunction(str(foreign), str(link))
E       PermissionError: [WinError 5] 拒绝访问。

tests\test_swr_backup.py:536: PermissionError
________ test_swr5_browser_must_not_hard_code_a_single_condition_leaf _________

    def test_swr5_browser_must_not_hard_code_a_single_condition_leaf() -> None:
        """Static guard only — the real proof is the Playwright E2E in this repo."""
>       source = (REPO_ROOT / "stockwiki" / "ui_static" / "app.js").read_text(encoding="utf-8")
                 ^^^^^^^^^^^^^^^^^^^^^^^^^^^^^^^^^^^^^^^^^^^^^^^^^^^^^^^^^^^^^^^^^^^^^^^^^^^^^^

tests\test_swr_cases.py:220: 
_ _ _ _ _ _ _ _ _ _ _ _ _ _ _ _ _ _ _ _ _ _ _ _ _ _ _ _ _ _ _ _ _ _ _ _ _ _ _ _
C:\Miniconda\Lib\pathlib\_local.py:546: in read_text
    return PathBase.read_text(self, encoding, errors, newline)
           ^^^^^^^^^^^^^^^^^^^^^^^^^^^^^^^^^^^^^^^^^^^^^^^^^^^
C:\Miniconda\Lib\pathlib\_abc.py:632: in read_text
    with self.open(mode='r', encoding=encoding, errors=errors, newline=newline) as f:
         ^^^^^^^^^^^^^^^^^^^^^^^^^^^^^^^^^^^^^^^^^^^^^^^^^^^^^^^^^^^^^^^^^^^^^^
_ _ _ _ _ _ _ _ _ _ _ _ _ _ _ _ _ _ _ _ _ _ _ _ _ _ _ _ _ _ _ _ _ _ _ _ _ _ _ _

self = WindowsPath('C:/Users/郑曾波/Projects/invest-quick-scan/runs/w15a/sw/stockwiki/ui_static/app.js')
mode = 'r', buffering = -1, encoding = 'utf-8', errors = None, newline = None

    def open(self, mode='r', buffering=-1, encoding=None,
             errors=None, newline=None):
        """
        Open the file pointed to by this path and return a file object, as
        the built-in open() function does.
        """
        if "b" not in mode:
            encoding = io.text_encoding(encoding)
>       return io.open(self, mode, buffering, encoding, errors, newline)
               ^^^^^^^^^^^^^^^^^^^^^^^^^^^^^^^^^^^^^^^^^^^^^^^^^^^^^^^^^
E       FileNotFoundError: [Errno 2] No such file or directory: 'C:\\Users\\郑曾波\\Projects\\invest-quick-scan\\runs\\w15a\\sw\\stockwiki\\ui_static\\app.js'

C:\Miniconda\Lib\pathlib\_local.py:537: FileNotFoundError
_ test_swr4_reverse_order_import_keeps_the_newest_information_not_the_last_write _

tmp_path = WindowsPath('C:/Users/郑曾波/Projects/invest-quick-scan/runs/w15a/sw/Users郑曾波Projectsinvest-quick-scanrunsw15asw-full-test-tmp/test_swr4_reverse_order_import0')

    def test_swr4_reverse_order_import_keeps_the_newest_information_not_the_last_write(
        tmp_path: Path,
    ) -> None:
        paths = _bare_workspace(tmp_path / "reverse")
        # information_cutoff drives the "newest" ordering; observed_at is pinned by
        # the package contract (observed_at == execution.answered_at), so the two
        # rows differ only in information time — exactly the late-replay case.
        newer = _observation(
            "OBS_NEWER_FIRST",
            entity_id=E01,
            question_id="IQS_LEG",
            field_id=FIELD,
            score=4,
            request_id="REQ_NEW",
            attempt_id="ATT_NEW",
            extra={"information_cutoff": "2026-10-01"},
        )
        older = _observation(
            "OBS_OLDER_LATE",
            entity_id=E01,
            question_id="IQS_LEG",
            field_id=FIELD,
            score=9,
            request_id="REQ_OLD",
            attempt_id="ATT_OLD",
            extra={"information_cutoff": "2026-09-01"},
        )
        _accepted(paths, [newer, older])  # the OLD one is imported LAST
    
        entry = _score_fields(paths)[E01]["score_fields"][FIELD]
>       assert entry["observation_id"] == "OBS_NEWER_FIRST", (
            "a late replay of an old observation must never become 'latest'"
        )
E       AssertionError: a late replay of an old observation must never become 'latest'
E       assert 'obs_634373da...8980eb2989723' == 'OBS_NEWER_FIRST'
E         
E         - OBS_NEWER_FIRST
E         + obs_634373da0e6b4f2b78479d1aa073fc50de4be1cb2d1328b1a7d8980eb2989723

tests\test_swr_profiles.py:183: AssertionError
_________________________ test_ui_get_routes_and_404 __________________________

tmp_path = WindowsPath('C:/Users/郑曾波/Projects/invest-quick-scan/runs/w15a/sw/Users郑曾波Projectsinvest-quick-scanrunsw15asw-full-test-tmp/test_ui_get_routes_and_4040')

    def test_ui_get_routes_and_404(tmp_path: Path) -> None:
        paths = _setup(tmp_path)
        server, port = _start_server(paths)
        try:
            for route in ("/api/summary?refresh=0", "/api/jobs", "/api/dev/proposals",
                          "/api/dev/assets", "/api/dev/policies", "/api/dev/debug"):
>               status, body = _get(port, route)
                               ^^^^^^^^^^^^^^^^^

tests\test_ui_http.py:64: 
_ _ _ _ _ _ _ _ _ _ _ _ _ _ _ _ _ _ _ _ _ _ _ _ _ _ _ _ _ _ _ _ _ _ _ _ _ _ _ _
tests\test_ui_http.py:44: in _get
    with urllib.request.urlopen(f"http://127.0.0.1:{port}{path}", timeout=10) as resp:
         ^^^^^^^^^^^^^^^^^^^^^^^^^^^^^^^^^^^^^^^^^^^^^^^^^^^^^^^^^^^^^^^^^^^^
C:\Miniconda\Lib\urllib\request.py:189: in urlopen
    return opener.open(url, data, timeout)
           ^^^^^^^^^^^^^^^^^^^^^^^^^^^^^^^
C:\Miniconda\Lib\urllib\request.py:489: in open
    response = self._open(req, data)
               ^^^^^^^^^^^^^^^^^^^^^
C:\Miniconda\Lib\urllib\request.py:506: in _open
    result = self._call_chain(self.handle_open, protocol, protocol +
C:\Miniconda\Lib\urllib\request.py:466: in _call_chain
    result = func(*args)
             ^^^^^^^^^^^
C:\Miniconda\Lib\urllib\request.py:1348: in http_open
    return self.do_open(http.client.HTTPConnection, req)
           ^^^^^^^^^^^^^^^^^^^^^^^^^^^^^^^^^^^^^^^^^^^^^
C:\Miniconda\Lib\urllib\request.py:1319: in do_open
    h.request(req.get_method(), req.selector, req.data, headers,
C:\Miniconda\Lib\http\client.py:1338: in request
    self._send_request(method, url, body, headers, encode_chunked)
C:\Miniconda\Lib\http\client.py:1384: in _send_request
    self.endheaders(body, encode_chunked=encode_chunked)
C:\Miniconda\Lib\http\client.py:1333: in endheaders
    self._send_output(message_body, encode_chunked=encode_chunked)
C:\Miniconda\Lib\http\client.py:1093: in _send_output
    self.send(msg)
C:\Miniconda\Lib\http\client.py:1037: in send
    self.connect()
C:\Miniconda\Lib\http\client.py:1003: in connect
    self.sock = self._create_connection(
C:\Miniconda\Lib\socket.py:849: in create_connection
    sock.connect(sa)
_ _ _ _ _ _ _ _ _ _ _ _ _ _ _ _ _ _ _ _ _ _ _ _ _ _ _ _ _ _ _ _ _ _ _ _ _ _ _ _

args = (<socket.socket fd=1656, family=2, type=1, proto=0>, ('127.0.0.1', 54566))
kwargs = {}

>   def denied(*args, **kwargs): raise RuntimeError("W15 offline: network denied")
                                 ^^^^^^^^^^^^^^^^^^^^^^^^^^^^^^^^^^^^^^^^^^^^^^^^^
E   RuntimeError: W15 offline: network denied

sitecustomize.py:5: RuntimeError
---------------------------- Captured stdout call -----------------------------
Initialized workspace: C:\Users\郑曾波\Projects\invest-quick-scan\runs\w15a\sw\Users郑曾波Projectsinvest-quick-scanrunsw15asw-full-test-tmp\test_ui_get_routes_and_4040\ws
Created items: 13
C:\Users\郑曾波\Projects\invest-quick-scan\runs\w15a\sw\Users郑曾波Projectsinvest-quick-scanrunsw15asw-full-test-tmp\test_ui_get_routes_and_4040\ws\config
C:\Users\郑曾波\Projects\invest-quick-scan\runs\w15a\sw\Users郑曾波Projectsinvest-quick-scanrunsw15asw-full-test-tmp\test_ui_get_routes_and_4040\ws\data
C:\Users\郑曾波\Projects\invest-quick-scan\runs\w15a\sw\Users郑曾波Projectsinvest-quick-scanrunsw15asw-full-test-tmp\test_ui_get_routes_and_4040\ws\wiki
C:\Users\郑曾波\Projects\invest-quick-scan\runs\w15a\sw\Users郑曾波Projectsinvest-quick-scanrunsw15asw-full-test-tmp\test_ui_get_routes_and_4040\ws\framework
C:\Users\郑曾波\Projects\invest-quick-scan\runs\w15a\sw\Users郑曾波Projectsinvest-quick-scanrunsw15asw-full-test-tmp\test_ui_get_routes_and_4040\ws\runs
C:\Users\郑曾波\Projects\invest-quick-scan\runs\w15a\sw\Users郑曾波Projectsinvest-quick-scanrunsw15asw-full-test-tmp\test_ui_get_routes_and_4040\ws\runs\logs
C:\Users\郑曾波\Projects\invest-quick-scan\runs\w15a\sw\Users郑曾波Projectsinvest-quick-scanrunsw15asw-full-test-tmp\test_ui_get_routes_and_4040\ws\runs\state
C:\Users\郑曾波\Projects\invest-quick-scan\runs\w15a\sw\Users郑曾波Projectsinvest-quick-scanrunsw15asw-full-test-tmp\test_ui_get_routes_and_4040\ws\data\companies
C:\Users\郑曾波\Projects\invest-quick-scan\runs\w15a\sw\Users郑曾波Projectsinvest-quick-scanrunsw15asw-full-test-tmp\test_ui_get_routes_and_4040\ws\data\industries
C:\Users\郑曾波\Projects\invest-quick-scan\runs\w15a\sw\Users郑曾波Projectsinvest-quick-scanrunsw15asw-full-test-tmp\test_ui_get_routes_and_4040\ws\wiki\companies
C:\Users\郑曾波\Projects\invest-quick-scan\runs\w15a\sw\Users郑曾波Projectsinvest-quick-scanrunsw15asw-full-test-tmp\test_ui_get_routes_and_4040\ws\wiki\industries
C:\Users\郑曾波\Projects\invest-quick-scan\runs\w15a\sw\Users郑曾波Projectsinvest-quick-scanrunsw15asw-full-test-tmp\test_ui_get_routes_and_4040\ws\wiki\index.md
C:\Users\郑曾波\Projects\invest-quick-scan\runs\w15a\sw\Users郑曾波Projectsinvest-quick-scanrunsw15asw-full-test-tmp\test_ui_get_routes_and_4040\ws\wiki\log.md
_________________________ test_ui_static_index_served _________________________

tmp_path = WindowsPath('C:/Users/郑曾波/Projects/invest-quick-scan/runs/w15a/sw/Users郑曾波Projectsinvest-quick-scanrunsw15asw-full-test-tmp/test_ui_static_index_served0')

    def test_ui_static_index_served(tmp_path: Path) -> None:
        paths = _setup(tmp_path)
        server, port = _start_server(paths)
        try:
>           with urllib.request.urlopen(f"http://127.0.0.1:{port}/", timeout=10) as resp:
                 ^^^^^^^^^^^^^^^^^^^^^^^^^^^^^^^^^^^^^^^^^^^^^^^^^^^^^^^^^^^^^^^

tests\test_ui_http.py:86: 
_ _ _ _ _ _ _ _ _ _ _ _ _ _ _ _ _ _ _ _ _ _ _ _ _ _ _ _ _ _ _ _ _ _ _ _ _ _ _ _
C:\Miniconda\Lib\urllib\request.py:189: in urlopen
    return opener.open(url, data, timeout)
           ^^^^^^^^^^^^^^^^^^^^^^^^^^^^^^^
C:\Miniconda\Lib\urllib\request.py:489: in open
    response = self._open(req, data)
               ^^^^^^^^^^^^^^^^^^^^^
C:\Miniconda\Lib\urllib\request.py:506: in _open
    result = self._call_chain(self.handle_open, protocol, protocol +
C:\Miniconda\Lib\urllib\request.py:466: in _call_chain
    result = func(*args)
             ^^^^^^^^^^^
C:\Miniconda\Lib\urllib\request.py:1348: in http_open
    return self.do_open(http.client.HTTPConnection, req)
           ^^^^^^^^^^^^^^^^^^^^^^^^^^^^^^^^^^^^^^^^^^^^^
C:\Miniconda\Lib\urllib\request.py:1319: in do_open
    h.request(req.get_method(), req.selector, req.data, headers,
C:\Miniconda\Lib\http\client.py:1338: in request
    self._send_request(method, url, body, headers, encode_chunked)
C:\Miniconda\Lib\http\client.py:1384: in _send_request
    self.endheaders(body, encode_chunked=encode_chunked)
C:\Miniconda\Lib\http\client.py:1333: in endheaders
    self._send_output(message_body, encode_chunked=encode_chunked)
C:\Miniconda\Lib\http\client.py:1093: in _send_output
    self.send(msg)
C:\Miniconda\Lib\http\client.py:1037: in send
    self.connect()
C:\Miniconda\Lib\http\client.py:1003: in connect
    self.sock = self._create_connection(
C:\Miniconda\Lib\socket.py:849: in create_connection
    sock.connect(sa)
_ _ _ _ _ _ _ _ _ _ _ _ _ _ _ _ _ _ _ _ _ _ _ _ _ _ _ _ _ _ _ _ _ _ _ _ _ _ _ _

args = (<socket.socket fd=900, family=2, type=1, proto=0>, ('127.0.0.1', 54572))
kwargs = {}

>   def denied(*args, **kwargs): raise RuntimeError("W15 offline: network denied")
                                 ^^^^^^^^^^^^^^^^^^^^^^^^^^^^^^^^^^^^^^^^^^^^^^^^^
E   RuntimeError: W15 offline: network denied

sitecustomize.py:5: RuntimeError
---------------------------- Captured stdout call -----------------------------
Initialized workspace: C:\Users\郑曾波\Projects\invest-quick-scan\runs\w15a\sw\Users郑曾波Projectsinvest-quick-scanrunsw15asw-full-test-tmp\test_ui_static_index_served0\ws
Created items: 13
C:\Users\郑曾波\Projects\invest-quick-scan\runs\w15a\sw\Users郑曾波Projectsinvest-quick-scanrunsw15asw-full-test-tmp\test_ui_static_index_served0\ws\config
C:\Users\郑曾波\Projects\invest-quick-scan\runs\w15a\sw\Users郑曾波Projectsinvest-quick-scanrunsw15asw-full-test-tmp\test_ui_static_index_served0\ws\data
C:\Users\郑曾波\Projects\invest-quick-scan\runs\w15a\sw\Users郑曾波Projectsinvest-quick-scanrunsw15asw-full-test-tmp\test_ui_static_index_served0\ws\wiki
C:\Users\郑曾波\Projects\invest-quick-scan\runs\w15a\sw\Users郑曾波Projectsinvest-quick-scanrunsw15asw-full-test-tmp\test_ui_static_index_served0\ws\framework
C:\Users\郑曾波\Projects\invest-quick-scan\runs\w15a\sw\Users郑曾波Projectsinvest-quick-scanrunsw15asw-full-test-tmp\test_ui_static_index_served0\ws\runs
C:\Users\郑曾波\Projects\invest-quick-scan\runs\w15a\sw\Users郑曾波Projectsinvest-quick-scanrunsw15asw-full-test-tmp\test_ui_static_index_served0\ws\runs\logs
C:\Users\郑曾波\Projects\invest-quick-scan\runs\w15a\sw\Users郑曾波Projectsinvest-quick-scanrunsw15asw-full-test-tmp\test_ui_static_index_served0\ws\runs\state
C:\Users\郑曾波\Projects\invest-quick-scan\runs\w15a\sw\Users郑曾波Projectsinvest-quick-scanrunsw15asw-full-test-tmp\test_ui_static_index_served0\ws\data\companies
C:\Users\郑曾波\Projects\invest-quick-scan\runs\w15a\sw\Users郑曾波Projectsinvest-quick-scanrunsw15asw-full-test-tmp\test_ui_static_index_served0\ws\data\industries
C:\Users\郑曾波\Projects\invest-quick-scan\runs\w15a\sw\Users郑曾波Projectsinvest-quick-scanrunsw15asw-full-test-tmp\test_ui_static_index_served0\ws\wiki\companies
C:\Users\郑曾波\Projects\invest-quick-scan\runs\w15a\sw\Users郑曾波Projectsinvest-quick-scanrunsw15asw-full-test-tmp\test_ui_static_index_served0\ws\wiki\industries
C:\Users\郑曾波\Projects\invest-quick-scan\runs\w15a\sw\Users郑曾波Projectsinvest-quick-scanrunsw15asw-full-test-tmp\test_ui_static_index_served0\ws\wiki\index.md
C:\Users\郑曾波\Projects\invest-quick-scan\runs\w15a\sw\Users郑曾波Projectsinvest-quick-scanrunsw15asw-full-test-tmp\test_ui_static_index_served0\ws\wiki\log.md
_______________ test_ui_post_refresh_and_proposal_decision_404 ________________

tmp_path = WindowsPath('C:/Users/郑曾波/Projects/invest-quick-scan/runs/w15a/sw/Users郑曾波Projectsinvest-quick-scanrunsw15asw-full-test-tmp/test_ui_post_refresh_and_propo0')

    def test_ui_post_refresh_and_proposal_decision_404(tmp_path: Path) -> None:
        paths = _setup(tmp_path)
        server, port = _start_server(paths)
        try:
            # /api/refresh regenerates status + gap plan and returns the summary
>           status, body = _post(port, "/api/refresh", {})
                           ^^^^^^^^^^^^^^^^^^^^^^^^^^^^^^^

tests\test_ui_http.py:98: 
_ _ _ _ _ _ _ _ _ _ _ _ _ _ _ _ _ _ _ _ _ _ _ _ _ _ _ _ _ _ _ _ _ _ _ _ _ _ _ _
tests\test_ui_http.py:54: in _post
    with urllib.request.urlopen(req, timeout=10) as resp:
         ^^^^^^^^^^^^^^^^^^^^^^^^^^^^^^^^^^^^^^^
C:\Miniconda\Lib\urllib\request.py:189: in urlopen
    return opener.open(url, data, timeout)
           ^^^^^^^^^^^^^^^^^^^^^^^^^^^^^^^
C:\Miniconda\Lib\urllib\request.py:489: in open
    response = self._open(req, data)
               ^^^^^^^^^^^^^^^^^^^^^
C:\Miniconda\Lib\urllib\request.py:506: in _open
    result = self._call_chain(self.handle_open, protocol, protocol +
C:\Miniconda\Lib\urllib\request.py:466: in _call_chain
    result = func(*args)
             ^^^^^^^^^^^
C:\Miniconda\Lib\urllib\request.py:1348: in http_open
    return self.do_open(http.client.HTTPConnection, req)
           ^^^^^^^^^^^^^^^^^^^^^^^^^^^^^^^^^^^^^^^^^^^^^
C:\Miniconda\Lib\urllib\request.py:1319: in do_open
    h.request(req.get_method(), req.selector, req.data, headers,
C:\Miniconda\Lib\http\client.py:1338: in request
    self._send_request(method, url, body, headers, encode_chunked)
C:\Miniconda\Lib\http\client.py:1384: in _send_request
    self.endheaders(body, encode_chunked=encode_chunked)
C:\Miniconda\Lib\http\client.py:1333: in endheaders
    self._send_output(message_body, encode_chunked=encode_chunked)
C:\Miniconda\Lib\http\client.py:1093: in _send_output
    self.send(msg)
C:\Miniconda\Lib\http\client.py:1037: in send
    self.connect()
C:\Miniconda\Lib\http\client.py:1003: in connect
    self.sock = self._create_connection(
C:\Miniconda\Lib\socket.py:849: in create_connection
    sock.connect(sa)
_ _ _ _ _ _ _ _ _ _ _ _ _ _ _ _ _ _ _ _ _ _ _ _ _ _ _ _ _ _ _ _ _ _ _ _ _ _ _ _

args = (<socket.socket fd=1572, family=2, type=1, proto=0>, ('127.0.0.1', 54578))
kwargs = {}

>   def denied(*args, **kwargs): raise RuntimeError("W15 offline: network denied")
                                 ^^^^^^^^^^^^^^^^^^^^^^^^^^^^^^^^^^^^^^^^^^^^^^^^^
E   RuntimeError: W15 offline: network denied

sitecustomize.py:5: RuntimeError
---------------------------- Captured stdout call -----------------------------
Initialized workspace: C:\Users\郑曾波\Projects\invest-quick-scan\runs\w15a\sw\Users郑曾波Projectsinvest-quick-scanrunsw15asw-full-test-tmp\test_ui_post_refresh_and_propo0\ws
Created items: 13
C:\Users\郑曾波\Projects\invest-quick-scan\runs\w15a\sw\Users郑曾波Projectsinvest-quick-scanrunsw15asw-full-test-tmp\test_ui_post_refresh_and_propo0\ws\config
C:\Users\郑曾波\Projects\invest-quick-scan\runs\w15a\sw\Users郑曾波Projectsinvest-quick-scanrunsw15asw-full-test-tmp\test_ui_post_refresh_and_propo0\ws\data
C:\Users\郑曾波\Projects\invest-quick-scan\runs\w15a\sw\Users郑曾波Projectsinvest-quick-scanrunsw15asw-full-test-tmp\test_ui_post_refresh_and_propo0\ws\wiki
C:\Users\郑曾波\Projects\invest-quick-scan\runs\w15a\sw\Users郑曾波Projectsinvest-quick-scanrunsw15asw-full-test-tmp\test_ui_post_refresh_and_propo0\ws\framework
C:\Users\郑曾波\Projects\invest-quick-scan\runs\w15a\sw\Users郑曾波Projectsinvest-quick-scanrunsw15asw-full-test-tmp\test_ui_post_refresh_and_propo0\ws\runs
C:\Users\郑曾波\Projects\invest-quick-scan\runs\w15a\sw\Users郑曾波Projectsinvest-quick-scanrunsw15asw-full-test-tmp\test_ui_post_refresh_and_propo0\ws\runs\logs
C:\Users\郑曾波\Projects\invest-quick-scan\runs\w15a\sw\Users郑曾波Projectsinvest-quick-scanrunsw15asw-full-test-tmp\test_ui_post_refresh_and_propo0\ws\runs\state
C:\Users\郑曾波\Projects\invest-quick-scan\runs\w15a\sw\Users郑曾波Projectsinvest-quick-scanrunsw15asw-full-test-tmp\test_ui_post_refresh_and_propo0\ws\data\companies
C:\Users\郑曾波\Projects\invest-quick-scan\runs\w15a\sw\Users郑曾波Projectsinvest-quick-scanrunsw15asw-full-test-tmp\test_ui_post_refresh_and_propo0\ws\data\industries
C:\Users\郑曾波\Projects\invest-quick-scan\runs\w15a\sw\Users郑曾波Projectsinvest-quick-scanrunsw15asw-full-test-tmp\test_ui_post_refresh_and_propo0\ws\wiki\companies
C:\Users\郑曾波\Projects\invest-quick-scan\runs\w15a\sw\Users郑曾波Projectsinvest-quick-scanrunsw15asw-full-test-tmp\test_ui_post_refresh_and_propo0\ws\wiki\industries
C:\Users\郑曾波\Projects\invest-quick-scan\runs\w15a\sw\Users郑曾波Projectsinvest-quick-scanrunsw15asw-full-test-tmp\test_ui_post_refresh_and_propo0\ws\wiki\index.md
C:\Users\郑曾波\Projects\invest-quick-scan\runs\w15a\sw\Users郑曾波Projectsinvest-quick-scanrunsw15asw-full-test-tmp\test_ui_post_refresh_and_propo0\ws\wiki\log.md
_______________ test_capabilities_declare_w09_protocol_not_c06 ________________

quickscan_server = (WorkspacePaths(root=WindowsPath('C:/Users/郑曾波/Projects/invest-quick-scan/runs/w15a/sw/Users郑曾波Projectsinvest-quick-sc...a/sw/Users郑曾波Projectsinvest-quick-scanrunsw15asw-full-test-tmp/test_capabilities_declare_w09_0/qs/runs/state')), 54579)

    def test_capabilities_declare_w09_protocol_not_c06(quickscan_server) -> None:
        _paths, port = quickscan_server
>       status, body = _request(port, "/api/quickscan/capabilities")
                       ^^^^^^^^^^^^^^^^^^^^^^^^^^^^^^^^^^^^^^^^^^^^^

tests\test_ui_quick_scan.py:100: 
_ _ _ _ _ _ _ _ _ _ _ _ _ _ _ _ _ _ _ _ _ _ _ _ _ _ _ _ _ _ _ _ _ _ _ _ _ _ _ _
tests\test_ui_quick_scan.py:68: in _request
    with urllib.request.urlopen(req, timeout=15) as resp:
         ^^^^^^^^^^^^^^^^^^^^^^^^^^^^^^^^^^^^^^^
C:\Miniconda\Lib\urllib\request.py:189: in urlopen
    return opener.open(url, data, timeout)
           ^^^^^^^^^^^^^^^^^^^^^^^^^^^^^^^
C:\Miniconda\Lib\urllib\request.py:489: in open
    response = self._open(req, data)
               ^^^^^^^^^^^^^^^^^^^^^
C:\Miniconda\Lib\urllib\request.py:506: in _open
    result = self._call_chain(self.handle_open, protocol, protocol +
C:\Miniconda\Lib\urllib\request.py:466: in _call_chain
    result = func(*args)
             ^^^^^^^^^^^
C:\Miniconda\Lib\urllib\request.py:1348: in http_open
    return self.do_open(http.client.HTTPConnection, req)
           ^^^^^^^^^^^^^^^^^^^^^^^^^^^^^^^^^^^^^^^^^^^^^
C:\Miniconda\Lib\urllib\request.py:1319: in do_open
    h.request(req.get_method(), req.selector, req.data, headers,
C:\Miniconda\Lib\http\client.py:1338: in request
    self._send_request(method, url, body, headers, encode_chunked)
C:\Miniconda\Lib\http\client.py:1384: in _send_request
    self.endheaders(body, encode_chunked=encode_chunked)
C:\Miniconda\Lib\http\client.py:1333: in endheaders
    self._send_output(message_body, encode_chunked=encode_chunked)
C:\Miniconda\Lib\http\client.py:1093: in _send_output
    self.send(msg)
C:\Miniconda\Lib\http\client.py:1037: in send
    self.connect()
C:\Miniconda\Lib\http\client.py:1003: in connect
    self.sock = self._create_connection(
C:\Miniconda\Lib\socket.py:849: in create_connection
    sock.connect(sa)
tests\test_ui_quick_scan.py:45: in guarded
    return original(self, address)
           ^^^^^^^^^^^^^^^^^^^^^^^
_ _ _ _ _ _ _ _ _ _ _ _ _ _ _ _ _ _ _ _ _ _ _ _ _ _ _ _ _ _ _ _ _ _ _ _ _ _ _ _

args = (<socket.socket fd=1036, family=2, type=1, proto=0>, ('127.0.0.1', 54579))
kwargs = {}

>   def denied(*args, **kwargs): raise RuntimeError("W15 offline: network denied")
                                 ^^^^^^^^^^^^^^^^^^^^^^^^^^^^^^^^^^^^^^^^^^^^^^^^^
E   RuntimeError: W15 offline: network denied

sitecustomize.py:5: RuntimeError
________ test_search_paginates_on_a_frozen_snapshot_without_duplicates ________

quickscan_server = (WorkspacePaths(root=WindowsPath('C:/Users/郑曾波/Projects/invest-quick-scan/runs/w15a/sw/Users郑曾波Projectsinvest-quick-sc...a/sw/Users郑曾波Projectsinvest-quick-scanrunsw15asw-full-test-tmp/test_search_paginates_on_a_fro0/qs/runs/state')), 54581)

    def test_search_paginates_on_a_frozen_snapshot_without_duplicates(quickscan_server) -> None:
        _paths, port = quickscan_server
        payload = {"view": "all_relevant", "page": 1, "page_size": 1}
>       status, first = _request(port, "/api/quickscan/search", method="POST", body=payload)
                        ^^^^^^^^^^^^^^^^^^^^^^^^^^^^^^^^^^^^^^^^^^^^^^^^^^^^^^^^^^^^^^^^^^^^

tests\test_ui_quick_scan.py:113: 
_ _ _ _ _ _ _ _ _ _ _ _ _ _ _ _ _ _ _ _ _ _ _ _ _ _ _ _ _ _ _ _ _ _ _ _ _ _ _ _
tests\test_ui_quick_scan.py:68: in _request
    with urllib.request.urlopen(req, timeout=15) as resp:
         ^^^^^^^^^^^^^^^^^^^^^^^^^^^^^^^^^^^^^^^
C:\Miniconda\Lib\urllib\request.py:189: in urlopen
    return opener.open(url, data, timeout)
           ^^^^^^^^^^^^^^^^^^^^^^^^^^^^^^^
C:\Miniconda\Lib\urllib\request.py:489: in open
    response = self._open(req, data)
               ^^^^^^^^^^^^^^^^^^^^^
C:\Miniconda\Lib\urllib\request.py:506: in _open
    result = self._call_chain(self.handle_open, protocol, protocol +
C:\Miniconda\Lib\urllib\request.py:466: in _call_chain
    result = func(*args)
             ^^^^^^^^^^^
C:\Miniconda\Lib\urllib\request.py:1348: in http_open
    return self.do_open(http.client.HTTPConnection, req)
           ^^^^^^^^^^^^^^^^^^^^^^^^^^^^^^^^^^^^^^^^^^^^^
C:\Miniconda\Lib\urllib\request.py:1319: in do_open
    h.request(req.get_method(), req.selector, req.data, headers,
C:\Miniconda\Lib\http\client.py:1338: in request
    self._send_request(method, url, body, headers, encode_chunked)
C:\Miniconda\Lib\http\client.py:1384: in _send_request
    self.endheaders(body, encode_chunked=encode_chunked)
C:\Miniconda\Lib\http\client.py:1333: in endheaders
    self._send_output(message_body, encode_chunked=encode_chunked)
C:\Miniconda\Lib\http\client.py:1093: in _send_output
    self.send(msg)
C:\Miniconda\Lib\http\client.py:1037: in send
    self.connect()
C:\Miniconda\Lib\http\client.py:1003: in connect
    self.sock = self._create_connection(
C:\Miniconda\Lib\socket.py:849: in create_connection
    sock.connect(sa)
tests\test_ui_quick_scan.py:45: in guarded
    return original(self, address)
           ^^^^^^^^^^^^^^^^^^^^^^^
_ _ _ _ _ _ _ _ _ _ _ _ _ _ _ _ _ _ _ _ _ _ _ _ _ _ _ _ _ _ _ _ _ _ _ _ _ _ _ _

args = (<socket.socket fd=1304, family=2, type=1, proto=0>, ('127.0.0.1', 54581))
kwargs = {}

>   def denied(*args, **kwargs): raise RuntimeError("W15 offline: network denied")
                                 ^^^^^^^^^^^^^^^^^^^^^^^^^^^^^^^^^^^^^^^^^^^^^^^^^
E   RuntimeError: W15 offline: network denied

sitecustomize.py:5: RuntimeError
____________ test_search_rejects_unknown_keys_and_oversized_pages _____________

quickscan_server = (WorkspacePaths(root=WindowsPath('C:/Users/郑曾波/Projects/invest-quick-scan/runs/w15a/sw/Users郑曾波Projectsinvest-quick-sc...a/sw/Users郑曾波Projectsinvest-quick-scanrunsw15asw-full-test-tmp/test_search_rejects_unknown_ke0/qs/runs/state')), 54584)

    def test_search_rejects_unknown_keys_and_oversized_pages(quickscan_server) -> None:
        _paths, port = quickscan_server
>       status, body = _request(port, "/api/quickscan/search", method="POST", body={"root": "/etc"})
                       ^^^^^^^^^^^^^^^^^^^^^^^^^^^^^^^^^^^^^^^^^^^^^^^^^^^^^^^^^^^^^^^^^^^^^^^^^^^^^

tests\test_ui_quick_scan.py:145: 
_ _ _ _ _ _ _ _ _ _ _ _ _ _ _ _ _ _ _ _ _ _ _ _ _ _ _ _ _ _ _ _ _ _ _ _ _ _ _ _
tests\test_ui_quick_scan.py:68: in _request
    with urllib.request.urlopen(req, timeout=15) as resp:
         ^^^^^^^^^^^^^^^^^^^^^^^^^^^^^^^^^^^^^^^
C:\Miniconda\Lib\urllib\request.py:189: in urlopen
    return opener.open(url, data, timeout)
           ^^^^^^^^^^^^^^^^^^^^^^^^^^^^^^^
C:\Miniconda\Lib\urllib\request.py:489: in open
    response = self._open(req, data)
               ^^^^^^^^^^^^^^^^^^^^^
C:\Miniconda\Lib\urllib\request.py:506: in _open
    result = self._call_chain(self.handle_open, protocol, protocol +
C:\Miniconda\Lib\urllib\request.py:466: in _call_chain
    result = func(*args)
             ^^^^^^^^^^^
C:\Miniconda\Lib\urllib\request.py:1348: in http_open
    return self.do_open(http.client.HTTPConnection, req)
           ^^^^^^^^^^^^^^^^^^^^^^^^^^^^^^^^^^^^^^^^^^^^^
C:\Miniconda\Lib\urllib\request.py:1319: in do_open
    h.request(req.get_method(), req.selector, req.data, headers,
C:\Miniconda\Lib\http\client.py:1338: in request
    self._send_request(method, url, body, headers, encode_chunked)
C:\Miniconda\Lib\http\client.py:1384: in _send_request
    self.endheaders(body, encode_chunked=encode_chunked)
C:\Miniconda\Lib\http\client.py:1333: in endheaders
    self._send_output(message_body, encode_chunked=encode_chunked)
C:\Miniconda\Lib\http\client.py:1093: in _send_output
    self.send(msg)
C:\Miniconda\Lib\http\client.py:1037: in send
    self.connect()
C:\Miniconda\Lib\http\client.py:1003: in connect
    self.sock = self._create_connection(
C:\Miniconda\Lib\socket.py:849: in create_connection
    sock.connect(sa)
tests\test_ui_quick_scan.py:45: in guarded
    return original(self, address)
           ^^^^^^^^^^^^^^^^^^^^^^^
_ _ _ _ _ _ _ _ _ _ _ _ _ _ _ _ _ _ _ _ _ _ _ _ _ _ _ _ _ _ _ _ _ _ _ _ _ _ _ _

args = (<socket.socket fd=876, family=2, type=1, proto=0>, ('127.0.0.1', 54584))
kwargs = {}

>   def denied(*args, **kwargs): raise RuntimeError("W15 offline: network denied")
                                 ^^^^^^^^^^^^^^^^^^^^^^^^^^^^^^^^^^^^^^^^^^^^^^^^^
E   RuntimeError: W15 offline: network denied

sitecustomize.py:5: RuntimeError
_________ test_search_conditions_and_views_agree_with_the_query_layer _________

quickscan_server = (WorkspacePaths(root=WindowsPath('C:/Users/郑曾波/Projects/invest-quick-scan/runs/w15a/sw/Users郑曾波Projectsinvest-quick-sc...a/sw/Users郑曾波Projectsinvest-quick-scanrunsw15asw-full-test-tmp/test_search_conditions_and_vie0/qs/runs/state')), 54586)

    def test_search_conditions_and_views_agree_with_the_query_layer(quickscan_server) -> None:
        _paths, port = quickscan_server
>       status, hit = _request(
            port,
            "/api/quickscan/search",
            method="POST",
            body={"conditions": [{"field": "score.iqs_01", "op": ">=", "value": 8}]},
        )

tests\test_ui_quick_scan.py:162: 
_ _ _ _ _ _ _ _ _ _ _ _ _ _ _ _ _ _ _ _ _ _ _ _ _ _ _ _ _ _ _ _ _ _ _ _ _ _ _ _
tests\test_ui_quick_scan.py:68: in _request
    with urllib.request.urlopen(req, timeout=15) as resp:
         ^^^^^^^^^^^^^^^^^^^^^^^^^^^^^^^^^^^^^^^
C:\Miniconda\Lib\urllib\request.py:189: in urlopen
    return opener.open(url, data, timeout)
           ^^^^^^^^^^^^^^^^^^^^^^^^^^^^^^^
C:\Miniconda\Lib\urllib\request.py:489: in open
    response = self._open(req, data)
               ^^^^^^^^^^^^^^^^^^^^^
C:\Miniconda\Lib\urllib\request.py:506: in _open
    result = self._call_chain(self.handle_open, protocol, protocol +
C:\Miniconda\Lib\urllib\request.py:466: in _call_chain
    result = func(*args)
             ^^^^^^^^^^^
C:\Miniconda\Lib\urllib\request.py:1348: in http_open
    return self.do_open(http.client.HTTPConnection, req)
           ^^^^^^^^^^^^^^^^^^^^^^^^^^^^^^^^^^^^^^^^^^^^^
C:\Miniconda\Lib\urllib\request.py:1319: in do_open
    h.request(req.get_method(), req.selector, req.data, headers,
C:\Miniconda\Lib\http\client.py:1338: in request
    self._send_request(method, url, body, headers, encode_chunked)
C:\Miniconda\Lib\http\client.py:1384: in _send_request
    self.endheaders(body, encode_chunked=encode_chunked)
C:\Miniconda\Lib\http\client.py:1333: in endheaders
    self._send_output(message_body, encode_chunked=encode_chunked)
C:\Miniconda\Lib\http\client.py:1093: in _send_output
    self.send(msg)
C:\Miniconda\Lib\http\client.py:1037: in send
    self.connect()
C:\Miniconda\Lib\http\client.py:1003: in connect
    self.sock = self._create_connection(
C:\Miniconda\Lib\socket.py:849: in create_connection
    sock.connect(sa)
tests\test_ui_quick_scan.py:45: in guarded
    return original(self, address)
           ^^^^^^^^^^^^^^^^^^^^^^^
_ _ _ _ _ _ _ _ _ _ _ _ _ _ _ _ _ _ _ _ _ _ _ _ _ _ _ _ _ _ _ _ _ _ _ _ _ _ _ _

args = (<socket.socket fd=1504, family=2, type=1, proto=0>, ('127.0.0.1', 54586))
kwargs = {}

>   def denied(*args, **kwargs): raise RuntimeError("W15 offline: network denied")
                                 ^^^^^^^^^^^^^^^^^^^^^^^^^^^^^^^^^^^^^^^^^^^^^^^^^
E   RuntimeError: W15 offline: network denied

sitecustomize.py:5: RuntimeError
____________ test_coverage_exposes_field_catalog_and_entity_detail ____________

quickscan_server = (WorkspacePaths(root=WindowsPath('C:/Users/郑曾波/Projects/invest-quick-scan/runs/w15a/sw/Users郑曾波Projectsinvest-quick-sc...a/sw/Users郑曾波Projectsinvest-quick-scanrunsw15asw-full-test-tmp/test_coverage_exposes_field_ca0/qs/runs/state')), 54588)

    def test_coverage_exposes_field_catalog_and_entity_detail(quickscan_server) -> None:
        _paths, port = quickscan_server
>       status, coverage = _request(port, "/api/quickscan/coverage")
                           ^^^^^^^^^^^^^^^^^^^^^^^^^^^^^^^^^^^^^^^^^

tests\test_ui_quick_scan.py:187: 
_ _ _ _ _ _ _ _ _ _ _ _ _ _ _ _ _ _ _ _ _ _ _ _ _ _ _ _ _ _ _ _ _ _ _ _ _ _ _ _
tests\test_ui_quick_scan.py:68: in _request
    with urllib.request.urlopen(req, timeout=15) as resp:
         ^^^^^^^^^^^^^^^^^^^^^^^^^^^^^^^^^^^^^^^
C:\Miniconda\Lib\urllib\request.py:189: in urlopen
    return opener.open(url, data, timeout)
           ^^^^^^^^^^^^^^^^^^^^^^^^^^^^^^^
C:\Miniconda\Lib\urllib\request.py:489: in open
    response = self._open(req, data)
               ^^^^^^^^^^^^^^^^^^^^^
C:\Miniconda\Lib\urllib\request.py:506: in _open
    result = self._call_chain(self.handle_open, protocol, protocol +
C:\Miniconda\Lib\urllib\request.py:466: in _call_chain
    result = func(*args)
             ^^^^^^^^^^^
C:\Miniconda\Lib\urllib\request.py:1348: in http_open
    return self.do_open(http.client.HTTPConnection, req)
           ^^^^^^^^^^^^^^^^^^^^^^^^^^^^^^^^^^^^^^^^^^^^^
C:\Miniconda\Lib\urllib\request.py:1319: in do_open
    h.request(req.get_method(), req.selector, req.data, headers,
C:\Miniconda\Lib\http\client.py:1338: in request
    self._send_request(method, url, body, headers, encode_chunked)
C:\Miniconda\Lib\http\client.py:1384: in _send_request
    self.endheaders(body, encode_chunked=encode_chunked)
C:\Miniconda\Lib\http\client.py:1333: in endheaders
    self._send_output(message_body, encode_chunked=encode_chunked)
C:\Miniconda\Lib\http\client.py:1093: in _send_output
    self.send(msg)
C:\Miniconda\Lib\http\client.py:1037: in send
    self.connect()
C:\Miniconda\Lib\http\client.py:1003: in connect
    self.sock = self._create_connection(
C:\Miniconda\Lib\socket.py:849: in create_connection
    sock.connect(sa)
tests\test_ui_quick_scan.py:45: in guarded
    return original(self, address)
           ^^^^^^^^^^^^^^^^^^^^^^^
_ _ _ _ _ _ _ _ _ _ _ _ _ _ _ _ _ _ _ _ _ _ _ _ _ _ _ _ _ _ _ _ _ _ _ _ _ _ _ _

args = (<socket.socket fd=2012, family=2, type=1, proto=0>, ('127.0.0.1', 54588))
kwargs = {}

>   def denied(*args, **kwargs): raise RuntimeError("W15 offline: network denied")
                                 ^^^^^^^^^^^^^^^^^^^^^^^^^^^^^^^^^^^^^^^^^^^^^^^^^
E   RuntimeError: W15 offline: network denied

sitecustomize.py:5: RuntimeError
____________ test_browsing_performs_no_writes_and_no_offline_calls ____________

quickscan_server = (WorkspacePaths(root=WindowsPath('C:/Users/郑曾波/Projects/invest-quick-scan/runs/w15a/sw/Users郑曾波Projectsinvest-quick-sc...a/sw/Users郑曾波Projectsinvest-quick-scanrunsw15asw-full-test-tmp/test_browsing_performs_no_writ0/qs/runs/state')), 54591)
tmp_path = WindowsPath('C:/Users/郑曾波/Projects/invest-quick-scan/runs/w15a/sw/Users郑曾波Projectsinvest-quick-scanrunsw15asw-full-test-tmp/test_browsing_performs_no_writ0')

    def test_browsing_performs_no_writes_and_no_offline_calls(quickscan_server, tmp_path: Path) -> None:
        import sys
    
        paths, port = quickscan_server
        before_modules = set(sys.modules)
        before = _snapshot_workspace(paths.root)
        for path, method, body in (
            ("/api/quickscan/capabilities", "GET", None),
            ("/api/quickscan/coverage", "GET", None),
            (f"/api/quickscan/entity?entity_id={E01}", "GET", None),
            ("/api/quickscan/search", "POST", {"view": "all_relevant"}),
            (
                "/api/quickscan/search",
                "POST",
                {"text": "中微", "conditions": [{"field": "score.iqs_01", "op": ">=", "value": 1}]},
            ),
        ):
>           status, _payload = _request(port, path, method=method, body=body)
                               ^^^^^^^^^^^^^^^^^^^^^^^^^^^^^^^^^^^^^^^^^^^^^^

tests\test_ui_quick_scan.py:227: 
_ _ _ _ _ _ _ _ _ _ _ _ _ _ _ _ _ _ _ _ _ _ _ _ _ _ _ _ _ _ _ _ _ _ _ _ _ _ _ _
tests\test_ui_quick_scan.py:68: in _request
    with urllib.request.urlopen(req, timeout=15) as resp:
         ^^^^^^^^^^^^^^^^^^^^^^^^^^^^^^^^^^^^^^^
C:\Miniconda\Lib\urllib\request.py:189: in urlopen
    return opener.open(url, data, timeout)
           ^^^^^^^^^^^^^^^^^^^^^^^^^^^^^^^
C:\Miniconda\Lib\urllib\request.py:489: in open
    response = self._open(req, data)
               ^^^^^^^^^^^^^^^^^^^^^
C:\Miniconda\Lib\urllib\request.py:506: in _open
    result = self._call_chain(self.handle_open, protocol, protocol +
C:\Miniconda\Lib\urllib\request.py:466: in _call_chain
    result = func(*args)
             ^^^^^^^^^^^
C:\Miniconda\Lib\urllib\request.py:1348: in http_open
    return self.do_open(http.client.HTTPConnection, req)
           ^^^^^^^^^^^^^^^^^^^^^^^^^^^^^^^^^^^^^^^^^^^^^
C:\Miniconda\Lib\urllib\request.py:1319: in do_open
    h.request(req.get_method(), req.selector, req.data, headers,
C:\Miniconda\Lib\http\client.py:1338: in request
    self._send_request(method, url, body, headers, encode_chunked)
C:\Miniconda\Lib\http\client.py:1384: in _send_request
    self.endheaders(body, encode_chunked=encode_chunked)
C:\Miniconda\Lib\http\client.py:1333: in endheaders
    self._send_output(message_body, encode_chunked=encode_chunked)
C:\Miniconda\Lib\http\client.py:1093: in _send_output
    self.send(msg)
C:\Miniconda\Lib\http\client.py:1037: in send
    self.connect()
C:\Miniconda\Lib\http\client.py:1003: in connect
    self.sock = self._create_connection(
C:\Miniconda\Lib\socket.py:849: in create_connection
    sock.connect(sa)
tests\test_ui_quick_scan.py:45: in guarded
    return original(self, address)
           ^^^^^^^^^^^^^^^^^^^^^^^
_ _ _ _ _ _ _ _ _ _ _ _ _ _ _ _ _ _ _ _ _ _ _ _ _ _ _ _ _ _ _ _ _ _ _ _ _ _ _ _

args = (<socket.socket fd=1212, family=2, type=1, proto=0>, ('127.0.0.1', 54591))
kwargs = {}

>   def denied(*args, **kwargs): raise RuntimeError("W15 offline: network denied")
                                 ^^^^^^^^^^^^^^^^^^^^^^^^^^^^^^^^^^^^^^^^^^^^^^^^^
E   RuntimeError: W15 offline: network denied

sitecustomize.py:5: RuntimeError
___________________ test_unknown_quickscan_routes_stay_404 ____________________

quickscan_server = (WorkspacePaths(root=WindowsPath('C:/Users/郑曾波/Projects/invest-quick-scan/runs/w15a/sw/Users郑曾波Projectsinvest-quick-sc...a/sw/Users郑曾波Projectsinvest-quick-scanrunsw15asw-full-test-tmp/test_unknown_quickscan_routes_0/qs/runs/state')), 54595)

    def test_unknown_quickscan_routes_stay_404(quickscan_server) -> None:
        _paths, port = quickscan_server
>       status, body = _request(port, "/api/quickscan/nope")
                       ^^^^^^^^^^^^^^^^^^^^^^^^^^^^^^^^^^^^^

tests\test_ui_quick_scan.py:241: 
_ _ _ _ _ _ _ _ _ _ _ _ _ _ _ _ _ _ _ _ _ _ _ _ _ _ _ _ _ _ _ _ _ _ _ _ _ _ _ _
tests\test_ui_quick_scan.py:68: in _request
    with urllib.request.urlopen(req, timeout=15) as resp:
         ^^^^^^^^^^^^^^^^^^^^^^^^^^^^^^^^^^^^^^^
C:\Miniconda\Lib\urllib\request.py:189: in urlopen
    return opener.open(url, data, timeout)
           ^^^^^^^^^^^^^^^^^^^^^^^^^^^^^^^
C:\Miniconda\Lib\urllib\request.py:489: in open
    response = self._open(req, data)
               ^^^^^^^^^^^^^^^^^^^^^
C:\Miniconda\Lib\urllib\request.py:506: in _open
    result = self._call_chain(self.handle_open, protocol, protocol +
C:\Miniconda\Lib\urllib\request.py:466: in _call_chain
    result = func(*args)
             ^^^^^^^^^^^
C:\Miniconda\Lib\urllib\request.py:1348: in http_open
    return self.do_open(http.client.HTTPConnection, req)
           ^^^^^^^^^^^^^^^^^^^^^^^^^^^^^^^^^^^^^^^^^^^^^
C:\Miniconda\Lib\urllib\request.py:1319: in do_open
    h.request(req.get_method(), req.selector, req.data, headers,
C:\Miniconda\Lib\http\client.py:1338: in request
    self._send_request(method, url, body, headers, encode_chunked)
C:\Miniconda\Lib\http\client.py:1384: in _send_request
    self.endheaders(body, encode_chunked=encode_chunked)
C:\Miniconda\Lib\http\client.py:1333: in endheaders
    self._send_output(message_body, encode_chunked=encode_chunked)
C:\Miniconda\Lib\http\client.py:1093: in _send_output
    self.send(msg)
C:\Miniconda\Lib\http\client.py:1037: in send
    self.connect()
C:\Miniconda\Lib\http\client.py:1003: in connect
    self.sock = self._create_connection(
C:\Miniconda\Lib\socket.py:849: in create_connection
    sock.connect(sa)
tests\test_ui_quick_scan.py:45: in guarded
    return original(self, address)
           ^^^^^^^^^^^^^^^^^^^^^^^
_ _ _ _ _ _ _ _ _ _ _ _ _ _ _ _ _ _ _ _ _ _ _ _ _ _ _ _ _ _ _ _ _ _ _ _ _ _ _ _

args = (<socket.socket fd=1796, family=2, type=1, proto=0>, ('127.0.0.1', 54595))
kwargs = {}

>   def denied(*args, **kwargs): raise RuntimeError("W15 offline: network denied")
                                 ^^^^^^^^^^^^^^^^^^^^^^^^^^^^^^^^^^^^^^^^^^^^^^^^^
E   RuntimeError: W15 offline: network denied

sitecustomize.py:5: RuntimeError
_____ test_snapshot_page_two_prompts_refresh_when_a_new_observation_lands _____

quickscan_server = (WorkspacePaths(root=WindowsPath('C:/Users/郑曾波/Projects/invest-quick-scan/runs/w15a/sw/Users郑曾波Projectsinvest-quick-sc...a/sw/Users郑曾波Projectsinvest-quick-scanrunsw15asw-full-test-tmp/test_snapshot_page_two_prompts0/qs/runs/state')), 54603)

    def test_snapshot_page_two_prompts_refresh_when_a_new_observation_lands(
        quickscan_server,
    ) -> None:
        """UI-08: paging never silently mixes snapshots; new data only prompts a refresh."""
        from test_quick_scan_observations import _observation, _package, _release, _seed_entity
    
        from stockwiki.quick_scan_import import import_package
        from stockwiki.quick_scan_observations import QuickScanObservationStore
    
        paths, port = quickscan_server
        payload = {"view": "all_relevant", "page": 1, "page_size": 1}
>       status, first = _request(port, "/api/quickscan/search", method="POST", body=payload)
                        ^^^^^^^^^^^^^^^^^^^^^^^^^^^^^^^^^^^^^^^^^^^^^^^^^^^^^^^^^^^^^^^^^^^^

tests\test_ui_quick_scan.py:256: 
_ _ _ _ _ _ _ _ _ _ _ _ _ _ _ _ _ _ _ _ _ _ _ _ _ _ _ _ _ _ _ _ _ _ _ _ _ _ _ _
tests\test_ui_quick_scan.py:68: in _request
    with urllib.request.urlopen(req, timeout=15) as resp:
         ^^^^^^^^^^^^^^^^^^^^^^^^^^^^^^^^^^^^^^^
C:\Miniconda\Lib\urllib\request.py:189: in urlopen
    return opener.open(url, data, timeout)
           ^^^^^^^^^^^^^^^^^^^^^^^^^^^^^^^
C:\Miniconda\Lib\urllib\request.py:489: in open
    response = self._open(req, data)
               ^^^^^^^^^^^^^^^^^^^^^
C:\Miniconda\Lib\urllib\request.py:506: in _open
    result = self._call_chain(self.handle_open, protocol, protocol +
C:\Miniconda\Lib\urllib\request.py:466: in _call_chain
    result = func(*args)
             ^^^^^^^^^^^
C:\Miniconda\Lib\urllib\request.py:1348: in http_open
    return self.do_open(http.client.HTTPConnection, req)
           ^^^^^^^^^^^^^^^^^^^^^^^^^^^^^^^^^^^^^^^^^^^^^
C:\Miniconda\Lib\urllib\request.py:1319: in do_open
    h.request(req.get_method(), req.selector, req.data, headers,
C:\Miniconda\Lib\http\client.py:1338: in request
    self._send_request(method, url, body, headers, encode_chunked)
C:\Miniconda\Lib\http\client.py:1384: in _send_request
    self.endheaders(body, encode_chunked=encode_chunked)
C:\Miniconda\Lib\http\client.py:1333: in endheaders
    self._send_output(message_body, encode_chunked=encode_chunked)
C:\Miniconda\Lib\http\client.py:1093: in _send_output
    self.send(msg)
C:\Miniconda\Lib\http\client.py:1037: in send
    self.connect()
C:\Miniconda\Lib\http\client.py:1003: in connect
    self.sock = self._create_connection(
C:\Miniconda\Lib\socket.py:849: in create_connection
    sock.connect(sa)
tests\test_ui_quick_scan.py:45: in guarded
    return original(self, address)
           ^^^^^^^^^^^^^^^^^^^^^^^
_ _ _ _ _ _ _ _ _ _ _ _ _ _ _ _ _ _ _ _ _ _ _ _ _ _ _ _ _ _ _ _ _ _ _ _ _ _ _ _

args = (<socket.socket fd=612, family=2, type=1, proto=0>, ('127.0.0.1', 54603))
kwargs = {}

>   def denied(*args, **kwargs): raise RuntimeError("W15 offline: network denied")
                                 ^^^^^^^^^^^^^^^^^^^^^^^^^^^^^^^^^^^^^^^^^^^^^^^^^
E   RuntimeError: W15 offline: network denied

sitecustomize.py:5: RuntimeError
_________ test_scheduler_button_posts_current_controls_without_prompt _________

    @pytest.mark.skipif(NODE is None, reason="local Node runtime is unavailable")
    def test_scheduler_button_posts_current_controls_without_prompt() -> None:
>       script = (Path(__file__).resolve().parents[1] / "stockwiki/ui_static/app.js").read_text(
            encoding="utf-8"
        )

tests\test_ui_scheduler_intent.py:15: 
_ _ _ _ _ _ _ _ _ _ _ _ _ _ _ _ _ _ _ _ _ _ _ _ _ _ _ _ _ _ _ _ _ _ _ _ _ _ _ _
C:\Miniconda\Lib\pathlib\_local.py:546: in read_text
    return PathBase.read_text(self, encoding, errors, newline)
           ^^^^^^^^^^^^^^^^^^^^^^^^^^^^^^^^^^^^^^^^^^^^^^^^^^^
C:\Miniconda\Lib\pathlib\_abc.py:632: in read_text
    with self.open(mode='r', encoding=encoding, errors=errors, newline=newline) as f:
         ^^^^^^^^^^^^^^^^^^^^^^^^^^^^^^^^^^^^^^^^^^^^^^^^^^^^^^^^^^^^^^^^^^^^^^
_ _ _ _ _ _ _ _ _ _ _ _ _ _ _ _ _ _ _ _ _ _ _ _ _ _ _ _ _ _ _ _ _ _ _ _ _ _ _ _

self = WindowsPath('C:/Users/郑曾波/Projects/invest-quick-scan/runs/w15a/sw/stockwiki/ui_static/app.js')
mode = 'r', buffering = -1, encoding = 'utf-8', errors = None, newline = None

    def open(self, mode='r', buffering=-1, encoding=None,
             errors=None, newline=None):
        """
        Open the file pointed to by this path and return a file object, as
        the built-in open() function does.
        """
        if "b" not in mode:
            encoding = io.text_encoding(encoding)
>       return io.open(self, mode, buffering, encoding, errors, newline)
               ^^^^^^^^^^^^^^^^^^^^^^^^^^^^^^^^^^^^^^^^^^^^^^^^^^^^^^^^^
E       FileNotFoundError: [Errno 2] No such file or directory: 'C:\\Users\\郑曾波\\Projects\\invest-quick-scan\\runs\\w15a\\sw\\stockwiki\\ui_static\\app.js'

C:\Miniconda\Lib\pathlib\_local.py:537: FileNotFoundError
============================== warnings summary ===============================
tests/test_e2e_quick_scan_ui.py::test_ticker_search_dedups_and_detail_shows_originals
tests/test_e2e_quick_scan_ui.py::test_narrow_viewport_keyboard_reload_and_back_keep_context
tests/test_e2e_quick_scan_ui.py::test_browser_two_conditions_add_remove_and_or_and_leaf_change
tests/test_e2e_quick_scan_ui.py::test_browser_unknown_is_never_rendered_as_a_score_of_five
tests/test_e2e_quick_scan_ui.py::test_browser_malicious_short_text_never_executes
  C:\Miniconda\Lib\site-packages\_pytest\unraisableexception.py:67: PytestUnraisableExceptionWarning: Exception ignored in: <function BaseEventLoop.__del__ at 0x000001E6D44A20C0>
  
  Traceback (most recent call last):
    File "C:\Miniconda\Lib\asyncio\base_events.py", line 766, in __del__
      self.close()
      ~~~~~~~~~~^^
    File "C:\Miniconda\Lib\asyncio\proactor_events.py", line 696, in close
      self._close_self_pipe()
      ~~~~~~~~~~~~~~~~~~~~~^^
    File "C:\Miniconda\Lib\asyncio\proactor_events.py", line 778, in _close_self_pipe
      self._ssock.close()
      ^^^^^^^^^^^
  AttributeError: 'ProactorEventLoop' object has no attribute '_ssock'
  
  Enable tracemalloc to get traceback where the object was allocated.
  See https://docs.pytest.org/en/stable/how-to/capture-warnings.html#resource-warnings for more info.
    warnings.warn(pytest.PytestUnraisableExceptionWarning(msg))

tests/test_quick_scan_issuer_bridge.py::test_cli_rejects_draft_with_named_error
  C:\Miniconda\Lib\site-packages\_pytest\unraisableexception.py:67: PytestUnraisableExceptionWarning: Exception ignored in: <function BaseEventLoop.__del__ at 0x000001E6D44A20C0>
  
  Traceback (most recent call last):
    File "<frozen os>", line 714, in __getitem__
  KeyError: 'COLUMNS'
  
  During handling of the above exception, another exception occurred:
  
  Traceback (most recent call last):
    File "C:\Miniconda\Lib\asyncio\base_events.py", line 766, in __del__
      self.close()
      ~~~~~~~~~~^^
    File "C:\Miniconda\Lib\asyncio\proactor_events.py", line 696, in close
      self._close_self_pipe()
      ~~~~~~~~~~~~~~~~~~~~~^^
    File "C:\Miniconda\Lib\asyncio\proactor_events.py", line 778, in _close_self_pipe
      self._ssock.close()
      ^^^^^^^^^^^
  AttributeError: 'ProactorEventLoop' object has no attribute '_ssock'
  
  Enable tracemalloc to get traceback where the object was allocated.
  See https://docs.pytest.org/en/stable/how-to/capture-warnings.html#resource-warnings for more info.
    warnings.warn(pytest.PytestUnraisableExceptionWarning(msg))

-- Docs: https://docs.pytest.org/en/stable/how-to/capture-warnings.html
=========================== short test summary info ===========================
FAILED tests/e2e/test_g2b_iqs_cli.py::test_positive_export_passes_iqs_cli_and_is_deterministic
FAILED tests/e2e/test_g2b_iqs_cli.py::test_negative_mutations_are_rejected_by_iqs_cli[payload_entity_id]
FAILED tests/e2e/test_g2b_iqs_cli.py::test_negative_mutations_are_rejected_by_iqs_cli[payload_revision_bumped]
FAILED tests/e2e/test_g2b_iqs_cli.py::test_negative_mutations_are_rejected_by_iqs_cli[payload_security_id]
FAILED tests/e2e/test_g2b_iqs_cli.py::test_negative_mutations_are_rejected_by_iqs_cli[listing_mic_unregistered]
FAILED tests/e2e/test_g2b_iqs_cli.py::test_negative_mutations_are_rejected_by_iqs_cli[listing_ticker_changed]
FAILED tests/e2e/test_g2b_iqs_cli.py::test_negative_mutations_are_rejected_by_iqs_cli[listing_id_changed]
FAILED tests/e2e/test_g2b_iqs_cli.py::test_negative_mutations_are_rejected_by_iqs_cli[registry_market_removed]
FAILED tests/e2e/test_g2b_iqs_cli.py::test_negative_mutations_are_rejected_by_iqs_cli[registry_mic_removed]
FAILED tests/e2e/test_g2b_iqs_cli.py::test_negative_mutations_are_rejected_by_iqs_cli[receipt_removed]
FAILED tests/e2e/test_g2b_iqs_cli.py::test_negative_mutations_are_rejected_by_iqs_cli[receipt_revision]
FAILED tests/e2e/test_g2b_iqs_cli.py::test_negative_mutations_are_rejected_by_iqs_cli[receipt_status_archived]
FAILED tests/e2e/test_g2b_iqs_cli.py::test_negative_mutations_are_rejected_by_iqs_cli[receipt_non_utc_recorded_at]
FAILED tests/e2e/test_g2b_iqs_cli.py::test_negative_mutations_are_rejected_by_iqs_cli[receipt_basis_without_actor]
FAILED tests/e2e/test_g2b_iqs_cli.py::test_negative_mutations_are_rejected_by_iqs_cli[binding_removed]
FAILED tests/e2e/test_g2b_iqs_cli.py::test_negative_mutations_are_rejected_by_iqs_cli[binding_source_record_changed]
FAILED tests/e2e/test_g2b_iqs_cli.py::test_negative_mutations_are_rejected_by_iqs_cli[binding_ticker_changed]
FAILED tests/e2e/test_g2b_iqs_cli.py::test_negative_mutations_are_rejected_by_iqs_cli[binding_mic_changed]
FAILED tests/test_check_all_script.py::test_shim_forwards_args_and_exit_code_to_checks_py
FAILED tests/test_check_all_script.py::test_shim_forwards_full_and_default_invocations
FAILED tests/test_check_all_script.py::test_shim_carries_no_thresholds_or_tool_lists
FAILED tests/test_checks.py::test_steps_pin_own_workspace_root_from_foreign_cwd
FAILED tests/test_checks.py::test_agents_md_points_to_single_check_interface
FAILED tests/test_checks.py::test_ci_and_precommit_delegate_to_the_single_interface
FAILED tests/test_data_contract.py::test_real_workspace_meets_content_conformance_targets
FAILED tests/test_industry.py::test_generate_industry_comparison_builds_company_matrix_and_gaps
FAILED tests/test_llm_provider.py::test_load_providers_returns_sorted_by_priority
FAILED tests/test_llm_provider.py::test_load_providers_first_is_minimax - Ind...
FAILED tests/test_llm_provider.py::test_default_model_returns_highest_priority_model
FAILED tests/test_llm_provider.py::test_llm_chat_returns_content_on_success
FAILED tests/test_llm_provider.py::test_llm_chat_json_mode_passes_flag - stoc...
FAILED tests/test_llm_provider.py::test_llm_chat_falls_back_on_auth_error - s...
FAILED tests/test_llm_provider.py::test_llm_chat_skips_provider_without_key
FAILED tests/test_llm_provider.py::test_llm_chat_raises_when_all_providers_fail
FAILED tests/test_llm_provider.py::test_llm_chat_tries_preferred_provider_first
FAILED tests/test_news.py::test_news_import_dedupes_and_refreshes_timeline_reviews
FAILED tests/test_news.py::test_news_import_title_similarity_dedup - FileNotF...
FAILED tests/test_preflight.py::test_detects_real_looking_api_key - Assertion...
FAILED tests/test_preflight.py::test_detects_token_assignment_pattern - asser...
FAILED tests/test_preflight.py::test_leak_finding_carries_file_and_line - Run...
FAILED tests/test_quick_scan_issuer_bridge.py::test_v4_to_v5_migration_preserves_staged_candidates
FAILED tests/test_quick_scan_profiles.py::test_projection_keeps_score_status_model_dates_versions_and_sources
FAILED tests/test_services_news.py::test_news_import_handler_writes_evidence_and_reviews
FAILED tests/test_services_news.py::test_news_audit_handler_marks_relevance
FAILED tests/test_swr_backup.py::test_restore_refuses_a_junction_target - Per...
FAILED tests/test_swr_backup.py::test_restore_refuses_a_junction_in_the_data_parent
FAILED tests/test_swr_backup.py::test_restore_of_a_link_inside_the_backup_source_is_refused
FAILED tests/test_swr_backup.py::test_prune_skips_damaged_unknown_and_linked_directories
FAILED tests/test_swr_backup.py::test_backup_root_and_parent_junction_never_write_beyond_the_workspace[root]
FAILED tests/test_swr_backup.py::test_backup_root_and_parent_junction_never_write_beyond_the_workspace[parent]
FAILED tests/test_swr_cases.py::test_swr5_browser_must_not_hard_code_a_single_condition_leaf
FAILED tests/test_swr_profiles.py::test_swr4_reverse_order_import_keeps_the_newest_information_not_the_last_write
FAILED tests/test_ui_http.py::test_ui_get_routes_and_404 - RuntimeError: W15 ...
FAILED tests/test_ui_http.py::test_ui_static_index_served - RuntimeError: W15...
FAILED tests/test_ui_http.py::test_ui_post_refresh_and_proposal_decision_404
FAILED tests/test_ui_quick_scan.py::test_capabilities_declare_w09_protocol_not_c06
FAILED tests/test_ui_quick_scan.py::test_search_paginates_on_a_frozen_snapshot_without_duplicates
FAILED tests/test_ui_quick_scan.py::test_search_rejects_unknown_keys_and_oversized_pages
FAILED tests/test_ui_quick_scan.py::test_search_conditions_and_views_agree_with_the_query_layer
FAILED tests/test_ui_quick_scan.py::test_coverage_exposes_field_catalog_and_entity_detail
FAILED tests/test_ui_quick_scan.py::test_browsing_performs_no_writes_and_no_offline_calls
FAILED tests/test_ui_quick_scan.py::test_unknown_quickscan_routes_stay_404 - ...
FAILED tests/test_ui_quick_scan.py::test_snapshot_page_two_prompts_refresh_when_a_new_observation_lands
FAILED tests/test_ui_scheduler_intent.py::test_scheduler_button_posts_current_controls_without_prompt
ERROR tests/test_e2e_quick_scan_ui.py::test_list_conditions_views_and_2000_entity_pagination
ERROR tests/test_e2e_quick_scan_ui.py::test_ticker_search_dedups_and_detail_shows_originals
ERROR tests/test_e2e_quick_scan_ui.py::test_unknown_na_and_xss_entities_are_displayed_safely
ERROR tests/test_e2e_quick_scan_ui.py::test_narrow_viewport_keyboard_reload_and_back_keep_context
ERROR tests/test_e2e_quick_scan_ui.py::test_browsing_is_offline_and_never_writes
ERROR tests/test_e2e_quick_scan_ui.py::test_browser_two_conditions_add_remove_and_or_and_leaf_change
ERROR tests/test_e2e_quick_scan_ui.py::test_browser_conditions_can_be_added_and_removed
ERROR tests/test_e2e_quick_scan_ui.py::test_browser_multi_condition_context_survives_reload_and_navigation
ERROR tests/test_e2e_quick_scan_ui.py::test_browser_unknown_is_never_rendered_as_a_score_of_five
ERROR tests/test_e2e_quick_scan_ui.py::test_browser_shows_both_imported_subject_variants_explicitly
ERROR tests/test_e2e_quick_scan_ui.py::test_browser_malicious_short_text_never_executes
ERROR tests/test_quick_scan_owner_bridge.py::test_owner_public_cli_reuse_and_only_selected_new_questions_reach_provider
ERROR tests/test_quick_scan_route_integration.py::test_actual_public_cli_validate_store_activate_and_refuse_resealed_route
ERROR tests/test_quick_scan_route_integration.py::test_schema6_native_backup_and_restore_keep_raw_routes_and_anchor
ERROR tests/test_quick_scan_route_integration.py::test_stockwiki_public_os_cli_binding_import_activate_read_and_refresh
ERROR tests/test_swr_cases.py::test_swr6_real_legacy_public_snapshot_stays_readable_on_page2
ERROR tests/test_swr_query.py::test_no_condition_query_hash_is_byte_identical_to_the_legacy_producer
ERROR tests/test_swr_query.py::test_current_no_condition_snapshot_is_the_exact_legacy_snapshot
ERROR tests/test_swr_query.py::test_legacy_snapshot_pages_through_without_loss_or_duplication
ERROR tests/test_swr_query.py::test_legacy_snapshot_is_refused_for_a_different_query
ERROR tests/test_swr_query.py::test_legacy_snapshot_is_refused_by_any_conditioned_query
64 failed, 1063 passed, 18 skipped, 6 warnings, 21 errors in 225.22s (0:03:45)
FAIL  coverage-run (226.5s)
=== coverage-report ===
  $ C:\Miniconda\python.exe -B -m coverage report
DIAGNOSTIC coverage total (informational only): TOTAL                                         21377   3626   7582   1476    80%
DIAGNOSTIC ui.py coverage (informational only): stockwiki\ui.py                                 145    112     66      0    16%   55-63, 71-162, 167-242, 247, 250-255, 258-263, 266-285
PASS  coverage-report (3.9s)
SOME CHECKS FAILED: coverage-run
