"candidate_key","market_hint","identifier","company_names","raw_entries","source_files","source_content_copies","identity_state","notes"
"CN:000002","CN","000002","万科","000002 万科","company-wiki\a_share_companies.txt | revenue-forecast\.review-zr407-20260818\company-wiki\a_share_companies.txt","42","unverified","Exact code/ticker or normalized text dedupe only; not imported or scanned."
"CN:000026","CN","000026","飞亚达","000026 飞亚达","company-wiki\a_share_companies.txt | revenue-forecast\.review-zr407-20260818\company-wiki\a_share_companies.txt | StockInfoDLSimple\v2-clean-rewrite\a_share_companies.txt","43","unverified","Exact code/ticker or normalized text dedupe only; not imported or scanned."
"CN:000400","CN","000400","许继电气","000400 许继电气","company-wiki\a_share_companies.txt | revenue-forecast\.review-zr407-20260818\company-wiki\a_share_companies.txt | StockInfoDLSimple\v2-clean-rewrite\a_share_companies.txt","43","unverified","Exact code/ticker or normalized text dedupe only; not imported or scanned."
"CN:000547","CN","000547","航天发展","000547 航天发展","company-wiki\a_share_companies.txt | revenue-forecast\.review-zr407-20260818\company-wiki\a_share_companies.txt | StockInfoDLSimple\v2-clean-rewrite\a_share_companies.txt","43","unverified","Exact code/ticker or normalized text dedupe only; not imported or scanned."
"CN:000596","CN","000596","古井贡酒","000596 古井贡酒","company-wiki\a_share_companies.txt | revenue-forecast\.review-zr407-20260818\company-wiki\a_share_companies.txt | StockInfoDLSimple\v2-clean-rewrite\a_share_companies.txt","43","unverified","Exact code/ticker or normalized text dedupe only; not imported or scanned."
"CN:000625","CN","000625","长安汽车","000625 长安汽车","company-wiki\a_share_companies.txt | revenue-forecast\.review-zr407-20260818\company-wiki\a_share_companies.txt | StockInfoDLSimple\v2-clean-rewrite\a_share_companies.txt","43","unverified","Exact code/ticker or normalized text dedupe only; not imported or scanned."
"CN:000651","CN","000651","格力电器","000651 格力电器","company-wiki\a_share_companies.txt | revenue-forecast\.review-zr407-20260818\company-wiki\a_share_companies.txt | StockInfoDLSimple\v2-clean-rewrite\a_share_companies.txt","43","unverified","Exact code/ticker or normalized text dedupe only; not imported or scanned."
"CN:000672","CN","000672","上峰水泥","000672 上峰水泥","company-wiki\a_share_companies.txt | revenue-forecast\.review-zr407-20260818\company-wiki\a_share_companies.txt | StockInfoDLSimple\v2-clean-rewrite\a_share_companies.txt","43","unverified","Exact code/ticker or normalized text dedupe only; not imported or scanned."
"CN:000681","CN","000681","视觉中国","000681 视觉中国","company-wiki\a_share_companies.txt | revenue-forecast\.review-zr407-20260818\company-wiki\a_share_companies.txt | StockInfoDLSimple\v2-clean-rewrite\a_share_companies.txt","43","unverified","Exact code/ticker or normalized text dedupe only; not imported or scanned."
"CN:000725","CN","000725","京东方","000725 京东方","company-wiki\a_share_companies.txt | revenue-forecast\.review-zr407-20260818\company-wiki\a_share_companies.txt","42","unverified","Exact code/ticker or normalized text dedupe only; not imported or scanned."
"CN:000738","CN","000738","航发控制","000738 航发控制","company-wiki\a_share_companies.txt | revenue-forecast\.review-zr407-20260818\company-wiki\a_share_companies.txt | StockInfoDLSimple\v2-clean-rewrite\a_share_companies.txt","43","unverified","Exact code/ticker or normalized text dedupe only; not imported or scanned."
"CN:000768","CN","000768","中航西飞","000768 中航西飞","company-wiki\a_share_companies.txt | revenue-forecast\.review-zr407-20260818\company-wiki\a_share_companies.txt | StockInfoDLSimple\v2-clean-rewrite\a_share_companies.txt","43","unverified","Exact code/ticker or normalized text dedupe only; not imported or scanned."
"CN:000783","CN","000783","长江证券","000783 长江证券","company-wiki\a_share_companies.txt | revenue-forecast\.review-zr407-20260818\company-wiki\a_share_companies.txt | StockInfoDLSimple\v2-clean-rewrite\a_share_companies.txt","43","unverified","Exact code/ticker or normalized text dedupe only; not imported or scanned."
"CN:000786","CN","000786","北新建材","000786 北新建材","company-wiki\a_share_companies.txt | revenue-forecast\.review-zr407-20260818\company-wiki\a_share_companies.txt | StockInfoDLSimple\v2-clean-rewrite\a_share_companies.txt","43","unverified","Exact code/ticker or normalized text dedupe only; not imported or scanned."
"CN:000938","CN","000938","紫光股份","000938 紫光股份","company-wiki\a_share_companies.txt | revenue-forecast\.review-zr407-20260818\company-wiki\a_share_companies.txt | StockInfoDLSimple\v2-clean-rewrite\a_share_companies.txt","43","unverified","Exact code/ticker or normalized text dedupe only; not imported or scanned."
"CN:000977","CN","000977","浪潮信息","000977 浪潮信息","company-wiki\a_share_companies.txt | revenue-forecast\.review-zr407-20260818\company-wiki\a_share_companies.txt | StockInfoDLSimple\v2-clean-rewrite\a_share_companies.txt","43","unverified","Exact code/ticker or normalized text dedupe only; not imported or scanned."
"CN:002013","CN","002013","中航机电","002013 中航机电","company-wiki\a_share_companies.txt | revenue-forecast\.review-zr407-20260818\company-wiki\a_share_companies.txt | StockInfoDLSimple\v2-clean-rewrite\a_share_companies.txt","43","unverified","Exact code/ticker or normalized text dedupe only; not imported or scanned."
"CN:002027","CN","002027","分众传媒","002027 分众传媒","company-wiki\a_share_companies.txt | revenue-forecast\.review-zr407-20260818\company-wiki\a_share_companies.txt | StockInfoDLSimple\v2-clean-rewrite\a_share_companies.txt","43","unverified","Exact code/ticker or normalized text dedupe only; not imported or scanned."
"CN:002122","CN","002122","天马股份","002122 天马股份","company-wiki\a_share_companies.txt | revenue-forecast\.review-zr407-20260818\company-wiki\a_share_companies.txt","42","unverified","Exact code/ticker or normalized text dedupe only; not imported or scanned."
"CN:002156","CN","002156","通富微电","002156 通富微电","company-wiki\a_share_companies.txt | revenue-forecast\.review-zr407-20260818\company-wiki\a_share_companies.txt | StockInfoDLSimple\v2-clean-rewrite\a_share_companies.txt","43","unverified","Exact code/ticker or normalized text dedupe only; not imported or scanned."
"CN:002168","CN","002168","中信建投","002168 中信建投","company-wiki\a_share_companies.txt | revenue-forecast\.review-zr407-20260818\company-wiki\a_share_companies.txt","42","unverified","Exact code/ticker or normalized text dedupe only; not imported or scanned."
"CN:002179","CN","002179","中航光电","002179 中航光电","company-wiki\a_share_companies.txt | revenue-forecast\.review-zr407-20260818\company-wiki\a_share_companies.txt | StockInfoDLSimple\v2-clean-rewrite\a_share_companies.txt","43","unverified","Exact code/ticker or normalized text dedupe only; not imported or scanned."
"CN:002230","CN","002230","科大讯飞","002230 科大讯飞","company-wiki\a_share_companies.txt | revenue-forecast\.review-zr407-20260818\company-wiki\a_share_companies.txt | StockInfoDLSimple\v2-clean-rewrite\a_share_companies.txt","43","unverified","Exact code/ticker or normalized text dedupe only; not imported or scanned."
"CN:002262","CN","002262","恩华药业","002262 恩华药业","company-wiki\a_share_companies.txt | revenue-forecast\.review-zr407-20260818\company-wiki\a_share_companies.txt | StockInfoDLSimple\v2-clean-rewrite\a_share_companies.txt","43","unverified","Exact code/ticker or normalized text dedupe only; not imported or scanned."
"CN:002271","CN","002271","东方雨虹","002271 东方雨虹","company-wiki\a_share_companies.txt | revenue-forecast\.review-zr407-20260818\company-wiki\a_share_companies.txt | StockInfoDLSimple\v2-clean-rewrite\a_share_companies.txt","43","unverified","Exact code/ticker or normalized text dedupe only; not imported or scanned."
"CN:002281","CN","002281","光迅科技","002281 光迅科技","company-wiki\a_share_companies.txt | revenue-forecast\.review-zr407-20260818\company-wiki\a_share_companies.txt | StockInfoDLSimple\v2-clean-rewrite\a_share_companies.txt","43","unverified","Exact code/ticker or normalized text dedupe only; not imported or scanned."
"CN:002304","CN","002304","洋河股份","002304 洋河股份","company-wiki\a_share_companies.txt | revenue-forecast\.review-zr407-20260818\company-wiki\a_share_companies.txt | StockInfoDLSimple\v2-clean-rewrite\a_share_companies.txt","43","unverified","Exact code/ticker or normalized text dedupe only; not imported or scanned."
"CN:002345","CN","002345","潮宏基","002345 潮宏基","company-wiki\a_share_companies.txt | revenue-forecast\.review-zr407-20260818\company-wiki\a_share_companies.txt | StockInfoDLSimple\v2-clean-rewrite\a_share_companies.txt","43","unverified","Exact code/ticker or normalized text dedupe only; not imported or scanned."
"CN:002371","CN","002371","北方华创","002371 北方华创","company-wiki\a_share_companies.txt | revenue-forecast\.review-zr407-20260818\company-wiki\a_share_companies.txt | StockInfoDLSimple\v2-clean-rewrite\a_share_companies.txt","43","unverified","Exact code/ticker or normalized text dedupe only; not imported or scanned."
"CN:002372","CN","002372","伟星新材","002372 伟星新材","company-wiki\a_share_companies.txt | revenue-forecast\.review-zr407-20260818\company-wiki\a_share_companies.txt | StockInfoDLSimple\v2-clean-rewrite\a_share_companies.txt","43","unverified","Exact code/ticker or normalized text dedupe only; not imported or scanned."
"CN:002409","CN","002409","雅克科技","002409 雅克科技","company-wiki\a_share_companies.txt | revenue-forecast\.review-zr407-20260818\company-wiki\a_share_companies.txt | StockInfoDLSimple\v2-clean-rewrite\a_share_companies.txt","43","unverified","Exact code/ticker or normalized text dedupe only; not imported or scanned."
"CN:002410","CN","002410","广联达","002410 广联达","company-wiki\a_share_companies.txt | revenue-forecast\.review-zr407-20260818\company-wiki\a_share_companies.txt | StockInfoDLSimple\v2-clean-rewrite\a_share_companies.txt","43","unverified","Exact code/ticker or normalized text dedupe only; not imported or scanned."
"CN:002415","CN","002415","海康威视","002415 海康威视","company-wiki\a_share_companies.txt | revenue-forecast\.review-zr407-20260818\company-wiki\a_share_companies.txt | StockInfoDLSimple\v2-clean-rewrite\a_share_companies.txt","43","unverified","Exact code/ticker or normalized text dedupe only; not imported or scanned."
"CN:002430","CN","002430","杭氧股份","002430 杭氧股份","company-wiki\a_share_companies.txt | revenue-forecast\.review-zr407-20260818\company-wiki\a_share_companies.txt | StockInfoDLSimple\v2-clean-rewrite\a_share_companies.txt","43","unverified","Exact code/ticker or normalized text dedupe only; not imported or scanned."
"CN:002472","CN","002472","双环传动","002472 双环传动","company-wiki\a_share_companies.txt | revenue-forecast\.review-zr407-20260818\company-wiki\a_share_companies.txt | StockInfoDLSimple\v2-clean-rewrite\a_share_companies.txt","43","unverified","Exact code/ticker or normalized text dedupe only; not imported or scanned."
"CN:002536","CN","002536","飞龙股份","002536 飞龙股份","company-wiki\a_share_companies.txt | revenue-forecast\.review-zr407-20260818\company-wiki\a_share_companies.txt | StockInfoDLSimple\v2-clean-rewrite\a_share_companies.txt","43","unverified","Exact code/ticker or normalized text dedupe only; not imported or scanned."
"CN:002555","CN","002555","三七互娱","002555 三七互娱","company-wiki\a_share_companies.txt | revenue-forecast\.review-zr407-20260818\company-wiki\a_share_companies.txt | StockInfoDLSimple\v2-clean-rewrite\a_share_companies.txt","43","unverified","Exact code/ticker or normalized text dedupe only; not imported or scanned."
"CN:002557","CN","002557","洽洽食品","002557 洽洽食品","company-wiki\a_share_companies.txt | revenue-forecast\.review-zr407-20260818\company-wiki\a_share_companies.txt | StockInfoDLSimple\v2-clean-rewrite\a_share_companies.txt","43","unverified","Exact code/ticker or normalized text dedupe only; not imported or scanned."
"CN:002572","CN","002572","索菲亚","002572 索菲亚","company-wiki\a_share_companies.txt | revenue-forecast\.review-zr407-20260818\company-wiki\a_share_companies.txt | StockInfoDLSimple\v2-clean-rewrite\a_share_companies.txt","43","unverified","Exact code/ticker or normalized text dedupe only; not imported or scanned."
"CN:002597","CN","002597","金禾实业","002597 金禾实业","company-wiki\a_share_companies.txt | revenue-forecast\.review-zr407-20260818\company-wiki\a_share_companies.txt | StockInfoDLSimple\v2-clean-rewrite\a_share_companies.txt","43","unverified","Exact code/ticker or normalized text dedupe only; not imported or scanned."
"CN:002624","CN","002624","完美世界","002624 完美世界","company-wiki\a_share_companies.txt | revenue-forecast\.review-zr407-20260818\company-wiki\a_share_companies.txt | StockInfoDLSimple\v2-clean-rewrite\a_share_companies.txt","43","unverified","Exact code/ticker or normalized text dedupe only; not imported or scanned."
"CN:002643","CN","002643","万润股份","002643 万润股份","company-wiki\a_share_companies.txt | revenue-forecast\.review-zr407-20260818\company-wiki\a_share_companies.txt | StockInfoDLSimple\v2-clean-rewrite\a_share_companies.txt","43","unverified","Exact code/ticker or normalized text dedupe only; not imported or scanned."
"CN:002747","CN","002747","埃斯顿","002747 埃斯顿","company-wiki\a_share_companies.txt | revenue-forecast\.review-zr407-20260818\company-wiki\a_share_companies.txt | StockInfoDLSimple\v2-clean-rewrite\a_share_companies.txt","43","unverified","Exact code/ticker or normalized text dedupe only; not imported or scanned."
"CN:002768","CN","002768","国恩股份","002768 国恩股份","company-wiki\a_share_companies.txt | revenue-forecast\.review-zr407-20260818\company-wiki\a_share_companies.txt | StockInfoDLSimple\v2-clean-rewrite\a_share_companies.txt","43","unverified","Exact code/ticker or normalized text dedupe only; not imported or scanned."
"CN:002818","CN","002818","富森美","002818 富森美","company-wiki\a_share_companies.txt | revenue-forecast\.review-zr407-20260818\company-wiki\a_share_companies.txt | StockInfoDLSimple\v2-clean-rewrite\a_share_companies.txt","43","unverified","Exact code/ticker or normalized text dedupe only; not imported or scanned."
"CN:002829","CN","002829","星网宇达","002829 星网宇达","company-wiki\a_share_companies.txt | revenue-forecast\.review-zr407-20260818\company-wiki\a_share_companies.txt | StockInfoDLSimple\v2-clean-rewrite\a_share_companies.txt","43","unverified","Exact code/ticker or normalized text dedupe only; not imported or scanned."
"CN:002833","CN","002833","弘亚数控","002833 弘亚数控","company-wiki\a_share_companies.txt | revenue-forecast\.review-zr407-20260818\company-wiki\a_share_companies.txt | StockInfoDLSimple\v2-clean-rewrite\a_share_companies.txt","43","unverified","Exact code/ticker or normalized text dedupe only; not imported or scanned."
"CN:002837","CN","002837","英维克","002837 英维克","company-wiki\a_share_companies.txt | revenue-forecast\.review-zr407-20260818\company-wiki\a_share_companies.txt | StockInfoDLSimple\v2-clean-rewrite\a_share_companies.txt","43","unverified","Exact code/ticker or normalized text dedupe only; not imported or scanned."
"CN:002867","CN","002867","周大生","002867 周大生","company-wiki\a_share_companies.txt | revenue-forecast\.review-zr407-20260818\company-wiki\a_share_companies.txt | StockInfoDLSimple\v2-clean-rewrite\a_share_companies.txt","43","unverified","Exact code/ticker or normalized text dedupe only; not imported or scanned."
"CN:002887","CN","002887","绿茵生态","002887 绿茵生态","company-wiki\a_share_companies.txt | revenue-forecast\.review-zr407-20260818\company-wiki\a_share_companies.txt | StockInfoDLSimple\v2-clean-rewrite\a_share_companies.txt","43","unverified","Exact code/ticker or normalized text dedupe only; not imported or scanned."
"CN:002896","CN","002896","中大力德","002896 中大力德","company-wiki\a_share_companies.txt | revenue-forecast\.review-zr407-20260818\company-wiki\a_share_companies.txt | StockInfoDLSimple\v2-clean-rewrite\a_share_companies.txt","43","unverified","Exact code/ticker or normalized text dedupe only; not imported or scanned."
"CN:002920","CN","002920","德赛西威","002920 德赛西威","company-wiki\a_share_companies.txt | revenue-forecast\.review-zr407-20260818\company-wiki\a_share_companies.txt | StockInfoDLSimple\v2-clean-rewrite\a_share_companies.txt","43","unverified","Exact code/ticker or normalized text dedupe only; not imported or scanned."
"CN:002978","CN","002978","安宁股份","002978 安宁股份","company-wiki\a_share_companies.txt | revenue-forecast\.review-zr407-20260818\company-wiki\a_share_companies.txt | StockInfoDLSimple\v2-clean-rewrite\a_share_companies.txt","43","unverified","Exact code/ticker or normalized text dedupe only; not imported or scanned."
"CN:300054","CN","300054","鼎龙股份","300054 鼎龙股份","company-wiki\a_share_companies.txt | revenue-forecast\.review-zr407-20260818\company-wiki\a_share_companies.txt | StockInfoDLSimple\v2-clean-rewrite\a_share_companies.txt","43","unverified","Exact code/ticker or normalized text dedupe only; not imported or scanned."
"CN:300114","CN","300114","中航电测","300114 中航电测","company-wiki\a_share_companies.txt | revenue-forecast\.review-zr407-20260818\company-wiki\a_share_companies.txt | StockInfoDLSimple\v2-clean-rewrite\a_share_companies.txt","43","unverified","Exact code/ticker or normalized text dedupe only; not imported or scanned."
"CN:300144","CN","300144","宋城演艺","300144 宋城演艺","company-wiki\a_share_companies.txt | revenue-forecast\.review-zr407-20260818\company-wiki\a_share_companies.txt | StockInfoDLSimple\v2-clean-rewrite\a_share_companies.txt","43","unverified","Exact code/ticker or normalized text dedupe only; not imported or scanned."
"CN:300229","CN","300229","拓尔思","300229 拓尔思","company-wiki\a_share_companies.txt | revenue-forecast\.review-zr407-20260818\company-wiki\a_share_companies.txt | StockInfoDLSimple\v2-clean-rewrite\a_share_companies.txt","43","unverified","Exact code/ticker or normalized text dedupe only; not imported or scanned."
"CN:300251","CN","300251","光线传媒","300251 光线传媒","company-wiki\a_share_companies.txt | revenue-forecast\.review-zr407-20260818\company-wiki\a_share_companies.txt | StockInfoDLSimple\v2-clean-rewrite\a_share_companies.txt","43","unverified","Exact code/ticker or normalized text dedupe only; not imported or scanned."
"CN:300274","CN","300274","阳光电源","300274 阳光电源","company-wiki\a_share_companies.txt | revenue-forecast\.review-zr407-20260818\company-wiki\a_share_companies.txt | StockInfoDLSimple\v2-clean-rewrite\a_share_companies.txt","43","unverified","Exact code/ticker or normalized text dedupe only; not imported or scanned."
"CN:300308","CN","300308","中际旭创","300308 中际旭创","company-wiki\a_share_companies.txt | revenue-forecast\.review-zr407-20260818\company-wiki\a_share_companies.txt | StockInfoDLSimple\v2-clean-rewrite\a_share_companies.txt","43","unverified","Exact code/ticker or normalized text dedupe only; not imported or scanned."
"CN:300327","CN","300327","中颖电子","300327 中颖电子","company-wiki\a_share_companies.txt | revenue-forecast\.review-zr407-20260818\company-wiki\a_share_companies.txt | StockInfoDLSimple\v2-clean-rewrite\a_share_companies.txt","43","unverified","Exact code/ticker or normalized text dedupe only; not imported or scanned."
"CN:300346","CN","300346","南大光电","300346 南大光电","company-wiki\a_share_companies.txt | revenue-forecast\.review-zr407-20260818\company-wiki\a_share_companies.txt | StockInfoDLSimple\v2-clean-rewrite\a_share_companies.txt","43","unverified","Exact code/ticker or normalized text dedupe only; not imported or scanned."
"CN:300381","CN","300381","溢多利","300381 溢多利","company-wiki\a_share_companies.txt | revenue-forecast\.review-zr407-20260818\company-wiki\a_share_companies.txt | StockInfoDLSimple\v2-clean-rewrite\a_share_companies.txt","43","unverified","Exact code/ticker or normalized text dedupe only; not imported or scanned."
"CN:300384","CN","300384","三联虹普","300384 三联虹普","company-wiki\a_share_companies.txt | revenue-forecast\.review-zr407-20260818\company-wiki\a_share_companies.txt | StockInfoDLSimple\v2-clean-rewrite\a_share_companies.txt","43","unverified","Exact code/ticker or normalized text dedupe only; not imported or scanned."
"CN:300394","CN","300394","天孚通信","300394 天孚通信","company-wiki\a_share_companies.txt | revenue-forecast\.review-zr407-20260818\company-wiki\a_share_companies.txt | StockInfoDLSimple\v2-clean-rewrite\a_share_companies.txt","43","unverified","Exact code/ticker or normalized text dedupe only; not imported or scanned."
"CN:300395","CN","300395","菲利华","300395 菲利华","company-wiki\a_share_companies.txt | revenue-forecast\.review-zr407-20260818\company-wiki\a_share_companies.txt | StockInfoDLSimple\v2-clean-rewrite\a_share_companies.txt","43","unverified","Exact code/ticker or normalized text dedupe only; not imported or scanned."
"CN:300398","CN","300398","飞凯材料","300398 飞凯材料","company-wiki\a_share_companies.txt | revenue-forecast\.review-zr407-20260818\company-wiki\a_share_companies.txt | StockInfoDLSimple\v2-clean-rewrite\a_share_companies.txt","43","unverified","Exact code/ticker or normalized text dedupe only; not imported or scanned."
"CN:300408","CN","300408","三环集团","300408 三环集团","company-wiki\a_share_companies.txt | revenue-forecast\.review-zr407-20260818\company-wiki\a_share_companies.txt | StockInfoDLSimple\v2-clean-rewrite\a_share_companies.txt","43","unverified","Exact code/ticker or normalized text dedupe only; not imported or scanned."
"CN:300409","CN","300409","道氏技术","300409 道氏技术","company-wiki\a_share_companies.txt | revenue-forecast\.review-zr407-20260818\company-wiki\a_share_companies.txt | StockInfoDLSimple\v2-clean-rewrite\a_share_companies.txt","43","unverified","Exact code/ticker or normalized text dedupe only; not imported or scanned."
"CN:300413","CN","300413","芒果超媒","300413 芒果超媒","company-wiki\a_share_companies.txt | revenue-forecast\.review-zr407-20260818\company-wiki\a_share_companies.txt | StockInfoDLSimple\v2-clean-rewrite\a_share_companies.txt","43","unverified","Exact code/ticker or normalized text dedupe only; not imported or scanned."
"CN:300416","CN","300416","苏试试验","300416 苏试试验","company-wiki\a_share_companies.txt | revenue-forecast\.review-zr407-20260818\company-wiki\a_share_companies.txt | StockInfoDLSimple\v2-clean-rewrite\a_share_companies.txt","43","unverified","Exact code/ticker or normalized text dedupe only; not imported or scanned."
"CN:300470","CN","300470","中密控股","300470 中密控股","company-wiki\a_share_companies.txt | revenue-forecast\.review-zr407-20260818\company-wiki\a_share_companies.txt | StockInfoDLSimple\v2-clean-rewrite\a_share_companies.txt | StockInfoDLSimple\v2-clean-rewrite\companies.txt","44","unverified","Exact code/ticker or normalized text dedupe only; not imported or scanned."
"CN:300474","CN","300474","景嘉微","300474 景嘉微","company-wiki\a_share_companies.txt | revenue-forecast\.review-zr407-20260818\company-wiki\a_share_companies.txt | StockInfoDLSimple\v2-clean-rewrite\a_share_companies.txt","43","unverified","Exact code/ticker or normalized text dedupe only; not imported or scanned."
"CN:300488","CN","300488","恒锋工具","300488 恒锋工具","company-wiki\a_share_companies.txt | revenue-forecast\.review-zr407-20260818\company-wiki\a_share_companies.txt | StockInfoDLSimple\v2-clean-rewrite\a_share_companies.txt","43","unverified","Exact code/ticker or normalized text dedupe only; not imported or scanned."
"CN:300499","CN","300499","高澜股份","300499 高澜股份","company-wiki\a_share_companies.txt | revenue-forecast\.review-zr407-20260818\company-wiki\a_share_companies.txt | StockInfoDLSimple\v2-clean-rewrite\a_share_companies.txt","43","unverified","Exact code/ticker or normalized text dedupe only; not imported or scanned."
"CN:300502","CN","300502","新易盛","300502 新易盛","company-wiki\a_share_companies.txt | revenue-forecast\.review-zr407-20260818\company-wiki\a_share_companies.txt | StockInfoDLSimple\v2-clean-rewrite\a_share_companies.txt","43","unverified","Exact code/ticker or normalized text dedupe only; not imported or scanned."
"CN:300511","CN","300511","雪榕生物","300511 雪榕生物","company-wiki\a_share_companies.txt | revenue-forecast\.review-zr407-20260818\company-wiki\a_share_companies.txt | StockInfoDLSimple\v2-clean-rewrite\a_share_companies.txt","43","unverified","Exact code/ticker or normalized text dedupe only; not imported or scanned."
"CN:300515","CN","300515","三德科技","300515 三德科技","company-wiki\a_share_companies.txt | revenue-forecast\.review-zr407-20260818\company-wiki\a_share_companies.txt | StockInfoDLSimple\v2-clean-rewrite\a_share_companies.txt","43","unverified","Exact code/ticker or normalized text dedupe only; not imported or scanned."
"CN:300567","CN","300567","精测电子","300567 精测电子","company-wiki\a_share_companies.txt | revenue-forecast\.review-zr407-20260818\company-wiki\a_share_companies.txt | StockInfoDLSimple\v2-clean-rewrite\a_share_companies.txt","43","unverified","Exact code/ticker or normalized text dedupe only; not imported or scanned."
"CN:300570","CN","300570","太辰光","300570 太辰光","company-wiki\a_share_companies.txt | revenue-forecast\.review-zr407-20260818\company-wiki\a_share_companies.txt | StockInfoDLSimple\v2-clean-rewrite\a_share_companies.txt","43","unverified","Exact code/ticker or normalized text dedupe only; not imported or scanned."
"CN:300577","CN","300577","开润股份","300577 开润股份","company-wiki\a_share_companies.txt | revenue-forecast\.review-zr407-20260818\company-wiki\a_share_companies.txt | StockInfoDLSimple\v2-clean-rewrite\a_share_companies.txt","43","unverified","Exact code/ticker or normalized text dedupe only; not imported or scanned."
"CN:300607","CN","300607","拓斯达","300607 拓斯达","company-wiki\a_share_companies.txt | revenue-forecast\.review-zr407-20260818\company-wiki\a_share_companies.txt | StockInfoDLSimple\v2-clean-rewrite\a_share_companies.txt","43","unverified","Exact code/ticker or normalized text dedupe only; not imported or scanned."
"CN:300616","CN","300616","尚品宅配","300616 尚品宅配","company-wiki\a_share_companies.txt | revenue-forecast\.review-zr407-20260818\company-wiki\a_share_companies.txt | StockInfoDLSimple\v2-clean-rewrite\a_share_companies.txt","43","unverified","Exact code/ticker or normalized text dedupe only; not imported or scanned."
"CN:300631","CN","300631","久吾高科","300631 久吾高科","company-wiki\a_share_companies.txt | revenue-forecast\.review-zr407-20260818\company-wiki\a_share_companies.txt | StockInfoDLSimple\v2-clean-rewrite\a_share_companies.txt","43","unverified","Exact code/ticker or normalized text dedupe only; not imported or scanned."
"CN:300666","CN","300666","江丰电子","300666 江丰电子","company-wiki\a_share_companies.txt | revenue-forecast\.review-zr407-20260818\company-wiki\a_share_companies.txt | StockInfoDLSimple\v2-clean-rewrite\a_share_companies.txt","43","unverified","Exact code/ticker or normalized text dedupe only; not imported or scanned."
"CN:300750","CN","300750","宁德时代","300750 | 300750 宁德时代","company-wiki\a_share_companies.txt | revenue-forecast\.review-zr407-20260818\company-wiki\a_share_companies.txt | StockInfoDLSimple\v2-clean-rewrite\a_share_companies.txt | StockInfoDLSimple\v2-clean-rewrite\companies.txt","44","unverified","Exact code/ticker or normalized text dedupe only; not imported or scanned."
"CN:300760","CN","300760","迈瑞医疗","300760 迈瑞医疗","company-wiki\a_share_companies.txt | revenue-forecast\.review-zr407-20260818\company-wiki\a_share_companies.txt | StockInfoDLSimple\v2-clean-rewrite\a_share_companies.txt","43","unverified","Exact code/ticker or normalized text dedupe only; not imported or scanned."
"CN:300775","CN","300775","三角防务","300775 三角防务","company-wiki\a_share_companies.txt | revenue-forecast\.review-zr407-20260818\company-wiki\a_share_companies.txt | StockInfoDLSimple\v2-clean-rewrite\a_share_companies.txt","43","unverified","Exact code/ticker or normalized text dedupe only; not imported or scanned."
"CN:300782","CN","300782","卓胜微","300782 卓胜微","company-wiki\a_share_companies.txt | revenue-forecast\.review-zr407-20260818\company-wiki\a_share_companies.txt | StockInfoDLSimple\v2-clean-rewrite\a_share_companies.txt","43","unverified","Exact code/ticker or normalized text dedupe only; not imported or scanned."
"CN:300783","CN","300783","三只松鼠","300783 三只松鼠","company-wiki\a_share_companies.txt | revenue-forecast\.review-zr407-20260818\company-wiki\a_share_companies.txt | StockInfoDLSimple\v2-clean-rewrite\a_share_companies.txt","43","unverified","Exact code/ticker or normalized text dedupe only; not imported or scanned."
"CN:300815","CN","300815","玉禾田","300815 玉禾田","company-wiki\a_share_companies.txt | revenue-forecast\.review-zr407-20260818\company-wiki\a_share_companies.txt | StockInfoDLSimple\v2-clean-rewrite\a_share_companies.txt","43","unverified","Exact code/ticker or normalized text dedupe only; not imported or scanned."
"CN:300832","CN","300832","新产业","300832 新产业","company-wiki\a_share_companies.txt | revenue-forecast\.review-zr407-20260818\company-wiki\a_share_companies.txt | StockInfoDLSimple\v2-clean-rewrite\a_share_companies.txt","43","unverified","Exact code/ticker or normalized text dedupe only; not imported or scanned."
"CN:300935","CN","300935","盈建科","300935 盈建科","company-wiki\a_share_companies.txt | revenue-forecast\.review-zr407-20260818\company-wiki\a_share_companies.txt | StockInfoDLSimple\v2-clean-rewrite\a_share_companies.txt","43","unverified","Exact code/ticker or normalized text dedupe only; not imported or scanned."
"CN:300957","CN","300957","贝泰妮","300957 贝泰妮","company-wiki\a_share_companies.txt | revenue-forecast\.review-zr407-20260818\company-wiki\a_share_companies.txt | StockInfoDLSimple\v2-clean-rewrite\a_share_companies.txt","43","unverified","Exact code/ticker or normalized text dedupe only; not imported or scanned."
"CN:300979","CN","300979","华利集团","300979 华利集团","company-wiki\a_share_companies.txt | revenue-forecast\.review-zr407-20260818\company-wiki\a_share_companies.txt | StockInfoDLSimple\v2-clean-rewrite\a_share_companies.txt","43","unverified","Exact code/ticker or normalized text dedupe only; not imported or scanned."
"CN:300980","CN","300980","祥源新材","300980 祥源新材","company-wiki\a_share_companies.txt | revenue-forecast\.review-zr407-20260818\company-wiki\a_share_companies.txt | StockInfoDLSimple\v2-clean-rewrite\a_share_companies.txt","43","unverified","Exact code/ticker or normalized text dedupe only; not imported or scanned."
"CN:301018","CN","301018","申菱环境","301018 申菱环境","company-wiki\a_share_companies.txt | revenue-forecast\.review-zr407-20260818\company-wiki\a_share_companies.txt | StockInfoDLSimple\v2-clean-rewrite\a_share_companies.txt","43","unverified","Exact code/ticker or normalized text dedupe only; not imported or scanned."
"CN:301269","CN","301269","华大九天","301269 华大九天","company-wiki\a_share_companies.txt | revenue-forecast\.review-zr407-20260818\company-wiki\a_share_companies.txt | StockInfoDLSimple\v2-clean-rewrite\a_share_companies.txt","43","unverified","Exact code/ticker or normalized text dedupe only; not imported or scanned."
"CN:301611","CN","301611","珂玛科技","301611 珂玛科技","company-wiki\a_share_companies.txt | revenue-forecast\.review-zr407-20260818\company-wiki\a_share_companies.txt | StockInfoDLSimple\v2-clean-rewrite\a_share_companies.txt | StockInfoDLSimple\v2-clean-rewrite\companies.txt","44","unverified","Exact code/ticker or normalized text dedupe only; not imported or scanned."
"CN:600038","CN","600038","中直股份","600038 中直股份","company-wiki\a_share_companies.txt | revenue-forecast\.review-zr407-20260818\company-wiki\a_share_companies.txt | StockInfoDLSimple\v2-clean-rewrite\a_share_companies.txt","43","unverified","Exact code/ticker or normalized text dedupe only; not imported or scanned."
"CN:600114","CN","600114","东睦股份","600114 东睦股份","company-wiki\a_share_companies.txt | revenue-forecast\.review-zr407-20260818\company-wiki\a_share_companies.txt | StockInfoDLSimple\v2-clean-rewrite\a_share_companies.txt","43","unverified","Exact code/ticker or normalized text dedupe only; not imported or scanned."
"CN:600176","CN","600176","中国巨石","600176 中国巨石","company-wiki\a_share_companies.txt | revenue-forecast\.review-zr407-20260818\company-wiki\a_share_companies.txt | StockInfoDLSimple\v2-clean-rewrite\a_share_companies.txt","43","unverified","Exact code/ticker or normalized text dedupe only; not imported or scanned."
"CN:600309","CN","600309","万华化学","600309 万华化学","company-wiki\a_share_companies.txt | revenue-forecast\.review-zr407-20260818\company-wiki\a_share_companies.txt | StockInfoDLSimple\v2-clean-rewrite\a_share_companies.txt","43","unverified","Exact code/ticker or normalized text dedupe only; not imported or scanned."
"CN:600372","CN","600372","中航电子","600372 中航电子","company-wiki\a_share_companies.txt | revenue-forecast\.review-zr407-20260818\company-wiki\a_share_companies.txt","42","unverified","Exact code/ticker or normalized text dedupe only; not imported or scanned."
"CN:600391","CN","600391","航发科技","600391 航发科技","company-wiki\a_share_companies.txt | revenue-forecast\.review-zr407-20260818\company-wiki\a_share_companies.txt | StockInfoDLSimple\v2-clean-rewrite\a_share_companies.txt","43","unverified","Exact code/ticker or normalized text dedupe only; not imported or scanned."
"CN:600398","CN","600398","海澜之家","600398 海澜之家","company-wiki\a_share_companies.txt | revenue-forecast\.review-zr407-20260818\company-wiki\a_share_companies.txt | StockInfoDLSimple\v2-clean-rewrite\a_share_companies.txt","43","unverified","Exact code/ticker or normalized text dedupe only; not imported or scanned."
"CN:600458","CN","600458","时代新材","600458 时代新材","company-wiki\a_share_companies.txt | revenue-forecast\.review-zr407-20260818\company-wiki\a_share_companies.txt | StockInfoDLSimple\v2-clean-rewrite\a_share_companies.txt","43","unverified","Exact code/ticker or normalized text dedupe only; not imported or scanned."
"CN:600507","CN","600507","方大特钢","600507 方大特钢","company-wiki\a_share_companies.txt | revenue-forecast\.review-zr407-20260818\company-wiki\a_share_companies.txt | StockInfoDLSimple\v2-clean-rewrite\a_share_companies.txt","43","unverified","Exact code/ticker or normalized text dedupe only; not imported or scanned."
"CN:600519","CN","600519","茅台","600519 茅台","company-wiki\a_share_companies.txt | revenue-forecast\.review-zr407-20260818\company-wiki\a_share_companies.txt","42","unverified","Exact code/ticker or normalized text dedupe only; not imported or scanned."
"CN:600584","CN","600584","长电科技","600584 长电科技","company-wiki\a_share_companies.txt | revenue-forecast\.review-zr407-20260818\company-wiki\a_share_companies.txt | StockInfoDLSimple\v2-clean-rewrite\a_share_companies.txt","43","unverified","Exact code/ticker or normalized text dedupe only; not imported or scanned."
"CN:600597","CN","600597","光明乳业","600597 光明乳业","company-wiki\a_share_companies.txt | revenue-forecast\.review-zr407-20260818\company-wiki\a_share_companies.txt | StockInfoDLSimple\v2-clean-rewrite\a_share_companies.txt","43","unverified","Exact code/ticker or normalized text dedupe only; not imported or scanned."
"CN:600612","CN","600612","老凤祥","600612 老凤祥","company-wiki\a_share_companies.txt | revenue-forecast\.review-zr407-20260818\company-wiki\a_share_companies.txt | StockInfoDLSimple\v2-clean-rewrite\a_share_companies.txt","43","unverified","Exact code/ticker or normalized text dedupe only; not imported or scanned."
"CN:600663","CN","600663","陆家嘴","600663 陆家嘴","company-wiki\a_share_companies.txt | revenue-forecast\.review-zr407-20260818\company-wiki\a_share_companies.txt | StockInfoDLSimple\v2-clean-rewrite\a_share_companies.txt","43","unverified","Exact code/ticker or normalized text dedupe only; not imported or scanned."
"CN:600754","CN","600754","锦江股份","600754 锦江股份","company-wiki\a_share_companies.txt | revenue-forecast\.review-zr407-20260818\company-wiki\a_share_companies.txt","42","unverified","Exact code/ticker or normalized text dedupe only; not imported or scanned."
"CN:600760","CN","600760","中航沈飞","600760 中航沈飞","company-wiki\a_share_companies.txt | revenue-forecast\.review-zr407-20260818\company-wiki\a_share_companies.txt | StockInfoDLSimple\v2-clean-rewrite\a_share_companies.txt","43","unverified","Exact code/ticker or normalized text dedupe only; not imported or scanned."
"CN:600765","CN","600765","中航重机","600765 中航重机","company-wiki\a_share_companies.txt | revenue-forecast\.review-zr407-20260818\company-wiki\a_share_companies.txt | StockInfoDLSimple\v2-clean-rewrite\a_share_companies.txt","43","unverified","Exact code/ticker or normalized text dedupe only; not imported or scanned."
"CN:600882","CN","600882","妙可蓝多","600882 妙可蓝多","company-wiki\a_share_companies.txt | revenue-forecast\.review-zr407-20260818\company-wiki\a_share_companies.txt | StockInfoDLSimple\v2-clean-rewrite\a_share_companies.txt","43","unverified","Exact code/ticker or normalized text dedupe only; not imported or scanned."
"CN:600887","CN","600887","伊利股份","600887 伊利股份","company-wiki\a_share_companies.txt | revenue-forecast\.review-zr407-20260818\company-wiki\a_share_companies.txt | StockInfoDLSimple\v2-clean-rewrite\a_share_companies.txt","43","unverified","Exact code/ticker or normalized text dedupe only; not imported or scanned."
"CN:600893","CN","600893","航发动力","600893 航发动力","company-wiki\a_share_companies.txt | revenue-forecast\.review-zr407-20260818\company-wiki\a_share_companies.txt | StockInfoDLSimple\v2-clean-rewrite\a_share_companies.txt","43","unverified","Exact code/ticker or normalized text dedupe only; not imported or scanned."
"CN:601021","CN","601021","春秋航空","601021 春秋航空","company-wiki\a_share_companies.txt | revenue-forecast\.review-zr407-20260818\company-wiki\a_share_companies.txt | StockInfoDLSimple\v2-clean-rewrite\a_share_companies.txt","43","unverified","Exact code/ticker or normalized text dedupe only; not imported or scanned."
"CN:601058","CN","601058","赛轮轮胎","601058 赛轮轮胎","company-wiki\a_share_companies.txt | revenue-forecast\.review-zr407-20260818\company-wiki\a_share_companies.txt | StockInfoDLSimple\v2-clean-rewrite\a_share_companies.txt","43","unverified","Exact code/ticker or normalized text dedupe only; not imported or scanned."
"CN:601066","CN","601066","中信建投","601066 中信建投","StockInfoDLSimple\v2-clean-rewrite\a_share_companies.txt","1","unverified","Exact code/ticker or normalized text dedupe only; not imported or scanned."
"CN:601137","CN","601137","博威合金","601137 博威合金","company-wiki\a_share_companies.txt | revenue-forecast\.review-zr407-20260818\company-wiki\a_share_companies.txt | StockInfoDLSimple\v2-clean-rewrite\a_share_companies.txt","43","unverified","Exact code/ticker or normalized text dedupe only; not imported or scanned."
"CN:601138","CN","601138","工业富联","601138 工业富联","company-wiki\a_share_companies.txt | revenue-forecast\.review-zr407-20260818\company-wiki\a_share_companies.txt | StockInfoDLSimple\v2-clean-rewrite\a_share_companies.txt","43","unverified","Exact code/ticker or normalized text dedupe only; not imported or scanned."
"CN:601318","CN","601318","中国平安","601318 中国平安","company-wiki\a_share_companies.txt | revenue-forecast\.review-zr407-20260818\company-wiki\a_share_companies.txt | StockInfoDLSimple\v2-clean-rewrite\a_share_companies.txt","43","unverified","Exact code/ticker or normalized text dedupe only; not imported or scanned."
"CN:601336","CN","601336","新华保险","601336 新华保险","company-wiki\a_share_companies.txt | revenue-forecast\.review-zr407-20260818\company-wiki\a_share_companies.txt | StockInfoDLSimple\v2-clean-rewrite\a_share_companies.txt","43","unverified","Exact code/ticker or normalized text dedupe only; not imported or scanned."
"CN:601828","CN","601828","美凯龙","601828 美凯龙","company-wiki\a_share_companies.txt | revenue-forecast\.review-zr407-20260818\company-wiki\a_share_companies.txt | StockInfoDLSimple\v2-clean-rewrite\a_share_companies.txt","43","unverified","Exact code/ticker or normalized text dedupe only; not imported or scanned."
"CN:601966","CN","601966","玲珑轮胎","601966 玲珑轮胎","company-wiki\a_share_companies.txt | revenue-forecast\.review-zr407-20260818\company-wiki\a_share_companies.txt | StockInfoDLSimple\v2-clean-rewrite\a_share_companies.txt","43","unverified","Exact code/ticker or normalized text dedupe only; not imported or scanned."
"CN:603019","CN","603019","中科曙光","603019 中科曙光","company-wiki\a_share_companies.txt | revenue-forecast\.review-zr407-20260818\company-wiki\a_share_companies.txt | StockInfoDLSimple\v2-clean-rewrite\a_share_companies.txt","43","unverified","Exact code/ticker or normalized text dedupe only; not imported or scanned."
"CN:603043","CN","603043","广州酒家","603043 广州酒家","company-wiki\a_share_companies.txt | revenue-forecast\.review-zr407-20260818\company-wiki\a_share_companies.txt | StockInfoDLSimple\v2-clean-rewrite\a_share_companies.txt","43","unverified","Exact code/ticker or normalized text dedupe only; not imported or scanned."
"CN:603060","CN","603060","国检集团","603060 国检集团","company-wiki\a_share_companies.txt | revenue-forecast\.review-zr407-20260818\company-wiki\a_share_companies.txt | StockInfoDLSimple\v2-clean-rewrite\a_share_companies.txt","43","unverified","Exact code/ticker or normalized text dedupe only; not imported or scanned."
"CN:603156","CN","603156","养元饮品","603156 养元饮品","company-wiki\a_share_companies.txt | revenue-forecast\.review-zr407-20260818\company-wiki\a_share_companies.txt | StockInfoDLSimple\v2-clean-rewrite\a_share_companies.txt","43","unverified","Exact code/ticker or normalized text dedupe only; not imported or scanned."
"CN:603203","CN","603203","快克股份","603203 快克股份","company-wiki\a_share_companies.txt | revenue-forecast\.review-zr407-20260818\company-wiki\a_share_companies.txt","42","unverified","Exact code/ticker or normalized text dedupe only; not imported or scanned."
"CN:603214","CN","603214","爱婴室","603214 爱婴室","company-wiki\a_share_companies.txt | revenue-forecast\.review-zr407-20260818\company-wiki\a_share_companies.txt | StockInfoDLSimple\v2-clean-rewrite\a_share_companies.txt","43","unverified","Exact code/ticker or normalized text dedupe only; not imported or scanned."
"CN:603235","CN","603235","天新药业","603235 天新药业","StockInfoDLSimple\v2-clean-rewrite\a_share_companies.txt","1","unverified","Exact code/ticker or normalized text dedupe only; not imported or scanned."
"CN:603237","CN","603237","五芳斋","603237 五芳斋","company-wiki\a_share_companies.txt | revenue-forecast\.review-zr407-20260818\company-wiki\a_share_companies.txt | StockInfoDLSimple\v2-clean-rewrite\a_share_companies.txt","43","unverified","Exact code/ticker or normalized text dedupe only; not imported or scanned."
"CN:603259","CN","603259","药明康德","603259 药明康德","company-wiki\a_share_companies.txt | revenue-forecast\.review-zr407-20260818\company-wiki\a_share_companies.txt | StockInfoDLSimple\v2-clean-rewrite\a_share_companies.txt","43","unverified","Exact code/ticker or normalized text dedupe only; not imported or scanned."
"CN:603300","CN","603300","华铁应急","603300 华铁应急","company-wiki\a_share_companies.txt | revenue-forecast\.review-zr407-20260818\company-wiki\a_share_companies.txt","42","unverified","Exact code/ticker or normalized text dedupe only; not imported or scanned."
"CN:603313","CN","603313","梦百合","603313 梦百合","company-wiki\a_share_companies.txt | revenue-forecast\.review-zr407-20260818\company-wiki\a_share_companies.txt | StockInfoDLSimple\v2-clean-rewrite\a_share_companies.txt","43","unverified","Exact code/ticker or normalized text dedupe only; not imported or scanned."
"CN:603357","CN","603357","设计总院","603357 设计总院","company-wiki\a_share_companies.txt | revenue-forecast\.review-zr407-20260818\company-wiki\a_share_companies.txt | StockInfoDLSimple\v2-clean-rewrite\a_share_companies.txt","43","unverified","Exact code/ticker or normalized text dedupe only; not imported or scanned."
"CN:603359","CN","603359","东珠生态","603359 东珠生态","company-wiki\a_share_companies.txt | revenue-forecast\.review-zr407-20260818\company-wiki\a_share_companies.txt","42","unverified","Exact code/ticker or normalized text dedupe only; not imported or scanned."
"CN:603360","CN","603360","百傲化学","603360 百傲化学","company-wiki\a_share_companies.txt | revenue-forecast\.review-zr407-20260818\company-wiki\a_share_companies.txt | StockInfoDLSimple\v2-clean-rewrite\a_share_companies.txt","43","unverified","Exact code/ticker or normalized text dedupe only; not imported or scanned."
"CN:603444","CN","603444","吉比特","603444 吉比特","company-wiki\a_share_companies.txt | revenue-forecast\.review-zr407-20260818\company-wiki\a_share_companies.txt | StockInfoDLSimple\v2-clean-rewrite\a_share_companies.txt","43","unverified","Exact code/ticker or normalized text dedupe only; not imported or scanned."
"CN:603489","CN","603489","八方股份","603489 八方股份","company-wiki\a_share_companies.txt | revenue-forecast\.review-zr407-20260818\company-wiki\a_share_companies.txt | StockInfoDLSimple\v2-clean-rewrite\a_share_companies.txt","43","unverified","Exact code/ticker or normalized text dedupe only; not imported or scanned."
"CN:603517","CN","603517","绝味食品","603517 绝味食品","company-wiki\a_share_companies.txt | revenue-forecast\.review-zr407-20260818\company-wiki\a_share_companies.txt","42","unverified","Exact code/ticker or normalized text dedupe only; not imported or scanned."
"CN:603587","CN","603587","地素时尚","603587 地素时尚","company-wiki\a_share_companies.txt | revenue-forecast\.review-zr407-20260818\company-wiki\a_share_companies.txt | StockInfoDLSimple\v2-clean-rewrite\a_share_companies.txt","43","unverified","Exact code/ticker or normalized text dedupe only; not imported or scanned."
"CN:603605","CN","603605","珀莱雅","603605 珀莱雅","company-wiki\a_share_companies.txt | revenue-forecast\.review-zr407-20260818\company-wiki\a_share_companies.txt | StockInfoDLSimple\v2-clean-rewrite\a_share_companies.txt","43","unverified","Exact code/ticker or normalized text dedupe only; not imported or scanned."
"CN:603606","CN","603606","东方电缆","603606 东方电缆","company-wiki\a_share_companies.txt | revenue-forecast\.review-zr407-20260818\company-wiki\a_share_companies.txt | StockInfoDLSimple\v2-clean-rewrite\a_share_companies.txt","43","unverified","Exact code/ticker or normalized text dedupe only; not imported or scanned."
"CN:603678","CN","603678","火炬电子","603678 火炬电子","company-wiki\a_share_companies.txt | revenue-forecast\.review-zr407-20260818\company-wiki\a_share_companies.txt | StockInfoDLSimple\v2-clean-rewrite\a_share_companies.txt","43","unverified","Exact code/ticker or normalized text dedupe only; not imported or scanned."
"CN:603688","CN","603688","石英股份","603688 石英股份","company-wiki\a_share_companies.txt | revenue-forecast\.review-zr407-20260818\company-wiki\a_share_companies.txt | StockInfoDLSimple\v2-clean-rewrite\a_share_companies.txt","43","unverified","Exact code/ticker or normalized text dedupe only; not imported or scanned."
"CN:603690","CN","603690","至纯科技","603690 至纯科技","company-wiki\a_share_companies.txt | revenue-forecast\.review-zr407-20260818\company-wiki\a_share_companies.txt | StockInfoDLSimple\v2-clean-rewrite\a_share_companies.txt","43","unverified","Exact code/ticker or normalized text dedupe only; not imported or scanned."
"CN:603712","CN","603712","七一二","603712 七一二","company-wiki\a_share_companies.txt | revenue-forecast\.review-zr407-20260818\company-wiki\a_share_companies.txt | StockInfoDLSimple\v2-clean-rewrite\a_share_companies.txt","43","unverified","Exact code/ticker or normalized text dedupe only; not imported or scanned."
"CN:603713","CN","603713","密尔克卫","603713 密尔克卫","company-wiki\a_share_companies.txt | revenue-forecast\.review-zr407-20260818\company-wiki\a_share_companies.txt | StockInfoDLSimple\v2-clean-rewrite\a_share_companies.txt","43","unverified","Exact code/ticker or normalized text dedupe only; not imported or scanned."
"CN:603806","CN","603806","福斯特","603806 福斯特","company-wiki\a_share_companies.txt | revenue-forecast\.review-zr407-20260818\company-wiki\a_share_companies.txt | StockInfoDLSimple\v2-clean-rewrite\a_share_companies.txt","43","unverified","Exact code/ticker or normalized text dedupe only; not imported or scanned."
"CN:603808","CN","603808","歌力思","603808 歌力思","company-wiki\a_share_companies.txt | revenue-forecast\.review-zr407-20260818\company-wiki\a_share_companies.txt | StockInfoDLSimple\v2-clean-rewrite\a_share_companies.txt","43","unverified","Exact code/ticker or normalized text dedupe only; not imported or scanned."
"CN:603826","CN","603826","坤彩科技","603826 坤彩科技","company-wiki\a_share_companies.txt | revenue-forecast\.review-zr407-20260818\company-wiki\a_share_companies.txt | StockInfoDLSimple\v2-clean-rewrite\a_share_companies.txt","43","unverified","Exact code/ticker or normalized text dedupe only; not imported or scanned."
"CN:603833","CN","603833","欧派家居","603833 欧派家居","company-wiki\a_share_companies.txt | revenue-forecast\.review-zr407-20260818\company-wiki\a_share_companies.txt | StockInfoDLSimple\v2-clean-rewrite\a_share_companies.txt","43","unverified","Exact code/ticker or normalized text dedupe only; not imported or scanned."
"CN:603866","CN","603866","桃李面包","603866 桃李面包","company-wiki\a_share_companies.txt | revenue-forecast\.review-zr407-20260818\company-wiki\a_share_companies.txt | StockInfoDLSimple\v2-clean-rewrite\a_share_companies.txt","43","unverified","Exact code/ticker or normalized text dedupe only; not imported or scanned."
"CN:603886","CN","603886","元祖股份","603886 元祖股份","company-wiki\a_share_companies.txt | revenue-forecast\.review-zr407-20260818\company-wiki\a_share_companies.txt | StockInfoDLSimple\v2-clean-rewrite\a_share_companies.txt","43","unverified","Exact code/ticker or normalized text dedupe only; not imported or scanned."
"CN:603916","CN","603916","苏博特","603916 苏博特","company-wiki\a_share_companies.txt | revenue-forecast\.review-zr407-20260818\company-wiki\a_share_companies.txt | StockInfoDLSimple\v2-clean-rewrite\a_share_companies.txt","43","unverified","Exact code/ticker or normalized text dedupe only; not imported or scanned."
"CN:603983","CN","603983","丸美股份","603983 丸美股份","company-wiki\a_share_companies.txt | revenue-forecast\.review-zr407-20260818\company-wiki\a_share_companies.txt","42","unverified","Exact code/ticker or normalized text dedupe only; not imported or scanned."
"CN:603986","CN","603986","兆易创新","603986 兆易创新","company-wiki\a_share_companies.txt | revenue-forecast\.review-zr407-20260818\company-wiki\a_share_companies.txt | StockInfoDLSimple\v2-clean-rewrite\a_share_companies.txt","43","unverified","Exact code/ticker or normalized text dedupe only; not imported or scanned."
"CN:605099","CN","605099","共创草坪","605099 共创草坪","company-wiki\a_share_companies.txt | revenue-forecast\.review-zr407-20260818\company-wiki\a_share_companies.txt | StockInfoDLSimple\v2-clean-rewrite\a_share_companies.txt","43","unverified","Exact code/ticker or normalized text dedupe only; not imported or scanned."
"CN:605123","CN","605123","派克新材","605123 派克新材","company-wiki\a_share_companies.txt | revenue-forecast\.review-zr407-20260818\company-wiki\a_share_companies.txt | StockInfoDLSimple\v2-clean-rewrite\a_share_companies.txt","43","unverified","Exact code/ticker or normalized text dedupe only; not imported or scanned."
"CN:688012","CN","688012","中微公司","688012 中微公司","company-wiki\a_share_companies.txt | revenue-forecast\.review-zr407-20260818\company-wiki\a_share_companies.txt | StockInfoDLSimple\v2-clean-rewrite\a_share_companies.txt","43","unverified","Exact code/ticker or normalized text dedupe only; not imported or scanned."
"CN:688019","CN","688019","安集科技","688019 安集科技","company-wiki\a_share_companies.txt | revenue-forecast\.review-zr407-20260818\company-wiki\a_share_companies.txt | StockInfoDLSimple\v2-clean-rewrite\a_share_companies.txt","43","unverified","Exact code/ticker or normalized text dedupe only; not imported or scanned."
"CN:688020","CN","688020","方邦股份","688020 方邦股份","company-wiki\a_share_companies.txt | revenue-forecast\.review-zr407-20260818\company-wiki\a_share_companies.txt | StockInfoDLSimple\v2-clean-rewrite\a_share_companies.txt","43","unverified","Exact code/ticker or normalized text dedupe only; not imported or scanned."
"CN:688028","CN","688028","沃尔德","688028 沃尔德","company-wiki\a_share_companies.txt | revenue-forecast\.review-zr407-20260818\company-wiki\a_share_companies.txt | StockInfoDLSimple\v2-clean-rewrite\a_share_companies.txt","43","unverified","Exact code/ticker or normalized text dedupe only; not imported or scanned."
"CN:688030","CN","688030","山石网科","688030 山石网科","company-wiki\a_share_companies.txt | revenue-forecast\.review-zr407-20260818\company-wiki\a_share_companies.txt | StockInfoDLSimple\v2-clean-rewrite\a_share_companies.txt","43","unverified","Exact code/ticker or normalized text dedupe only; not imported or scanned."
"CN:688033","CN","688033","天宜上佳","688033 天宜上佳","company-wiki\a_share_companies.txt | revenue-forecast\.review-zr407-20260818\company-wiki\a_share_companies.txt","42","unverified","Exact code/ticker or normalized text dedupe only; not imported or scanned."
"CN:688041","CN","688041","海光信息","688041 海光信息","company-wiki\a_share_companies.txt | revenue-forecast\.review-zr407-20260818\company-wiki\a_share_companies.txt | StockInfoDLSimple\v2-clean-rewrite\a_share_companies.txt","43","unverified","Exact code/ticker or normalized text dedupe only; not imported or scanned."
"CN:688057","CN","688057","金达莱","688057 金达莱","StockInfoDLSimple\v2-clean-rewrite\a_share_companies.txt","1","unverified","Exact code/ticker or normalized text dedupe only; not imported or scanned."
"CN:688059","CN","688059","华锐精密","688059 华锐精密","company-wiki\a_share_companies.txt | revenue-forecast\.review-zr407-20260818\company-wiki\a_share_companies.txt | StockInfoDLSimple\v2-clean-rewrite\a_share_companies.txt","43","unverified","Exact code/ticker or normalized text dedupe only; not imported or scanned."
"CN:688065","CN","688065","凯赛生物","688065 凯赛生物","company-wiki\a_share_companies.txt | revenue-forecast\.review-zr407-20260818\company-wiki\a_share_companies.txt | StockInfoDLSimple\v2-clean-rewrite\a_share_companies.txt","43","unverified","Exact code/ticker or normalized text dedupe only; not imported or scanned."
"CN:688069","CN","688069","德林海","688069 德林海","company-wiki\a_share_companies.txt | revenue-forecast\.review-zr407-20260818\company-wiki\a_share_companies.txt | StockInfoDLSimple\v2-clean-rewrite\a_share_companies.txt","43","unverified","Exact code/ticker or normalized text dedupe only; not imported or scanned."
"CN:688072","CN","688072","拓荆科技","688072 拓荆科技","company-wiki\a_share_companies.txt | revenue-forecast\.review-zr407-20260818\company-wiki\a_share_companies.txt | StockInfoDLSimple\v2-clean-rewrite\a_share_companies.txt","43","unverified","Exact code/ticker or normalized text dedupe only; not imported or scanned."
"CN:688082","CN","688082","盛美上海","688082 盛美上海","company-wiki\a_share_companies.txt | revenue-forecast\.review-zr407-20260818\company-wiki\a_share_companies.txt | StockInfoDLSimple\v2-clean-rewrite\a_share_companies.txt","43","unverified","Exact code/ticker or normalized text dedupe only; not imported or scanned."
"CN:688083","CN","688083","中望软件","688083 中望软件","company-wiki\a_share_companies.txt | revenue-forecast\.review-zr407-20260818\company-wiki\a_share_companies.txt | StockInfoDLSimple\v2-clean-rewrite\a_share_companies.txt","43","unverified","Exact code/ticker or normalized text dedupe only; not imported or scanned."
"CN:688088","CN","688088","虹软科技","688088 虹软科技","company-wiki\a_share_companies.txt | revenue-forecast\.review-zr407-20260818\company-wiki\a_share_companies.txt | StockInfoDLSimple\v2-clean-rewrite\a_share_companies.txt","43","unverified","Exact code/ticker or normalized text dedupe only; not imported or scanned."
"CN:688093","CN","688093","世华科技","688093 世华科技","company-wiki\a_share_companies.txt | revenue-forecast\.review-zr407-20260818\company-wiki\a_share_companies.txt | StockInfoDLSimple\v2-clean-rewrite\a_share_companies.txt","43","unverified","Exact code/ticker or normalized text dedupe only; not imported or scanned."
"CN:688120","CN","688120","华海清科","688120 华海清科","company-wiki\a_share_companies.txt | revenue-forecast\.review-zr407-20260818\company-wiki\a_share_companies.txt | StockInfoDLSimple\v2-clean-rewrite\a_share_companies.txt","43","unverified","Exact code/ticker or normalized text dedupe only; not imported or scanned."
"CN:688126","CN","688126","沪硅产业","688126 沪硅产业","company-wiki\a_share_companies.txt | revenue-forecast\.review-zr407-20260818\company-wiki\a_share_companies.txt | StockInfoDLSimple\v2-clean-rewrite\a_share_companies.txt","43","unverified","Exact code/ticker or normalized text dedupe only; not imported or scanned."
"CN:688152","CN","688152","华卓精科","688152 华卓精科","company-wiki\a_share_companies.txt | revenue-forecast\.review-zr407-20260818\company-wiki\a_share_companies.txt","42","unverified","Exact code/ticker or normalized text dedupe only; not imported or scanned."
"CN:688168","CN","688168","安博通","688168 安博通","company-wiki\a_share_companies.txt | revenue-forecast\.review-zr407-20260818\company-wiki\a_share_companies.txt | StockInfoDLSimple\v2-clean-rewrite\a_share_companies.txt","43","unverified","Exact code/ticker or normalized text dedupe only; not imported or scanned."
"CN:688179","CN","688179","阿拉丁","688179 阿拉丁","company-wiki\a_share_companies.txt | revenue-forecast\.review-zr407-20260818\company-wiki\a_share_companies.txt | StockInfoDLSimple\v2-clean-rewrite\a_share_companies.txt","43","unverified","Exact code/ticker or normalized text dedupe only; not imported or scanned."
"CN:688187","CN","688187","时代电气","688187 时代电气","company-wiki\a_share_companies.txt | revenue-forecast\.review-zr407-20260818\company-wiki\a_share_companies.txt | StockInfoDLSimple\v2-clean-rewrite\a_share_companies.txt","43","unverified","Exact code/ticker or normalized text dedupe only; not imported or scanned."
"CN:688206","CN","688206","概伦电子","688206 概伦电子","StockInfoDLSimple\v2-clean-rewrite\a_share_companies.txt","1","unverified","Exact code/ticker or normalized text dedupe only; not imported or scanned."
"CN:688235","CN","688235","百济神州","688235 百济神州","company-wiki\a_share_companies.txt | revenue-forecast\.review-zr407-20260818\company-wiki\a_share_companies.txt | StockInfoDLSimple\v2-clean-rewrite\a_share_companies.txt","43","unverified","Exact code/ticker or normalized text dedupe only; not imported or scanned."
"CN:688256","CN","688256","寒武纪","688256 寒武纪","company-wiki\a_share_companies.txt | revenue-forecast\.review-zr407-20260818\company-wiki\a_share_companies.txt | StockInfoDLSimple\v2-clean-rewrite\a_share_companies.txt","43","unverified","Exact code/ticker or normalized text dedupe only; not imported or scanned."
"CN:688268","CN","688268","华特气体","688268 华特气体","company-wiki\a_share_companies.txt | revenue-forecast\.review-zr407-20260818\company-wiki\a_share_companies.txt | StockInfoDLSimple\v2-clean-rewrite\a_share_companies.txt","43","unverified","Exact code/ticker or normalized text dedupe only; not imported or scanned."
"CN:688271","CN","688271","联影医疗","688271 联影医疗","company-wiki\a_share_companies.txt | revenue-forecast\.review-zr407-20260818\company-wiki\a_share_companies.txt | StockInfoDLSimple\v2-clean-rewrite\a_share_companies.txt","43","unverified","Exact code/ticker or normalized text dedupe only; not imported or scanned."
"CN:688303","CN","688303","大全能源","688303 大全能源","company-wiki\a_share_companies.txt | revenue-forecast\.review-zr407-20260818\company-wiki\a_share_companies.txt | StockInfoDLSimple\v2-clean-rewrite\a_share_companies.txt","43","unverified","Exact code/ticker or normalized text dedupe only; not imported or scanned."
"CN:688308","CN","688308","欧科亿","688308 欧科亿","company-wiki\a_share_companies.txt | revenue-forecast\.review-zr407-20260818\company-wiki\a_share_companies.txt | StockInfoDLSimple\v2-clean-rewrite\a_share_companies.txt","43","unverified","Exact code/ticker or normalized text dedupe only; not imported or scanned."
"CN:688314","CN","688314","康拓医疗","688314 康拓医疗","company-wiki\a_share_companies.txt | revenue-forecast\.review-zr407-20260818\company-wiki\a_share_companies.txt | StockInfoDLSimple\v2-clean-rewrite\a_share_companies.txt","43","unverified","Exact code/ticker or normalized text dedupe only; not imported or scanned."
"CN:688339","CN","688339","亿华通","688339 亿华通","company-wiki\a_share_companies.txt | revenue-forecast\.review-zr407-20260818\company-wiki\a_share_companies.txt | StockInfoDLSimple\v2-clean-rewrite\a_share_companies.txt","43","unverified","Exact code/ticker or normalized text dedupe only; not imported or scanned."
"CN:688347","CN","688347","华虹半导体","688347 华虹半导体","company-wiki\a_share_companies.txt | revenue-forecast\.review-zr407-20260818\company-wiki\a_share_companies.txt","42","unverified","Exact code/ticker or normalized text dedupe only; not imported or scanned."
"CN:688362","CN","688362","甬矽电子","688362 甬矽电子","company-wiki\a_share_companies.txt | revenue-forecast\.review-zr407-20260818\company-wiki\a_share_companies.txt | StockInfoDLSimple\v2-clean-rewrite\a_share_companies.txt","43","unverified","Exact code/ticker or normalized text dedupe only; not imported or scanned."
"CN:688378","CN","688378","奥来德","688378 奥来德","company-wiki\a_share_companies.txt | revenue-forecast\.review-zr407-20260818\company-wiki\a_share_companies.txt | StockInfoDLSimple\v2-clean-rewrite\a_share_companies.txt","43","unverified","Exact code/ticker or normalized text dedupe only; not imported or scanned."
"CN:688389","CN","688389","普门科技","688389 普门科技","company-wiki\a_share_companies.txt | revenue-forecast\.review-zr407-20260818\company-wiki\a_share_companies.txt | StockInfoDLSimple\v2-clean-rewrite\a_share_companies.txt","43","unverified","Exact code/ticker or normalized text dedupe only; not imported or scanned."
"CN:688555","CN","688555","泽达易盛","688555 泽达易盛","company-wiki\a_share_companies.txt | revenue-forecast\.review-zr407-20260818\company-wiki\a_share_companies.txt","42","unverified","Exact code/ticker or normalized text dedupe only; not imported or scanned."
"CN:688581","CN","688581","安杰思","688581 安杰思","company-wiki\a_share_companies.txt | revenue-forecast\.review-zr407-20260818\company-wiki\a_share_companies.txt | StockInfoDLSimple\v2-clean-rewrite\a_share_companies.txt","43","unverified","Exact code/ticker or normalized text dedupe only; not imported or scanned."
"CN:688617","CN","688617","惠泰医疗","688617 惠泰医疗","company-wiki\a_share_companies.txt | revenue-forecast\.review-zr407-20260818\company-wiki\a_share_companies.txt | StockInfoDLSimple\v2-clean-rewrite\a_share_companies.txt","43","unverified","Exact code/ticker or normalized text dedupe only; not imported or scanned."
"CN:688622","CN","688622","禾信仪器","688622 禾信仪器","company-wiki\a_share_companies.txt | revenue-forecast\.review-zr407-20260818\company-wiki\a_share_companies.txt","42","unverified","Exact code/ticker or normalized text dedupe only; not imported or scanned."
"CN:688628","CN","688628","优利德","688628 优利德","company-wiki\a_share_companies.txt | revenue-forecast\.review-zr407-20260818\company-wiki\a_share_companies.txt | StockInfoDLSimple\v2-clean-rewrite\a_share_companies.txt","43","unverified","Exact code/ticker or normalized text dedupe only; not imported or scanned."
"CN:688686","CN","688686","奥普特","688686 奥普特","company-wiki\a_share_companies.txt | revenue-forecast\.review-zr407-20260818\company-wiki\a_share_companies.txt | StockInfoDLSimple\v2-clean-rewrite\a_share_companies.txt","43","unverified","Exact code/ticker or normalized text dedupe only; not imported or scanned."
"CN:688787","CN","688787","海天瑞声","688787 海天瑞声","company-wiki\a_share_companies.txt | revenue-forecast\.review-zr407-20260818\company-wiki\a_share_companies.txt | StockInfoDLSimple\v2-clean-rewrite\a_share_companies.txt","43","unverified","Exact code/ticker or normalized text dedupe only; not imported or scanned."
"CN:688788","CN","688788","科思科技","688788 科思科技","company-wiki\a_share_companies.txt | revenue-forecast\.review-zr407-20260818\company-wiki\a_share_companies.txt | StockInfoDLSimple\v2-clean-rewrite\a_share_companies.txt","43","unverified","Exact code/ticker or normalized text dedupe only; not imported or scanned."
"CN:688981","CN","688981","中芯国际","688981 中芯国际","company-wiki\a_share_companies.txt | revenue-forecast\.review-zr407-20260818\company-wiki\a_share_companies.txt | StockInfoDLSimple\v2-clean-rewrite\a_share_companies.txt","43","unverified","Exact code/ticker or normalized text dedupe only; not imported or scanned."
"CN:872808","CN","872808","曙光数创","872808 曙光数创","company-wiki\a_share_companies.txt | revenue-forecast\.review-zr407-20260818\company-wiki\a_share_companies.txt | StockInfoDLSimple\v2-clean-rewrite\a_share_companies.txt","43","unverified","Exact code/ticker or normalized text dedupe only; not imported or scanned."
"RAW:amd","unspecified","","AMD","AMD","company-wiki\companies_list.txt | revenue-forecast\.planning\2026-09-19-three-project-history-audit\execution_runs\I-14-F-R1\a20260922-01\iso\red-tree\companies_list.txt","42","unverified","Exact code/ticker or normalized text dedupe only; not imported or scanned."
"RAW:shein","unspecified","","SHEIN","SHEIN","company-wiki\companies_list.txt | revenue-forecast\.planning\2026-09-19-three-project-history-audit\execution_runs\I-14-F-R1\a20260922-01\iso\red-tree\companies_list.txt","42","unverified","Exact code/ticker or normalized text dedupe only; not imported or scanned."
"RAW:七一二","unspecified","","七一二","七一二","company-wiki\companies_list.txt | revenue-forecast\.planning\2026-09-19-three-project-history-audit\execution_runs\I-14-F-R1\a20260922-01\iso\red-tree\companies_list.txt","42","unverified","Exact code/ticker or normalized text dedupe only; not imported or scanned."
"RAW:万兴科技","unspecified","","万兴科技","万兴科技","Research\config\pending_list.txt","1","unverified","Exact code/ticker or normalized text dedupe only; not imported or scanned."
"RAW:万华化学","unspecified","","万华化学","万华化学","company-wiki\companies_list.txt | revenue-forecast\.planning\2026-09-19-three-project-history-audit\execution_runs\I-14-F-R1\a20260922-01\iso\red-tree\companies_list.txt","42","unverified","Exact code/ticker or normalized text dedupe only; not imported or scanned."
"RAW:万润股份","unspecified","","万润股份","万润股份","company-wiki\companies_list.txt | revenue-forecast\.planning\2026-09-19-three-project-history-audit\execution_runs\I-14-F-R1\a20260922-01\iso\red-tree\companies_list.txt","42","unverified","Exact code/ticker or normalized text dedupe only; not imported or scanned."
"RAW:万科","unspecified","","万科","万科","company-wiki\companies_list.txt | revenue-forecast\.planning\2026-09-19-three-project-history-audit\execution_runs\I-14-F-R1\a20260922-01\iso\red-tree\companies_list.txt","42","unverified","Exact code/ticker or normalized text dedupe only; not imported or scanned."
"RAW:三七互娱","unspecified","","三七互娱","三七互娱","company-wiki\companies_list.txt | revenue-forecast\.planning\2026-09-19-three-project-history-audit\execution_runs\I-14-F-R1\a20260922-01\iso\red-tree\companies_list.txt","42","unverified","Exact code/ticker or normalized text dedupe only; not imported or scanned."
"RAW:三只松鼠","unspecified","","三只松鼠","三只松鼠","company-wiki\companies_list.txt | revenue-forecast\.planning\2026-09-19-three-project-history-audit\execution_runs\I-14-F-R1\a20260922-01\iso\red-tree\companies_list.txt","42","unverified","Exact code/ticker or normalized text dedupe only; not imported or scanned."
"RAW:三德科技","unspecified","","三德科技","三德科技","company-wiki\companies_list.txt | Research\config\pending_list.txt | revenue-forecast\.planning\2026-09-19-three-project-history-audit\execution_runs\I-14-F-R1\a20260922-01\iso\red-tree\companies_list.txt","43","unverified","Exact code/ticker or normalized text dedupe only; not imported or scanned."
"RAW:三环集团","unspecified","","三环集团","三环集团","company-wiki\companies_list.txt | Research\config\pending_list.txt | revenue-forecast\.planning\2026-09-19-three-project-history-audit\execution_runs\I-14-F-R1\a20260922-01\iso\red-tree\companies_list.txt","43","unverified","Exact code/ticker or normalized text dedupe only; not imported or scanned."
"RAW:三联虹普","unspecified","","三联虹普","三联虹普","company-wiki\companies_list.txt | revenue-forecast\.planning\2026-09-19-three-project-history-audit\execution_runs\I-14-F-R1\a20260922-01\iso\red-tree\companies_list.txt","42","unverified","Exact code/ticker or normalized text dedupe only; not imported or scanned."
"RAW:三角防务","unspecified","","三角防务","三角防务","company-wiki\companies_list.txt | revenue-forecast\.planning\2026-09-19-three-project-history-audit\execution_runs\I-14-F-R1\a20260922-01\iso\red-tree\companies_list.txt","42","unverified","Exact code/ticker or normalized text dedupe only; not imported or scanned."
"RAW:上峰水泥","unspecified","","上峰水泥","上峰水泥","company-wiki\companies_list.txt | Research\config\pending_list.txt | revenue-forecast\.planning\2026-09-19-three-project-history-audit\execution_runs\I-14-F-R1\a20260922-01\iso\red-tree\companies_list.txt","43","unverified","Exact code/ticker or normalized text dedupe only; not imported or scanned."
"RAW:世华科技","unspecified","","世华科技","世华科技","company-wiki\companies_list.txt | Research\config\pending_list.txt | revenue-forecast\.planning\2026-09-19-three-project-history-audit\execution_runs\I-14-F-R1\a20260922-01\iso\red-tree\companies_list.txt","43","unverified","Exact code/ticker or normalized text dedupe only; not imported or scanned."
"RAW:世茂","unspecified","","世茂","世茂","company-wiki\companies_list.txt | revenue-forecast\.planning\2026-09-19-three-project-history-audit\execution_runs\I-14-F-R1\a20260922-01\iso\red-tree\companies_list.txt","42","unverified","Exact code/ticker or normalized text dedupe only; not imported or scanned."
"RAW:东方电缆","unspecified","","东方电缆","东方电缆","company-wiki\companies_list.txt | revenue-forecast\.planning\2026-09-19-three-project-history-audit\execution_runs\I-14-F-R1\a20260922-01\iso\red-tree\companies_list.txt","42","unverified","Exact code/ticker or normalized text dedupe only; not imported or scanned."
"RAW:东方雨虹","unspecified","","东方雨虹","东方雨虹","company-wiki\companies_list.txt | revenue-forecast\.planning\2026-09-19-three-project-history-audit\execution_runs\I-14-F-R1\a20260922-01\iso\red-tree\companies_list.txt","42","unverified","Exact code/ticker or normalized text dedupe only; not imported or scanned."
"RAW:东珠生态","unspecified","","东珠生态","东珠生态","company-wiki\companies_list.txt | Research\config\pending_list.txt | revenue-forecast\.planning\2026-09-19-three-project-history-audit\execution_runs\I-14-F-R1\a20260922-01\iso\red-tree\companies_list.txt","43","unverified","Exact code/ticker or normalized text dedupe only; not imported or scanned."
"RAW:东睦股份","unspecified","","东睦股份","东睦股份","company-wiki\companies_list.txt | Research\config\pending_list.txt | revenue-forecast\.planning\2026-09-19-three-project-history-audit\execution_runs\I-14-F-R1\a20260922-01\iso\red-tree\companies_list.txt","43","unverified","Exact code/ticker or normalized text dedupe only; not imported or scanned."
"RAW:东鹏饮料","unspecified","","东鹏饮料","东鹏饮料","Research\config\pending_list.txt","1","unverified","Exact code/ticker or normalized text dedupe only; not imported or scanned."
"RAW:中信建投","unspecified","","中信建投","中信建投","company-wiki\companies_list.txt | revenue-forecast\.planning\2026-09-19-three-project-history-audit\execution_runs\I-14-F-R1\a20260922-01\iso\red-tree\companies_list.txt","42","unverified","Exact code/ticker or normalized text dedupe only; not imported or scanned."
"RAW:中国巨石","unspecified","","中国巨石","中国巨石","company-wiki\companies_list.txt | revenue-forecast\.planning\2026-09-19-three-project-history-audit\execution_runs\I-14-F-R1\a20260922-01\iso\red-tree\companies_list.txt","42","unverified","Exact code/ticker or normalized text dedupe only; not imported or scanned."
"RAW:中国平安","unspecified","","中国平安","中国平安","company-wiki\companies_list.txt | revenue-forecast\.planning\2026-09-19-three-project-history-audit\execution_runs\I-14-F-R1\a20260922-01\iso\red-tree\companies_list.txt","42","unverified","Exact code/ticker or normalized text dedupe only; not imported or scanned."
"RAW:中国生物制药","unspecified","","中国生物制药","中国生物制药","company-wiki\companies_list.txt | revenue-forecast\.planning\2026-09-19-three-project-history-audit\execution_runs\I-14-F-R1\a20260922-01\iso\red-tree\companies_list.txt","42","unverified","Exact code/ticker or normalized text dedupe only; not imported or scanned."
"RAW:中大力德","unspecified","","中大力德","中大力德","company-wiki\companies_list.txt | Research\config\pending_list.txt | revenue-forecast\.planning\2026-09-19-three-project-history-audit\execution_runs\I-14-F-R1\a20260922-01\iso\red-tree\companies_list.txt","43","unverified","Exact code/ticker or normalized text dedupe only; not imported or scanned."
"RAW:中孚信息","unspecified","","中孚信息","中孚信息","Research\config\pending_list.txt","1","unverified","Exact code/ticker or normalized text dedupe only; not imported or scanned."
"RAW:中密控股","unspecified","","中密控股","中密控股","company-wiki\companies_list.txt | Research\config\pending_list.txt | revenue-forecast\.planning\2026-09-19-three-project-history-audit\execution_runs\I-14-F-R1\a20260922-01\iso\red-tree\companies_list.txt","43","unverified","Exact code/ticker or normalized text dedupe only; not imported or scanned."
"RAW:中微公司","unspecified","","中微公司","中微公司","company-wiki\companies_list.txt | Research\config\pending_list.txt | revenue-forecast\.planning\2026-09-19-three-project-history-audit\execution_runs\I-14-F-R1\a20260922-01\iso\red-tree\companies_list.txt","43","unverified","Exact code/ticker or normalized text dedupe only; not imported or scanned."
"RAW:中望软件","unspecified","","中望软件","中望软件","company-wiki\companies_list.txt | revenue-forecast\.planning\2026-09-19-three-project-history-audit\execution_runs\I-14-F-R1\a20260922-01\iso\red-tree\companies_list.txt","42","unverified","Exact code/ticker or normalized text dedupe only; not imported or scanned."
"RAW:中直股份","unspecified","","中直股份","中直股份","company-wiki\companies_list.txt | revenue-forecast\.planning\2026-09-19-three-project-history-audit\execution_runs\I-14-F-R1\a20260922-01\iso\red-tree\companies_list.txt","42","unverified","Exact code/ticker or normalized text dedupe only; not imported or scanned."
"RAW:中科曙光","unspecified","","中科曙光","中科曙光","company-wiki\companies_list.txt | revenue-forecast\.planning\2026-09-19-three-project-history-audit\execution_runs\I-14-F-R1\a20260922-01\iso\red-tree\companies_list.txt","42","unverified","Exact code/ticker or normalized text dedupe only; not imported or scanned."
"RAW:中航光电","unspecified","","中航光电","中航光电","company-wiki\companies_list.txt | Research\config\pending_list.txt | revenue-forecast\.planning\2026-09-19-three-project-history-audit\execution_runs\I-14-F-R1\a20260922-01\iso\red-tree\companies_list.txt","43","unverified","Exact code/ticker or normalized text dedupe only; not imported or scanned."
"RAW:中航机电","unspecified","","中航机电","中航机电","company-wiki\companies_list.txt | revenue-forecast\.planning\2026-09-19-three-project-history-audit\execution_runs\I-14-F-R1\a20260922-01\iso\red-tree\companies_list.txt","42","unverified","Exact code/ticker or normalized text dedupe only; not imported or scanned."
"RAW:中航沈飞","unspecified","","中航沈飞","中航沈飞","company-wiki\companies_list.txt | revenue-forecast\.planning\2026-09-19-three-project-history-audit\execution_runs\I-14-F-R1\a20260922-01\iso\red-tree\companies_list.txt","42","unverified","Exact code/ticker or normalized text dedupe only; not imported or scanned."
"RAW:中航电子","unspecified","","中航电子","中航电子","company-wiki\companies_list.txt | revenue-forecast\.planning\2026-09-19-three-project-history-audit\execution_runs\I-14-F-R1\a20260922-01\iso\red-tree\companies_list.txt","42","unverified","Exact code/ticker or normalized text dedupe only; not imported or scanned."
"RAW:中航电测","unspecified","","中航电测","中航电测","company-wiki\companies_list.txt | Research\config\pending_list.txt | revenue-forecast\.planning\2026-09-19-three-project-history-audit\execution_runs\I-14-F-R1\a20260922-01\iso\red-tree\companies_list.txt","43","unverified","Exact code/ticker or normalized text dedupe only; not imported or scanned."
"RAW:中航西飞","unspecified","","中航西飞","中航西飞","company-wiki\companies_list.txt | revenue-forecast\.planning\2026-09-19-three-project-history-audit\execution_runs\I-14-F-R1\a20260922-01\iso\red-tree\companies_list.txt","42","unverified","Exact code/ticker or normalized text dedupe only; not imported or scanned."
"RAW:中航重机","unspecified","","中航重机","中航重机","company-wiki\companies_list.txt | revenue-forecast\.planning\2026-09-19-three-project-history-audit\execution_runs\I-14-F-R1\a20260922-01\iso\red-tree\companies_list.txt","42","unverified","Exact code/ticker or normalized text dedupe only; not imported or scanned."
"RAW:中芯国际","unspecified","","中芯国际","中芯国际","company-wiki\companies_list.txt | revenue-forecast\.planning\2026-09-19-three-project-history-audit\execution_runs\I-14-F-R1\a20260922-01\iso\red-tree\companies_list.txt","42","unverified","Exact code/ticker or normalized text dedupe only; not imported or scanned."
"RAW:中际旭创","unspecified","","中际旭创","中际旭创","company-wiki\companies_list.txt | revenue-forecast\.planning\2026-09-19-three-project-history-audit\execution_runs\I-14-F-R1\a20260922-01\iso\red-tree\companies_list.txt","42","unverified","Exact code/ticker or normalized text dedupe only; not imported or scanned."
"RAW:中颖电子","unspecified","","中颖电子","中颖电子","company-wiki\companies_list.txt | Research\config\pending_list.txt | revenue-forecast\.planning\2026-09-19-three-project-history-audit\execution_runs\I-14-F-R1\a20260922-01\iso\red-tree\companies_list.txt","43","unverified","Exact code/ticker or normalized text dedupe only; not imported or scanned."
"RAW:丸美股份","unspecified","","丸美股份","丸美股份","company-wiki\companies_list.txt | revenue-forecast\.planning\2026-09-19-three-project-history-audit\execution_runs\I-14-F-R1\a20260922-01\iso\red-tree\companies_list.txt","42","unverified","Exact code/ticker or normalized text dedupe only; not imported or scanned."
"RAW:丽珠集团","unspecified","","丽珠集团","丽珠集团","Research\config\pending_list.txt","1","unverified","Exact code/ticker or normalized text dedupe only; not imported or scanned."
"RAW:久吾高科","unspecified","","久吾高科","久吾高科","company-wiki\companies_list.txt | Research\config\pending_list.txt | revenue-forecast\.planning\2026-09-19-three-project-history-audit\execution_runs\I-14-F-R1\a20260922-01\iso\red-tree\companies_list.txt","43","unverified","Exact code/ticker or normalized text dedupe only; not imported or scanned."
"RAW:久祺股份","unspecified","","久祺股份","久祺股份","Research\config\pending_list.txt","1","unverified","Exact code/ticker or normalized text dedupe only; not imported or scanned."
"RAW:九典制药","unspecified","","九典制药","九典制药","Research\config\pending_list.txt","1","unverified","Exact code/ticker or normalized text dedupe only; not imported or scanned."
"RAW:九安医疗","unspecified","","九安医疗","九安医疗","Research\config\pending_list.txt","1","unverified","Exact code/ticker or normalized text dedupe only; not imported or scanned."
"RAW:九强生物","unspecified","","九强生物","九强生物","Research\config\pending_list.txt","1","unverified","Exact code/ticker or normalized text dedupe only; not imported or scanned."
"RAW:五粮液","unspecified","","五粮液","五粮液","Research\config\pending_list.txt","1","unverified","Exact code/ticker or normalized text dedupe only; not imported or scanned."
"RAW:五芳斋","unspecified","","五芳斋","五芳斋","company-wiki\companies_list.txt | revenue-forecast\.planning\2026-09-19-three-project-history-audit\execution_runs\I-14-F-R1\a20260922-01\iso\red-tree\companies_list.txt","42","unverified","Exact code/ticker or normalized text dedupe only; not imported or scanned."
"RAW:亚联机械","unspecified","","亚联机械","亚联机械","Research\config\pending_list.txt","1","unverified","Exact code/ticker or normalized text dedupe only; not imported or scanned."
"RAW:交大思诺","unspecified","","交大思诺","交大思诺","Research\config\pending_list.txt","1","unverified","Exact code/ticker or normalized text dedupe only; not imported or scanned."
"RAW:亨通光电","unspecified","","亨通光电","亨通光电","Research\config\pending_list.txt","1","unverified","Exact code/ticker or normalized text dedupe only; not imported or scanned."
"RAW:京东","unspecified","","京东","京东","company-wiki\companies_list.txt | revenue-forecast\.planning\2026-09-19-three-project-history-audit\execution_runs\I-14-F-R1\a20260922-01\iso\red-tree\companies_list.txt","42","unverified","Exact code/ticker or normalized text dedupe only; not imported or scanned."
"RAW:京东方","unspecified","","京东方","京东方","company-wiki\companies_list.txt | Research\config\pending_list.txt | revenue-forecast\.planning\2026-09-19-three-project-history-audit\execution_runs\I-14-F-R1\a20260922-01\iso\red-tree\companies_list.txt","43","unverified","Exact code/ticker or normalized text dedupe only; not imported or scanned."
"RAW:京沪高铁","unspecified","","京沪高铁","京沪高铁","Research\config\pending_list.txt","1","unverified","Exact code/ticker or normalized text dedupe only; not imported or scanned."
"RAW:亿华通","unspecified","","亿华通","亿华通","company-wiki\companies_list.txt | revenue-forecast\.planning\2026-09-19-three-project-history-audit\execution_runs\I-14-F-R1\a20260922-01\iso\red-tree\companies_list.txt","42","unverified","Exact code/ticker or normalized text dedupe only; not imported or scanned."
"RAW:亿联网络","unspecified","","亿联网络","亿联网络","Research\config\pending_list.txt","1","unverified","Exact code/ticker or normalized text dedupe only; not imported or scanned."
"RAW:今世缘","unspecified","","今世缘","今世缘","Research\config\pending_list.txt","1","unverified","Exact code/ticker or normalized text dedupe only; not imported or scanned."
"RAW:仙琚制药","unspecified","","仙琚制药","仙琚制药","Research\config\pending_list.txt","1","unverified","Exact code/ticker or normalized text dedupe only; not imported or scanned."
"RAW:伊利股份","unspecified","","伊利股份","伊利股份","company-wiki\companies_list.txt | revenue-forecast\.planning\2026-09-19-three-project-history-audit\execution_runs\I-14-F-R1\a20260922-01\iso\red-tree\companies_list.txt","42","unverified","Exact code/ticker or normalized text dedupe only; not imported or scanned."
"RAW:优利德","unspecified","","优利德","优利德","company-wiki\companies_list.txt | revenue-forecast\.planning\2026-09-19-three-project-history-audit\execution_runs\I-14-F-R1\a20260922-01\iso\red-tree\companies_list.txt","42","unverified","Exact code/ticker or normalized text dedupe only; not imported or scanned."
"RAW:伟明环保","unspecified","","伟明环保","伟明环保","Research\config\pending_list.txt","1","unverified","Exact code/ticker or normalized text dedupe only; not imported or scanned."
"RAW:伟星新材","unspecified","","伟星新材","伟星新材","company-wiki\companies_list.txt | Research\config\pending_list.txt | revenue-forecast\.planning\2026-09-19-three-project-history-audit\execution_runs\I-14-F-R1\a20260922-01\iso\red-tree\companies_list.txt","43","unverified","Exact code/ticker or normalized text dedupe only; not imported or scanned."
"RAW:佳发教育","unspecified","","佳发教育","佳发教育","Research\config\pending_list.txt","1","unverified","Exact code/ticker or normalized text dedupe only; not imported or scanned."
"RAW:信立泰","unspecified","","信立泰","信立泰","Research\config\pending_list.txt","1","unverified","Exact code/ticker or normalized text dedupe only; not imported or scanned."
"RAW:信达生物","unspecified","","信达生物","信达生物","company-wiki\companies_list.txt | revenue-forecast\.planning\2026-09-19-three-project-history-audit\execution_runs\I-14-F-R1\a20260922-01\iso\red-tree\companies_list.txt","42","unverified","Exact code/ticker or normalized text dedupe only; not imported or scanned."
"RAW:值得买","unspecified","","值得买","值得买","Research\config\pending_list.txt","1","unverified","Exact code/ticker or normalized text dedupe only; not imported or scanned."
"RAW:元祖股份","unspecified","","元祖股份","元祖股份","company-wiki\companies_list.txt | revenue-forecast\.planning\2026-09-19-three-project-history-audit\execution_runs\I-14-F-R1\a20260922-01\iso\red-tree\companies_list.txt","42","unverified","Exact code/ticker or normalized text dedupe only; not imported or scanned."
"RAW:兆易创新","unspecified","","兆易创新","兆易创新","company-wiki\companies_list.txt | revenue-forecast\.planning\2026-09-19-three-project-history-audit\execution_runs\I-14-F-R1\a20260922-01\iso\red-tree\companies_list.txt","42","unverified","Exact code/ticker or normalized text dedupe only; not imported or scanned."
"RAW:光明乳业","unspecified","","光明乳业","光明乳业","company-wiki\companies_list.txt | revenue-forecast\.planning\2026-09-19-three-project-history-audit\execution_runs\I-14-F-R1\a20260922-01\iso\red-tree\companies_list.txt","42","unverified","Exact code/ticker or normalized text dedupe only; not imported or scanned."
"RAW:光线传媒","unspecified","","光线传媒","光线传媒","company-wiki\companies_list.txt | revenue-forecast\.planning\2026-09-19-three-project-history-audit\execution_runs\I-14-F-R1\a20260922-01\iso\red-tree\companies_list.txt","42","unverified","Exact code/ticker or normalized text dedupe only; not imported or scanned."
"RAW:光迅科技","unspecified","","光迅科技","光迅科技","company-wiki\companies_list.txt | revenue-forecast\.planning\2026-09-19-three-project-history-audit\execution_runs\I-14-F-R1\a20260922-01\iso\red-tree\companies_list.txt","42","unverified","Exact code/ticker or normalized text dedupe only; not imported or scanned."
"RAW:八方股份","unspecified","","八方股份","八方股份","company-wiki\companies_list.txt | revenue-forecast\.planning\2026-09-19-three-project-history-audit\execution_runs\I-14-F-R1\a20260922-01\iso\red-tree\companies_list.txt","42","unverified","Exact code/ticker or normalized text dedupe only; not imported or scanned."
"RAW:公牛集团","unspecified","","公牛集团","公牛集团","Research\config\pending_list.txt","1","unverified","Exact code/ticker or normalized text dedupe only; not imported or scanned."
"RAW:共创草坪","unspecified","","共创草坪","共创草坪","company-wiki\companies_list.txt | Research\config\pending_list.txt | revenue-forecast\.planning\2026-09-19-three-project-history-audit\execution_runs\I-14-F-R1\a20260922-01\iso\red-tree\companies_list.txt","43","unverified","Exact code/ticker or normalized text dedupe only; not imported or scanned."
"RAW:养元饮品","unspecified","","养元饮品","养元饮品","company-wiki\companies_list.txt | revenue-forecast\.planning\2026-09-19-three-project-history-audit\execution_runs\I-14-F-R1\a20260922-01\iso\red-tree\companies_list.txt","42","unverified","Exact code/ticker or normalized text dedupe only; not imported or scanned."
"RAW:凌霄泵业","unspecified","","凌霄泵业","凌霄泵业","Research\config\pending_list.txt","1","unverified","Exact code/ticker or normalized text dedupe only; not imported or scanned."
"RAW:凯莱英","unspecified","","凯莱英","凯莱英","Research\config\pending_list.txt","1","unverified","Exact code/ticker or normalized text dedupe only; not imported or scanned."
"RAW:凯赛生物","unspecified","","凯赛生物","凯赛生物","company-wiki\companies_list.txt | revenue-forecast\.planning\2026-09-19-three-project-history-audit\execution_runs\I-14-F-R1\a20260922-01\iso\red-tree\companies_list.txt","42","unverified","Exact code/ticker or normalized text dedupe only; not imported or scanned."
"RAW:分众传媒","unspecified","","分众传媒","分众传媒","company-wiki\companies_list.txt | Research\config\pending_list.txt | revenue-forecast\.planning\2026-09-19-three-project-history-audit\execution_runs\I-14-F-R1\a20260922-01\iso\red-tree\companies_list.txt","43","unverified","Exact code/ticker or normalized text dedupe only; not imported or scanned."
"RAW:北新建材","unspecified","","北新建材","北新建材","company-wiki\companies_list.txt | Research\config\pending_list.txt | revenue-forecast\.planning\2026-09-19-three-project-history-audit\execution_runs\I-14-F-R1\a20260922-01\iso\red-tree\companies_list.txt","43","unverified","Exact code/ticker or normalized text dedupe only; not imported or scanned."
"RAW:北方华创","unspecified","","北方华创","北方华创","company-wiki\companies_list.txt | revenue-forecast\.planning\2026-09-19-three-project-history-audit\execution_runs\I-14-F-R1\a20260922-01\iso\red-tree\companies_list.txt","42","unverified","Exact code/ticker or normalized text dedupe only; not imported or scanned."
"RAW:北陆药业","unspecified","","北陆药业","北陆药业","Research\config\pending_list.txt","1","unverified","Exact code/ticker or normalized text dedupe only; not imported or scanned."
"RAW:十论“复苏牛”","unspecified","","十论“复苏牛”","十论“复苏牛”","company-wiki\companies_list.txt | revenue-forecast\.planning\2026-09-19-three-project-history-audit\execution_runs\I-14-F-R1\a20260922-01\iso\red-tree\companies_list.txt","42","unverified","Exact code/ticker or normalized text dedupe only; not imported or scanned."
"RAW:华住酒店","unspecified","","华住酒店","华住酒店","company-wiki\companies_list.txt | revenue-forecast\.planning\2026-09-19-three-project-history-audit\execution_runs\I-14-F-R1\a20260922-01\iso\red-tree\companies_list.txt","42","unverified","Exact code/ticker or normalized text dedupe only; not imported or scanned."
"RAW:华利集团","unspecified","","华利集团","华利集团","company-wiki\companies_list.txt | Research\config\pending_list.txt | revenue-forecast\.planning\2026-09-19-three-project-history-audit\execution_runs\I-14-F-R1\a20260922-01\iso\red-tree\companies_list.txt","43","unverified","Exact code/ticker or normalized text dedupe only; not imported or scanned."
"RAW:华卓精科","unspecified","","华卓精科","华卓精科","company-wiki\companies_list.txt | revenue-forecast\.planning\2026-09-19-three-project-history-audit\execution_runs\I-14-F-R1\a20260922-01\iso\red-tree\companies_list.txt","42","unverified","Exact code/ticker or normalized text dedupe only; not imported or scanned."
"RAW:华大九天","unspecified","","华大九天","华大九天","company-wiki\companies_list.txt | revenue-forecast\.planning\2026-09-19-three-project-history-audit\execution_runs\I-14-F-R1\a20260922-01\iso\red-tree\companies_list.txt","42","unverified","Exact code/ticker or normalized text dedupe only; not imported or scanned."
"RAW:华宝股份","unspecified","","华宝股份","华宝股份","Research\config\pending_list.txt","1","unverified","Exact code/ticker or normalized text dedupe only; not imported or scanned."
"RAW:华帝股份","unspecified","","华帝股份","华帝股份","Research\config\pending_list.txt","1","unverified","Exact code/ticker or normalized text dedupe only; not imported or scanned."
"RAW:华测导航","unspecified","","华测导航","华测导航","Research\config\pending_list.txt","1","unverified","Exact code/ticker or normalized text dedupe only; not imported or scanned."
"RAW:华海清科","unspecified","","华海清科","华海清科","company-wiki\companies_list.txt | revenue-forecast\.planning\2026-09-19-three-project-history-audit\execution_runs\I-14-F-R1\a20260922-01\iso\red-tree\companies_list.txt","42","unverified","Exact code/ticker or normalized text dedupe only; not imported or scanned."
"RAW:华特气体","unspecified","","华特气体","华特气体","company-wiki\companies_list.txt | revenue-forecast\.planning\2026-09-19-three-project-history-audit\execution_runs\I-14-F-R1\a20260922-01\iso\red-tree\companies_list.txt","42","unverified","Exact code/ticker or normalized text dedupe only; not imported or scanned."
"RAW:华特达因","unspecified","","华特达因","华特达因","Research\config\pending_list.txt","1","unverified","Exact code/ticker or normalized text dedupe only; not imported or scanned."
"RAW:华荣股份","unspecified","","华荣股份","华荣股份","Research\config\pending_list.txt","1","unverified","Exact code/ticker or normalized text dedupe only; not imported or scanned."
"RAW:华虹半导体","unspecified","","华虹半导体","华虹半导体","company-wiki\companies_list.txt | revenue-forecast\.planning\2026-09-19-three-project-history-audit\execution_runs\I-14-F-R1\a20260922-01\iso\red-tree\companies_list.txt","42","unverified","Exact code/ticker or normalized text dedupe only; not imported or scanned."
"RAW:华铁应急","unspecified","","华铁应急","华铁应急","company-wiki\companies_list.txt | revenue-forecast\.planning\2026-09-19-three-project-history-audit\execution_runs\I-14-F-R1\a20260922-01\iso\red-tree\companies_list.txt","42","unverified","Exact code/ticker or normalized text dedupe only; not imported or scanned."
"RAW:华锐精密","unspecified","","华锐精密","华锐精密","company-wiki\companies_list.txt | revenue-forecast\.planning\2026-09-19-three-project-history-audit\execution_runs\I-14-F-R1\a20260922-01\iso\red-tree\companies_list.txt","42","unverified","Exact code/ticker or normalized text dedupe only; not imported or scanned."
"RAW:卓胜微","unspecified","","卓胜微","卓胜微","company-wiki\companies_list.txt | revenue-forecast\.planning\2026-09-19-three-project-history-audit\execution_runs\I-14-F-R1\a20260922-01\iso\red-tree\companies_list.txt","42","unverified","Exact code/ticker or normalized text dedupe only; not imported or scanned."
"RAW:南大光电","unspecified","","南大光电","南大光电","company-wiki\companies_list.txt | revenue-forecast\.planning\2026-09-19-three-project-history-audit\execution_runs\I-14-F-R1\a20260922-01\iso\red-tree\companies_list.txt","42","unverified","Exact code/ticker or normalized text dedupe only; not imported or scanned."
"RAW:博威合金","unspecified","","博威合金","博威合金","company-wiki\companies_list.txt | revenue-forecast\.planning\2026-09-19-three-project-history-audit\execution_runs\I-14-F-R1\a20260922-01\iso\red-tree\companies_list.txt","42","unverified","Exact code/ticker or normalized text dedupe only; not imported or scanned."
"RAW:双环传动","unspecified","","双环传动","双环传动","company-wiki\companies_list.txt | revenue-forecast\.planning\2026-09-19-three-project-history-audit\execution_runs\I-14-F-R1\a20260922-01\iso\red-tree\companies_list.txt","42","unverified","Exact code/ticker or normalized text dedupe only; not imported or scanned."
"RAW:古井贡酒","unspecified","","古井贡酒","古井贡酒","company-wiki\companies_list.txt | Research\config\pending_list.txt | revenue-forecast\.planning\2026-09-19-three-project-history-audit\execution_runs\I-14-F-R1\a20260922-01\iso\red-tree\companies_list.txt","43","unverified","Exact code/ticker or normalized text dedupe only; not imported or scanned."
"RAW:台积电","unspecified","","台积电","台积电","company-wiki\companies_list.txt | revenue-forecast\.planning\2026-09-19-three-project-history-audit\execution_runs\I-14-F-R1\a20260922-01\iso\red-tree\companies_list.txt","42","unverified","Exact code/ticker or normalized text dedupe only; not imported or scanned."
"RAW:吉比特","unspecified","","吉比特","吉比特","company-wiki\companies_list.txt | Research\config\pending_list.txt | revenue-forecast\.planning\2026-09-19-three-project-history-audit\execution_runs\I-14-F-R1\a20260922-01\iso\red-tree\companies_list.txt","43","unverified","Exact code/ticker or normalized text dedupe only; not imported or scanned."
"RAW:周大生","unspecified","","周大生","周大生","company-wiki\companies_list.txt | Research\config\pending_list.txt | revenue-forecast\.planning\2026-09-19-three-project-history-audit\execution_runs\I-14-F-R1\a20260922-01\iso\red-tree\companies_list.txt","43","unverified","Exact code/ticker or normalized text dedupe only; not imported or scanned."
"RAW:品茗科技","unspecified","","品茗科技","品茗科技","Research\config\pending_list.txt","1","unverified","Exact code/ticker or normalized text dedupe only; not imported or scanned."
"RAW:哔哩哔哩","unspecified","","哔哩哔哩","哔哩哔哩","company-wiki\companies_list.txt | revenue-forecast\.planning\2026-09-19-three-project-history-audit\execution_runs\I-14-F-R1\a20260922-01\iso\red-tree\companies_list.txt","42","unverified","Exact code/ticker or normalized text dedupe only; not imported or scanned."
"RAW:商汤科技","unspecified","","商汤科技","商汤科技","company-wiki\companies_list.txt | revenue-forecast\.planning\2026-09-19-three-project-history-audit\execution_runs\I-14-F-R1\a20260922-01\iso\red-tree\companies_list.txt","42","unverified","Exact code/ticker or normalized text dedupe only; not imported or scanned."
"RAW:嘉益股份","unspecified","","嘉益股份","嘉益股份","Research\config\pending_list.txt","1","unverified","Exact code/ticker or normalized text dedupe only; not imported or scanned."
"RAW:国恩股份","unspecified","","国恩股份","国恩股份","company-wiki\companies_list.txt | revenue-forecast\.planning\2026-09-19-three-project-history-audit\execution_runs\I-14-F-R1\a20260922-01\iso\red-tree\companies_list.txt","42","unverified","Exact code/ticker or normalized text dedupe only; not imported or scanned."
"RAW:国检集团","unspecified","","国检集团","国检集团","company-wiki\companies_list.txt | revenue-forecast\.planning\2026-09-19-three-project-history-audit\execution_runs\I-14-F-R1\a20260922-01\iso\red-tree\companies_list.txt","42","unverified","Exact code/ticker or normalized text dedupe only; not imported or scanned."
"RAW:圣邦股份","unspecified","","圣邦股份","圣邦股份","Research\config\pending_list.txt","1","unverified","Exact code/ticker or normalized text dedupe only; not imported or scanned."
"RAW:地素时尚","unspecified","","地素时尚","地素时尚","company-wiki\companies_list.txt | revenue-forecast\.planning\2026-09-19-three-project-history-audit\execution_runs\I-14-F-R1\a20260922-01\iso\red-tree\companies_list.txt","42","unverified","Exact code/ticker or normalized text dedupe only; not imported or scanned."
"RAW:地铁设计","unspecified","","地铁设计","地铁设计","Research\config\pending_list.txt","1","unverified","Exact code/ticker or normalized text dedupe only; not imported or scanned."
"RAW:坤彩科技","unspecified","","坤彩科技","坤彩科技","company-wiki\companies_list.txt | Research\config\pending_list.txt | revenue-forecast\.planning\2026-09-19-three-project-history-audit\execution_runs\I-14-F-R1\a20260922-01\iso\red-tree\companies_list.txt","43","unverified","Exact code/ticker or normalized text dedupe only; not imported or scanned."
"RAW:埃斯顿","unspecified","","埃斯顿","埃斯顿","company-wiki\companies_list.txt | revenue-forecast\.planning\2026-09-19-three-project-history-audit\execution_runs\I-14-F-R1\a20260922-01\iso\red-tree\companies_list.txt","42","unverified","Exact code/ticker or normalized text dedupe only; not imported or scanned."
"RAW:基蛋生物","unspecified","","基蛋生物","基蛋生物","Research\config\pending_list.txt","1","unverified","Exact code/ticker or normalized text dedupe only; not imported or scanned."
"RAW:大全能源","unspecified","","大全能源","大全能源","company-wiki\companies_list.txt | revenue-forecast\.planning\2026-09-19-three-project-history-audit\execution_runs\I-14-F-R1\a20260922-01\iso\red-tree\companies_list.txt","42","unverified","Exact code/ticker or normalized text dedupe only; not imported or scanned."
"RAW:大族激光","unspecified","","大族激光","大族激光","Research\config\pending_list.txt","1","unverified","Exact code/ticker or normalized text dedupe only; not imported or scanned."
"RAW:大豪科技","unspecified","","大豪科技","大豪科技","Research\config\pending_list.txt","1","unverified","Exact code/ticker or normalized text dedupe only; not imported or scanned."
"RAW:天孚通信","unspecified","","天孚通信","天孚通信","company-wiki\companies_list.txt | Research\config\pending_list.txt | revenue-forecast\.planning\2026-09-19-three-project-history-audit\execution_runs\I-14-F-R1\a20260922-01\iso\red-tree\companies_list.txt","43","unverified","Exact code/ticker or normalized text dedupe only; not imported or scanned."
"RAW:天宜上佳","unspecified","","天宜上佳","天宜上佳","company-wiki\companies_list.txt | revenue-forecast\.planning\2026-09-19-three-project-history-audit\execution_runs\I-14-F-R1\a20260922-01\iso\red-tree\companies_list.txt","42","unverified","Exact code/ticker or normalized text dedupe only; not imported or scanned."
"RAW:天宜新材","unspecified","","天宜新材","天宜新材","Research\config\pending_list.txt","1","unverified","Exact code/ticker or normalized text dedupe only; not imported or scanned."
"RAW:天新药业","unspecified","","天新药业","天新药业","company-wiki\companies_list.txt | Research\config\pending_list.txt | revenue-forecast\.planning\2026-09-19-three-project-history-audit\execution_runs\I-14-F-R1\a20260922-01\iso\red-tree\companies_list.txt","43","unverified","Exact code/ticker or normalized text dedupe only; not imported or scanned."
"RAW:天箭科技","unspecified","","天箭科技","天箭科技","company-wiki\companies_list.txt | Research\config\pending_list.txt | revenue-forecast\.planning\2026-09-19-three-project-history-audit\execution_runs\I-14-F-R1\a20260922-01\iso\red-tree\companies_list.txt","43","unverified","Exact code/ticker or normalized text dedupe only; not imported or scanned."
"RAW:天马股份","unspecified","","天马股份","天马股份","company-wiki\companies_list.txt | revenue-forecast\.planning\2026-09-19-three-project-history-audit\execution_runs\I-14-F-R1\a20260922-01\iso\red-tree\companies_list.txt","42","unverified","Exact code/ticker or normalized text dedupe only; not imported or scanned."
"RAW:太辰光","unspecified","","太辰光","太辰光","company-wiki\companies_list.txt | revenue-forecast\.planning\2026-09-19-three-project-history-audit\execution_runs\I-14-F-R1\a20260922-01\iso\red-tree\companies_list.txt","42","unverified","Exact code/ticker or normalized text dedupe only; not imported or scanned."
"RAW:奥普特","unspecified","","奥普特","奥普特","company-wiki\companies_list.txt | Research\config\pending_list.txt | revenue-forecast\.planning\2026-09-19-three-project-history-audit\execution_runs\I-14-F-R1\a20260922-01\iso\red-tree\companies_list.txt","43","unverified","Exact code/ticker or normalized text dedupe only; not imported or scanned."
"RAW:奥来德","unspecified","","奥来德","奥来德","company-wiki\companies_list.txt | revenue-forecast\.planning\2026-09-19-three-project-history-audit\execution_runs\I-14-F-R1\a20260922-01\iso\red-tree\companies_list.txt","42","unverified","Exact code/ticker or normalized text dedupe only; not imported or scanned."
"RAW:奥赛康","unspecified","","奥赛康","奥赛康","Research\config\pending_list.txt","1","unverified","Exact code/ticker or normalized text dedupe only; not imported or scanned."
"RAW:好未来","unspecified","","好未来","好未来","company-wiki\companies_list.txt | Research\config\pending_list.txt | revenue-forecast\.planning\2026-09-19-three-project-history-audit\execution_runs\I-14-F-R1\a20260922-01\iso\red-tree\companies_list.txt","43","unverified","Exact code/ticker or normalized text dedupe only; not imported or scanned."
"RAW:妙可蓝多","unspecified","","妙可蓝多","妙可蓝多","company-wiki\companies_list.txt | revenue-forecast\.planning\2026-09-19-three-project-history-audit\execution_runs\I-14-F-R1\a20260922-01\iso\red-tree\companies_list.txt","42","unverified","Exact code/ticker or normalized text dedupe only; not imported or scanned."
"RAW:字节跳动","unspecified","","字节跳动","字节跳动","company-wiki\companies_list.txt | revenue-forecast\.planning\2026-09-19-three-project-history-audit\execution_runs\I-14-F-R1\a20260922-01\iso\red-tree\companies_list.txt","42","unverified","Exact code/ticker or normalized text dedupe only; not imported or scanned."
"RAW:宁德时代","unspecified","","宁德时代","宁德时代","company-wiki\companies_list.txt | Research\config\pending_list.txt | revenue-forecast\.planning\2026-09-19-three-project-history-audit\execution_runs\I-14-F-R1\a20260922-01\iso\red-tree\companies_list.txt","43","unverified","Exact code/ticker or normalized text dedupe only; not imported or scanned."
"RAW:宁水集团","unspecified","","宁水集团","宁水集团","Research\config\pending_list.txt","1","unverified","Exact code/ticker or normalized text dedupe only; not imported or scanned."
"RAW:宁沪高速","unspecified","","宁沪高速","宁沪高速","Research\config\pending_list.txt","1","unverified","Exact code/ticker or normalized text dedupe only; not imported or scanned."
"RAW:安博通","unspecified","","安博通","安博通","company-wiki\companies_list.txt | Research\config\pending_list.txt | revenue-forecast\.planning\2026-09-19-three-project-history-audit\execution_runs\I-14-F-R1\a20260922-01\iso\red-tree\companies_list.txt","43","unverified","Exact code/ticker or normalized text dedupe only; not imported or scanned."
"RAW:安图生物","unspecified","","安图生物","安图生物","Research\config\pending_list.txt","1","unverified","Exact code/ticker or normalized text dedupe only; not imported or scanned."
"RAW:安宁股份","unspecified","","安宁股份","安宁股份","company-wiki\companies_list.txt | Research\config\pending_list.txt | revenue-forecast\.planning\2026-09-19-three-project-history-audit\execution_runs\I-14-F-R1\a20260922-01\iso\red-tree\companies_list.txt","43","unverified","Exact code/ticker or normalized text dedupe only; not imported or scanned."
"RAW:安杰思","unspecified","","安杰思","安杰思","company-wiki\companies_list.txt | Research\config\pending_list.txt | revenue-forecast\.planning\2026-09-19-three-project-history-audit\execution_runs\I-14-F-R1\a20260922-01\iso\red-tree\companies_list.txt","43","unverified","Exact code/ticker or normalized text dedupe only; not imported or scanned."
"RAW:安科瑞","unspecified","","安科瑞","安科瑞","Research\config\pending_list.txt","1","unverified","Exact code/ticker or normalized text dedupe only; not imported or scanned."
"RAW:安车检测","unspecified","","安车检测","安车检测","Research\config\pending_list.txt","1","unverified","Exact code/ticker or normalized text dedupe only; not imported or scanned."
"RAW:安集科技","unspecified","","安集科技","安集科技","company-wiki\companies_list.txt | Research\config\pending_list.txt | revenue-forecast\.planning\2026-09-19-three-project-history-audit\execution_runs\I-14-F-R1\a20260922-01\iso\red-tree\companies_list.txt","43","unverified","Exact code/ticker or normalized text dedupe only; not imported or scanned."
"RAW:宋城演艺","unspecified","","宋城演艺","宋城演艺","company-wiki\companies_list.txt | revenue-forecast\.planning\2026-09-19-three-project-history-audit\execution_runs\I-14-F-R1\a20260922-01\iso\red-tree\companies_list.txt","42","unverified","Exact code/ticker or normalized text dedupe only; not imported or scanned."
"RAW:完美世界","unspecified","","完美世界","完美世界","company-wiki\companies_list.txt | revenue-forecast\.planning\2026-09-19-three-project-history-audit\execution_runs\I-14-F-R1\a20260922-01\iso\red-tree\companies_list.txt","42","unverified","Exact code/ticker or normalized text dedupe only; not imported or scanned."
"RAW:密尔克卫","unspecified","","密尔克卫","密尔克卫","company-wiki\companies_list.txt | Research\config\pending_list.txt | revenue-forecast\.planning\2026-09-19-three-project-history-audit\execution_runs\I-14-F-R1\a20260922-01\iso\red-tree\companies_list.txt","43","unverified","Exact code/ticker or normalized text dedupe only; not imported or scanned."
"RAW:富安娜","unspecified","","富安娜","富安娜","Research\config\pending_list.txt","1","unverified","Exact code/ticker or normalized text dedupe only; not imported or scanned."
"RAW:富森美","unspecified","","富森美","富森美","company-wiki\companies_list.txt | revenue-forecast\.planning\2026-09-19-three-project-history-audit\execution_runs\I-14-F-R1\a20260922-01\iso\red-tree\companies_list.txt","42","unverified","Exact code/ticker or normalized text dedupe only; not imported or scanned."
"RAW:富祥药业","unspecified","","富祥药业","富祥药业","Research\config\pending_list.txt","1","unverified","Exact code/ticker or normalized text dedupe only; not imported or scanned."
"RAW:寒武纪","unspecified","","寒武纪","寒武纪","company-wiki\companies_list.txt | revenue-forecast\.planning\2026-09-19-three-project-history-audit\execution_runs\I-14-F-R1\a20260922-01\iso\red-tree\companies_list.txt","42","unverified","Exact code/ticker or normalized text dedupe only; not imported or scanned."
"RAW:小米集团","unspecified","","小米集团","小米集团","company-wiki\companies_list.txt | revenue-forecast\.planning\2026-09-19-three-project-history-audit\execution_runs\I-14-F-R1\a20260922-01\iso\red-tree\companies_list.txt","42","unverified","Exact code/ticker or normalized text dedupe only; not imported or scanned."
"RAW:尚品宅配","unspecified","","尚品宅配","尚品宅配","company-wiki\companies_list.txt | revenue-forecast\.planning\2026-09-19-three-project-history-audit\execution_runs\I-14-F-R1\a20260922-01\iso\red-tree\companies_list.txt","42","unverified","Exact code/ticker or normalized text dedupe only; not imported or scanned."
"RAW:山石网科","unspecified","","山石网科","山石网科","company-wiki\companies_list.txt | Research\config\pending_list.txt | revenue-forecast\.planning\2026-09-19-three-project-history-audit\execution_runs\I-14-F-R1\a20260922-01\iso\red-tree\companies_list.txt","43","unverified","Exact code/ticker or normalized text dedupe only; not imported or scanned."
"RAW:山西汾酒","unspecified","","山西汾酒","山西汾酒","Research\config\pending_list.txt","1","unverified","Exact code/ticker or normalized text dedupe only; not imported or scanned."
"RAW:工业富联","unspecified","","工业富联","工业富联","company-wiki\companies_list.txt | revenue-forecast\.planning\2026-09-19-three-project-history-audit\execution_runs\I-14-F-R1\a20260922-01\iso\red-tree\companies_list.txt","42","unverified","Exact code/ticker or normalized text dedupe only; not imported or scanned."
"RAW:广州酒家","unspecified","","广州酒家","广州酒家","company-wiki\companies_list.txt | revenue-forecast\.planning\2026-09-19-three-project-history-audit\execution_runs\I-14-F-R1\a20260922-01\iso\red-tree\companies_list.txt","42","unverified","Exact code/ticker or normalized text dedupe only; not imported or scanned."
"RAW:广联达","unspecified","","广联达","广联达","company-wiki\companies_list.txt | Research\config\pending_list.txt | revenue-forecast\.planning\2026-09-19-three-project-history-audit\execution_runs\I-14-F-R1\a20260922-01\iso\red-tree\companies_list.txt","43","unverified","Exact code/ticker or normalized text dedupe only; not imported or scanned."
"RAW:康基医疗","unspecified","","康基医疗","康基医疗","company-wiki\companies_list.txt | revenue-forecast\.planning\2026-09-19-three-project-history-audit\execution_runs\I-14-F-R1\a20260922-01\iso\red-tree\companies_list.txt","42","unverified","Exact code/ticker or normalized text dedupe only; not imported or scanned."
"RAW:康拓医疗","unspecified","","康拓医疗","康拓医疗","company-wiki\companies_list.txt | Research\config\pending_list.txt | revenue-forecast\.planning\2026-09-19-three-project-history-audit\execution_runs\I-14-F-R1\a20260922-01\iso\red-tree\companies_list.txt","43","unverified","Exact code/ticker or normalized text dedupe only; not imported or scanned."
"RAW:开发科技","unspecified","","开发科技","开发科技","Research\config\pending_list.txt","1","unverified","Exact code/ticker or normalized text dedupe only; not imported or scanned."
"RAW:开润股份","unspecified","","开润股份","开润股份","company-wiki\companies_list.txt | revenue-forecast\.planning\2026-09-19-three-project-history-audit\execution_runs\I-14-F-R1\a20260922-01\iso\red-tree\companies_list.txt","42","unverified","Exact code/ticker or normalized text dedupe only; not imported or scanned."
"RAW:弘亚数控","unspecified","","弘亚数控","弘亚数控","company-wiki\companies_list.txt | Research\config\pending_list.txt | revenue-forecast\.planning\2026-09-19-three-project-history-audit\execution_runs\I-14-F-R1\a20260922-01\iso\red-tree\companies_list.txt","43","unverified","Exact code/ticker or normalized text dedupe only; not imported or scanned."
"RAW:微创医疗","unspecified","","微创医疗","微创医疗","company-wiki\companies_list.txt | revenue-forecast\.planning\2026-09-19-three-project-history-audit\execution_runs\I-14-F-R1\a20260922-01\iso\red-tree\companies_list.txt","42","unverified","Exact code/ticker or normalized text dedupe only; not imported or scanned."
"RAW:德林海","unspecified","","德林海","德林海","company-wiki\companies_list.txt | revenue-forecast\.planning\2026-09-19-three-project-history-audit\execution_runs\I-14-F-R1\a20260922-01\iso\red-tree\companies_list.txt","42","unverified","Exact code/ticker or normalized text dedupe only; not imported or scanned."
"RAW:德赛西威","unspecified","","德赛西威","德赛西威","company-wiki\companies_list.txt | Research\config\pending_list.txt | revenue-forecast\.planning\2026-09-19-three-project-history-audit\execution_runs\I-14-F-R1\a20260922-01\iso\red-tree\companies_list.txt","43","unverified","Exact code/ticker or normalized text dedupe only; not imported or scanned."
"RAW:心脉医疗","unspecified","","心脉医疗","心脉医疗","Research\config\pending_list.txt","1","unverified","Exact code/ticker or normalized text dedupe only; not imported or scanned."
"RAW:快克智能","unspecified","","快克智能","快克智能","Research\config\pending_list.txt","1","unverified","Exact code/ticker or normalized text dedupe only; not imported or scanned."
"RAW:快克股份","unspecified","","快克股份","快克股份","company-wiki\companies_list.txt | revenue-forecast\.planning\2026-09-19-three-project-history-audit\execution_runs\I-14-F-R1\a20260922-01\iso\red-tree\companies_list.txt","42","unverified","Exact code/ticker or normalized text dedupe only; not imported or scanned."
"RAW:快手","unspecified","","快手","快手","company-wiki\companies_list.txt | revenue-forecast\.planning\2026-09-19-three-project-history-audit\execution_runs\I-14-F-R1\a20260922-01\iso\red-tree\companies_list.txt","42","unverified","Exact code/ticker or normalized text dedupe only; not imported or scanned."
"RAW:恒锋工具","unspecified","","恒锋工具","恒锋工具","company-wiki\companies_list.txt | Research\config\pending_list.txt | revenue-forecast\.planning\2026-09-19-three-project-history-audit\execution_runs\I-14-F-R1\a20260922-01\iso\red-tree\companies_list.txt","43","unverified","Exact code/ticker or normalized text dedupe only; not imported or scanned."
"RAW:恩华药业","unspecified","","恩华药业","恩华药业","company-wiki\companies_list.txt | Research\config\pending_list.txt | revenue-forecast\.planning\2026-09-19-three-project-history-audit\execution_runs\I-14-F-R1\a20260922-01\iso\red-tree\companies_list.txt","43","unverified","Exact code/ticker or normalized text dedupe only; not imported or scanned."
"RAW:惠泰医疗","unspecified","","惠泰医疗","惠泰医疗","company-wiki\companies_list.txt | Research\config\pending_list.txt | revenue-forecast\.planning\2026-09-19-three-project-history-audit\execution_runs\I-14-F-R1\a20260922-01\iso\red-tree\companies_list.txt","43","unverified","Exact code/ticker or normalized text dedupe only; not imported or scanned."
"RAW:慕思股份","unspecified","","慕思股份","慕思股份","Research\config\pending_list.txt","1","unverified","Exact code/ticker or normalized text dedupe only; not imported or scanned."
"RAW:成都银行","unspecified","","成都银行","成都银行","Research\config\pending_list.txt","1","unverified","Exact code/ticker or normalized text dedupe only; not imported or scanned."
"RAW:承德露露","unspecified","","承德露露","承德露露","Research\config\pending_list.txt","1","unverified","Exact code/ticker or normalized text dedupe only; not imported or scanned."
"RAW:报喜鸟","unspecified","","报喜鸟","报喜鸟","Research\config\pending_list.txt","1","unverified","Exact code/ticker or normalized text dedupe only; not imported or scanned."
"RAW:拓尔思","unspecified","","拓尔思","拓尔思","company-wiki\companies_list.txt | revenue-forecast\.planning\2026-09-19-three-project-history-audit\execution_runs\I-14-F-R1\a20260922-01\iso\red-tree\companies_list.txt","42","unverified","Exact code/ticker or normalized text dedupe only; not imported or scanned."
"RAW:拓斯达","unspecified","","拓斯达","拓斯达","company-wiki\companies_list.txt | revenue-forecast\.planning\2026-09-19-three-project-history-audit\execution_runs\I-14-F-R1\a20260922-01\iso\red-tree\companies_list.txt","42","unverified","Exact code/ticker or normalized text dedupe only; not imported or scanned."
"RAW:拓荆科技","unspecified","","拓荆科技","拓荆科技","company-wiki\companies_list.txt | revenue-forecast\.planning\2026-09-19-three-project-history-audit\execution_runs\I-14-F-R1\a20260922-01\iso\red-tree\companies_list.txt","42","unverified","Exact code/ticker or normalized text dedupe only; not imported or scanned."
"RAW:拼多多","unspecified","","拼多多","拼多多","company-wiki\companies_list.txt | revenue-forecast\.planning\2026-09-19-three-project-history-audit\execution_runs\I-14-F-R1\a20260922-01\iso\red-tree\companies_list.txt","42","unverified","Exact code/ticker or normalized text dedupe only; not imported or scanned."
"RAW:新产业","unspecified","","新产业","新产业","company-wiki\companies_list.txt | Research\config\pending_list.txt | revenue-forecast\.planning\2026-09-19-three-project-history-audit\execution_runs\I-14-F-R1\a20260922-01\iso\red-tree\companies_list.txt","43","unverified","Exact code/ticker or normalized text dedupe only; not imported or scanned."
"RAW:新北洋","unspecified","","新北洋","新北洋","Research\config\pending_list.txt","1","unverified","Exact code/ticker or normalized text dedupe only; not imported or scanned."
"RAW:新华保险","unspecified","","新华保险","新华保险","company-wiki\companies_list.txt | Research\config\pending_list.txt | revenue-forecast\.planning\2026-09-19-three-project-history-audit\execution_runs\I-14-F-R1\a20260922-01\iso\red-tree\companies_list.txt","43","unverified","Exact code/ticker or normalized text dedupe only; not imported or scanned."
"RAW:新坐标","unspecified","","新坐标","新坐标","Research\config\pending_list.txt","1","unverified","Exact code/ticker or normalized text dedupe only; not imported or scanned."
"RAW:新媒股份","unspecified","","新媒股份","新媒股份","Research\config\pending_list.txt","1","unverified","Exact code/ticker or normalized text dedupe only; not imported or scanned."
"RAW:新易盛","unspecified","","新易盛","新易盛","company-wiki\companies_list.txt | revenue-forecast\.planning\2026-09-19-three-project-history-audit\execution_runs\I-14-F-R1\a20260922-01\iso\red-tree\companies_list.txt","42","unverified","Exact code/ticker or normalized text dedupe only; not imported or scanned."
"RAW:方大特钢","unspecified","","方大特钢","方大特钢","company-wiki\companies_list.txt | Research\config\pending_list.txt | revenue-forecast\.planning\2026-09-19-three-project-history-audit\execution_runs\I-14-F-R1\a20260922-01\iso\red-tree\companies_list.txt","43","unverified","Exact code/ticker or normalized text dedupe only; not imported or scanned."
"RAW:方邦股份","unspecified","","方邦股份","方邦股份","company-wiki\companies_list.txt | revenue-forecast\.planning\2026-09-19-three-project-history-audit\execution_runs\I-14-F-R1\a20260922-01\iso\red-tree\companies_list.txt","42","unverified","Exact code/ticker or normalized text dedupe only; not imported or scanned."
"RAW:时代天使","unspecified","","时代天使","时代天使","company-wiki\companies_list.txt | revenue-forecast\.planning\2026-09-19-three-project-history-audit\execution_runs\I-14-F-R1\a20260922-01\iso\red-tree\companies_list.txt","42","unverified","Exact code/ticker or normalized text dedupe only; not imported or scanned."
"RAW:时代新材","unspecified","","时代新材","时代新材","company-wiki\companies_list.txt | revenue-forecast\.planning\2026-09-19-three-project-history-audit\execution_runs\I-14-F-R1\a20260922-01\iso\red-tree\companies_list.txt","42","unverified","Exact code/ticker or normalized text dedupe only; not imported or scanned."
"RAW:时代电气","unspecified","","时代电气","时代电气","company-wiki\companies_list.txt | revenue-forecast\.planning\2026-09-19-three-project-history-audit\execution_runs\I-14-F-R1\a20260922-01\iso\red-tree\companies_list.txt","42","unverified","Exact code/ticker or normalized text dedupe only; not imported or scanned."
"RAW:明源云","unspecified","","明源云","明源云","company-wiki\companies_list.txt | revenue-forecast\.planning\2026-09-19-three-project-history-audit\execution_runs\I-14-F-R1\a20260922-01\iso\red-tree\companies_list.txt","42","unverified","Exact code/ticker or normalized text dedupe only; not imported or scanned."
"RAW:星网宇达","unspecified","","星网宇达","星网宇达","company-wiki\companies_list.txt | revenue-forecast\.planning\2026-09-19-three-project-history-audit\execution_runs\I-14-F-R1\a20260922-01\iso\red-tree\companies_list.txt","42","unverified","Exact code/ticker or normalized text dedupe only; not imported or scanned."
"RAW:春秋航空","unspecified","","春秋航空","春秋航空","company-wiki\companies_list.txt | revenue-forecast\.planning\2026-09-19-three-project-history-audit\execution_runs\I-14-F-R1\a20260922-01\iso\red-tree\companies_list.txt","42","unverified","Exact code/ticker or normalized text dedupe only; not imported or scanned."
"RAW:普门科技","unspecified","","普门科技","普门科技","company-wiki\companies_list.txt | Research\config\pending_list.txt | revenue-forecast\.planning\2026-09-19-three-project-history-audit\execution_runs\I-14-F-R1\a20260922-01\iso\red-tree\companies_list.txt","43","unverified","Exact code/ticker or normalized text dedupe only; not imported or scanned."
"RAW:景嘉微","unspecified","","景嘉微","景嘉微","company-wiki\companies_list.txt | revenue-forecast\.planning\2026-09-19-three-project-history-audit\execution_runs\I-14-F-R1\a20260922-01\iso\red-tree\companies_list.txt","42","unverified","Exact code/ticker or normalized text dedupe only; not imported or scanned."
"RAW:晶盛机电","unspecified","","晶盛机电","晶盛机电","Research\config\pending_list.txt","1","unverified","Exact code/ticker or normalized text dedupe only; not imported or scanned."
"RAW:曙光数创","unspecified","","曙光数创","曙光数创","company-wiki\companies_list.txt | revenue-forecast\.planning\2026-09-19-three-project-history-audit\execution_runs\I-14-F-R1\a20260922-01\iso\red-tree\companies_list.txt","42","unverified","Exact code/ticker or normalized text dedupe only; not imported or scanned."
"RAW:未知","unspecified","","未知","未知","company-wiki\companies_list.txt | revenue-forecast\.planning\2026-09-19-three-project-history-audit\execution_runs\I-14-F-R1\a20260922-01\iso\red-tree\companies_list.txt","42","unverified","Exact code/ticker or normalized text dedupe only; not imported or scanned."
"RAW:杭氧股份","unspecified","","杭氧股份","杭氧股份","company-wiki\companies_list.txt | revenue-forecast\.planning\2026-09-19-three-project-history-audit\execution_runs\I-14-F-R1\a20260922-01\iso\red-tree\companies_list.txt","42","unverified","Exact code/ticker or normalized text dedupe only; not imported or scanned."
"RAW:杰克科技","unspecified","","杰克科技","杰克科技","Research\config\pending_list.txt","1","unverified","Exact code/ticker or normalized text dedupe only; not imported or scanned."
"RAW:柏楚电子","unspecified","","柏楚电子","柏楚电子","Research\config\pending_list.txt","1","unverified","Exact code/ticker or normalized text dedupe only; not imported or scanned."
"RAW:格力电器","unspecified","","格力电器","格力电器","company-wiki\companies_list.txt | Research\config\pending_list.txt | revenue-forecast\.planning\2026-09-19-three-project-history-audit\execution_runs\I-14-F-R1\a20260922-01\iso\red-tree\companies_list.txt","43","unverified","Exact code/ticker or normalized text dedupe only; not imported or scanned."
"RAW:桃李面包","unspecified","","桃李面包","桃李面包","company-wiki\companies_list.txt | revenue-forecast\.planning\2026-09-19-three-project-history-audit\execution_runs\I-14-F-R1\a20260922-01\iso\red-tree\companies_list.txt","42","unverified","Exact code/ticker or normalized text dedupe only; not imported or scanned."
"RAW:梅花生物","unspecified","","梅花生物","梅花生物","Research\config\pending_list.txt","1","unverified","Exact code/ticker or normalized text dedupe only; not imported or scanned."
"RAW:梦百合","unspecified","","梦百合","梦百合","company-wiki\companies_list.txt | revenue-forecast\.planning\2026-09-19-three-project-history-audit\execution_runs\I-14-F-R1\a20260922-01\iso\red-tree\companies_list.txt","42","unverified","Exact code/ticker or normalized text dedupe only; not imported or scanned."
"RAW:森霸传感","unspecified","","森霸传感","森霸传感","Research\config\pending_list.txt","1","unverified","Exact code/ticker or normalized text dedupe only; not imported or scanned."
"RAW:概伦电子","unspecified","","概伦电子","概伦电子","company-wiki\companies_list.txt | revenue-forecast\.planning\2026-09-19-three-project-history-audit\execution_runs\I-14-F-R1\a20260922-01\iso\red-tree\companies_list.txt","42","unverified","Exact code/ticker or normalized text dedupe only; not imported or scanned."
"RAW:欧派家居","unspecified","","欧派家居","欧派家居","company-wiki\companies_list.txt | revenue-forecast\.planning\2026-09-19-three-project-history-audit\execution_runs\I-14-F-R1\a20260922-01\iso\red-tree\companies_list.txt","42","unverified","Exact code/ticker or normalized text dedupe only; not imported or scanned."
"RAW:欧科亿","unspecified","","欧科亿","欧科亿","company-wiki\companies_list.txt | revenue-forecast\.planning\2026-09-19-three-project-history-audit\execution_runs\I-14-F-R1\a20260922-01\iso\red-tree\companies_list.txt","42","unverified","Exact code/ticker or normalized text dedupe only; not imported or scanned."
"RAW:歌力思","unspecified","","歌力思","歌力思","company-wiki\companies_list.txt | revenue-forecast\.planning\2026-09-19-three-project-history-audit\execution_runs\I-14-F-R1\a20260922-01\iso\red-tree\companies_list.txt","42","unverified","Exact code/ticker or normalized text dedupe only; not imported or scanned."
"RAW:比音勒芬","unspecified","","比音勒芬","比音勒芬","Research\config\pending_list.txt","1","unverified","Exact code/ticker or normalized text dedupe only; not imported or scanned."
"RAW:江丰电子","unspecified","","江丰电子","江丰电子","company-wiki\companies_list.txt | revenue-forecast\.planning\2026-09-19-three-project-history-audit\execution_runs\I-14-F-R1\a20260922-01\iso\red-tree\companies_list.txt","42","unverified","Exact code/ticker or normalized text dedupe only; not imported or scanned."
"RAW:沃尔德","unspecified","","沃尔德","沃尔德","company-wiki\companies_list.txt | revenue-forecast\.planning\2026-09-19-three-project-history-audit\execution_runs\I-14-F-R1\a20260922-01\iso\red-tree\companies_list.txt","42","unverified","Exact code/ticker or normalized text dedupe only; not imported or scanned."
"RAW:沪硅产业","unspecified","","沪硅产业","沪硅产业","company-wiki\companies_list.txt | revenue-forecast\.planning\2026-09-19-three-project-history-audit\execution_runs\I-14-F-R1\a20260922-01\iso\red-tree\companies_list.txt","42","unverified","Exact code/ticker or normalized text dedupe only; not imported or scanned."
"RAW:法拉电子","unspecified","","法拉电子","法拉电子","Research\config\pending_list.txt","1","unverified","Exact code/ticker or normalized text dedupe only; not imported or scanned."
"RAW:泸州老窖","unspecified","","泸州老窖","泸州老窖","Research\config\pending_list.txt","1","unverified","Exact code/ticker or normalized text dedupe only; not imported or scanned."
"RAW:泽达易盛","unspecified","","泽达易盛","泽达易盛","company-wiki\companies_list.txt | revenue-forecast\.planning\2026-09-19-three-project-history-audit\execution_runs\I-14-F-R1\a20260922-01\iso\red-tree\companies_list.txt","42","unverified","Exact code/ticker or normalized text dedupe only; not imported or scanned."
"RAW:洁美科技","unspecified","","洁美科技","洁美科技","Research\config\pending_list.txt","1","unverified","Exact code/ticker or normalized text dedupe only; not imported or scanned."
"RAW:洋河股份","unspecified","","洋河股份","洋河股份","company-wiki\companies_list.txt | revenue-forecast\.planning\2026-09-19-three-project-history-audit\execution_runs\I-14-F-R1\a20260922-01\iso\red-tree\companies_list.txt","42","unverified","Exact code/ticker or normalized text dedupe only; not imported or scanned."
"RAW:洽洽食品","unspecified","","洽洽食品","洽洽食品","company-wiki\companies_list.txt | revenue-forecast\.planning\2026-09-19-three-project-history-audit\execution_runs\I-14-F-R1\a20260922-01\iso\red-tree\companies_list.txt","42","unverified","Exact code/ticker or normalized text dedupe only; not imported or scanned."
"RAW:派克新材","unspecified","","派克新材","派克新材","company-wiki\companies_list.txt | revenue-forecast\.planning\2026-09-19-three-project-history-audit\execution_runs\I-14-F-R1\a20260922-01\iso\red-tree\companies_list.txt","42","unverified","Exact code/ticker or normalized text dedupe only; not imported or scanned."
"RAW:济川药业","unspecified","","济川药业","济川药业","Research\config\pending_list.txt","1","unverified","Exact code/ticker or normalized text dedupe only; not imported or scanned."
"RAW:浙江鼎力","unspecified","","浙江鼎力","浙江鼎力","Research\config\pending_list.txt","1","unverified","Exact code/ticker or normalized text dedupe only; not imported or scanned."
"RAW:浪潮信息","unspecified","","浪潮信息","浪潮信息","company-wiki\companies_list.txt | revenue-forecast\.planning\2026-09-19-three-project-history-audit\execution_runs\I-14-F-R1\a20260922-01\iso\red-tree\companies_list.txt","42","unverified","Exact code/ticker or normalized text dedupe only; not imported or scanned."
"RAW:海光信息","unspecified","","海光信息","海光信息","company-wiki\companies_list.txt | revenue-forecast\.planning\2026-09-19-three-project-history-audit\execution_runs\I-14-F-R1\a20260922-01\iso\red-tree\companies_list.txt","42","unverified","Exact code/ticker or normalized text dedupe only; not imported or scanned."
"RAW:海南华铁","unspecified","","海南华铁","海南华铁","Research\config\pending_list.txt","1","unverified","Exact code/ticker or normalized text dedupe only; not imported or scanned."
"RAW:海天味业","unspecified","","海天味业","海天味业","Research\config\pending_list.txt","1","unverified","Exact code/ticker or normalized text dedupe only; not imported or scanned."
"RAW:海天瑞声","unspecified","","海天瑞声","海天瑞声","company-wiki\companies_list.txt | revenue-forecast\.planning\2026-09-19-three-project-history-audit\execution_runs\I-14-F-R1\a20260922-01\iso\red-tree\companies_list.txt","42","unverified","Exact code/ticker or normalized text dedupe only; not imported or scanned."
"RAW:海天精工","unspecified","","海天精工","海天精工","Research\config\pending_list.txt","1","unverified","Exact code/ticker or normalized text dedupe only; not imported or scanned."
"RAW:海尔智家","unspecified","","海尔智家","海尔智家","Research\config\pending_list.txt","1","unverified","Exact code/ticker or normalized text dedupe only; not imported or scanned."
"RAW:海尔生物","unspecified","","海尔生物","海尔生物","Research\config\pending_list.txt","1","unverified","Exact code/ticker or normalized text dedupe only; not imported or scanned."
"RAW:海底捞","unspecified","","海底捞","海底捞","company-wiki\companies_list.txt | revenue-forecast\.planning\2026-09-19-three-project-history-audit\execution_runs\I-14-F-R1\a20260922-01\iso\red-tree\companies_list.txt","42","unverified","Exact code/ticker or normalized text dedupe only; not imported or scanned."
"RAW:海康威视","unspecified","","海康威视","海康威视","company-wiki\companies_list.txt | Research\config\pending_list.txt | revenue-forecast\.planning\2026-09-19-three-project-history-audit\execution_runs\I-14-F-R1\a20260922-01\iso\red-tree\companies_list.txt","43","unverified","Exact code/ticker or normalized text dedupe only; not imported or scanned."
"RAW:海澜之家","unspecified","","海澜之家","海澜之家","company-wiki\companies_list.txt | Research\config\pending_list.txt | revenue-forecast\.planning\2026-09-19-three-project-history-audit\execution_runs\I-14-F-R1\a20260922-01\iso\red-tree\companies_list.txt","43","unverified","Exact code/ticker or normalized text dedupe only; not imported or scanned."
"RAW:涪陵榨菜","unspecified","","涪陵榨菜","涪陵榨菜","Research\config\pending_list.txt","1","unverified","Exact code/ticker or normalized text dedupe only; not imported or scanned."
"RAW:溢多利","unspecified","","溢多利","溢多利","company-wiki\companies_list.txt | revenue-forecast\.planning\2026-09-19-three-project-history-audit\execution_runs\I-14-F-R1\a20260922-01\iso\red-tree\companies_list.txt","42","unverified","Exact code/ticker or normalized text dedupe only; not imported or scanned."
"RAW:潮宏基","unspecified","","潮宏基","潮宏基","company-wiki\companies_list.txt | revenue-forecast\.planning\2026-09-19-three-project-history-audit\execution_runs\I-14-F-R1\a20260922-01\iso\red-tree\companies_list.txt","42","unverified","Exact code/ticker or normalized text dedupe only; not imported or scanned."
"RAW:火炬电子","unspecified","","火炬电子","火炬电子","company-wiki\companies_list.txt | Research\config\pending_list.txt | revenue-forecast\.planning\2026-09-19-three-project-history-audit\execution_runs\I-14-F-R1\a20260922-01\iso\red-tree\companies_list.txt","43","unverified","Exact code/ticker or normalized text dedupe only; not imported or scanned."
"RAW:爱婴室","unspecified","","爱婴室","爱婴室","company-wiki\companies_list.txt | revenue-forecast\.planning\2026-09-19-three-project-history-audit\execution_runs\I-14-F-R1\a20260922-01\iso\red-tree\companies_list.txt","42","unverified","Exact code/ticker or normalized text dedupe only; not imported or scanned."
"RAW:爱玛科技","unspecified","","爱玛科技","爱玛科技","Research\config\pending_list.txt","1","unverified","Exact code/ticker or normalized text dedupe only; not imported or scanned."
"RAW:玉禾田","unspecified","","玉禾田","玉禾田","company-wiki\companies_list.txt | revenue-forecast\.planning\2026-09-19-three-project-history-audit\execution_runs\I-14-F-R1\a20260922-01\iso\red-tree\companies_list.txt","42","unverified","Exact code/ticker or normalized text dedupe only; not imported or scanned."
"RAW:玲珑轮胎","unspecified","","玲珑轮胎","玲珑轮胎","company-wiki\companies_list.txt | revenue-forecast\.planning\2026-09-19-three-project-history-audit\execution_runs\I-14-F-R1\a20260922-01\iso\red-tree\companies_list.txt","42","unverified","Exact code/ticker or normalized text dedupe only; not imported or scanned."
"RAW:珀莱雅","unspecified","","珀莱雅","珀莱雅","company-wiki\companies_list.txt | Research\config\pending_list.txt | revenue-forecast\.planning\2026-09-19-three-project-history-audit\execution_runs\I-14-F-R1\a20260922-01\iso\red-tree\companies_list.txt","43","unverified","Exact code/ticker or normalized text dedupe only; not imported or scanned."
"RAW:珂玛科技","unspecified","","珂玛科技","珂玛科技","company-wiki\companies_list.txt | Research\config\pending_list.txt | revenue-forecast\.planning\2026-09-19-three-project-history-audit\execution_runs\I-14-F-R1\a20260922-01\iso\red-tree\companies_list.txt","43","unverified","Exact code/ticker or normalized text dedupe only; not imported or scanned."
"RAW:甬矽电子","unspecified","","甬矽电子","甬矽电子","company-wiki\companies_list.txt | revenue-forecast\.planning\2026-09-19-three-project-history-audit\execution_runs\I-14-F-R1\a20260922-01\iso\red-tree\companies_list.txt","42","unverified","Exact code/ticker or normalized text dedupe only; not imported or scanned."
"RAW:申菱环境","unspecified","","申菱环境","申菱环境","company-wiki\companies_list.txt | revenue-forecast\.planning\2026-09-19-three-project-history-audit\execution_runs\I-14-F-R1\a20260922-01\iso\red-tree\companies_list.txt","42","unverified","Exact code/ticker or normalized text dedupe only; not imported or scanned."
"RAW:百傲化学","unspecified","","百傲化学","百傲化学","company-wiki\companies_list.txt | Research\config\pending_list.txt | revenue-forecast\.planning\2026-09-19-three-project-history-audit\execution_runs\I-14-F-R1\a20260922-01\iso\red-tree\companies_list.txt","43","unverified","Exact code/ticker or normalized text dedupe only; not imported or scanned."
"RAW:百度","unspecified","","百度","百度","company-wiki\companies_list.txt | revenue-forecast\.planning\2026-09-19-three-project-history-audit\execution_runs\I-14-F-R1\a20260922-01\iso\red-tree\companies_list.txt","42","unverified","Exact code/ticker or normalized text dedupe only; not imported or scanned."
"RAW:百济神州","unspecified","","百济神州","百济神州","company-wiki\companies_list.txt | revenue-forecast\.planning\2026-09-19-three-project-history-audit\execution_runs\I-14-F-R1\a20260922-01\iso\red-tree\companies_list.txt","42","unverified","Exact code/ticker or normalized text dedupe only; not imported or scanned."
"RAW:盈建科","unspecified","","盈建科","盈建科","company-wiki\companies_list.txt | Research\config\pending_list.txt | revenue-forecast\.planning\2026-09-19-three-project-history-audit\execution_runs\I-14-F-R1\a20260922-01\iso\red-tree\companies_list.txt","43","unverified","Exact code/ticker or normalized text dedupe only; not imported or scanned."
"RAW:盛美上海","unspecified","","盛美上海","盛美上海","company-wiki\companies_list.txt | revenue-forecast\.planning\2026-09-19-three-project-history-audit\execution_runs\I-14-F-R1\a20260922-01\iso\red-tree\companies_list.txt","42","unverified","Exact code/ticker or normalized text dedupe only; not imported or scanned."
"RAW:石英股份","unspecified","","石英股份","石英股份","company-wiki\companies_list.txt | Research\config\pending_list.txt | revenue-forecast\.planning\2026-09-19-three-project-history-audit\execution_runs\I-14-F-R1\a20260922-01\iso\red-tree\companies_list.txt","43","unverified","Exact code/ticker or normalized text dedupe only; not imported or scanned."
"RAW:石药集团","unspecified","","石药集团","石药集团","company-wiki\companies_list.txt | revenue-forecast\.planning\2026-09-19-three-project-history-audit\execution_runs\I-14-F-R1\a20260922-01\iso\red-tree\companies_list.txt","42","unverified","Exact code/ticker or normalized text dedupe only; not imported or scanned."
"RAW:祥源新材","unspecified","","祥源新材","祥源新材","company-wiki\companies_list.txt | revenue-forecast\.planning\2026-09-19-three-project-history-audit\execution_runs\I-14-F-R1\a20260922-01\iso\red-tree\companies_list.txt","42","unverified","Exact code/ticker or normalized text dedupe only; not imported or scanned."
"RAW:福斯特","unspecified","","福斯特","福斯特","company-wiki\companies_list.txt | revenue-forecast\.planning\2026-09-19-three-project-history-audit\execution_runs\I-14-F-R1\a20260922-01\iso\red-tree\companies_list.txt","42","unverified","Exact code/ticker or normalized text dedupe only; not imported or scanned."
"RAW:福晶科技","unspecified","","福晶科技","福晶科技","Research\config\pending_list.txt","1","unverified","Exact code/ticker or normalized text dedupe only; not imported or scanned."
"RAW:禾信仪器","unspecified","","禾信仪器","禾信仪器","company-wiki\companies_list.txt | revenue-forecast\.planning\2026-09-19-three-project-history-audit\execution_runs\I-14-F-R1\a20260922-01\iso\red-tree\companies_list.txt","42","unverified","Exact code/ticker or normalized text dedupe only; not imported or scanned."
"RAW:科前生物","unspecified","","科前生物","科前生物","Research\config\pending_list.txt","1","unverified","Exact code/ticker or normalized text dedupe only; not imported or scanned."
"RAW:科大讯飞","unspecified","","科大讯飞","科大讯飞","company-wiki\companies_list.txt | revenue-forecast\.planning\2026-09-19-three-project-history-audit\execution_runs\I-14-F-R1\a20260922-01\iso\red-tree\companies_list.txt","42","unverified","Exact code/ticker or normalized text dedupe only; not imported or scanned."
"RAW:科思科技","unspecified","","科思科技","科思科技","company-wiki\companies_list.txt | revenue-forecast\.planning\2026-09-19-three-project-history-audit\execution_runs\I-14-F-R1\a20260922-01\iso\red-tree\companies_list.txt","42","unverified","Exact code/ticker or normalized text dedupe only; not imported or scanned."
"RAW:科思股份","unspecified","","科思股份","科思股份","Research\config\pending_list.txt","1","unverified","Exact code/ticker or normalized text dedupe only; not imported or scanned."
"RAW:精测电子","unspecified","","精测电子","精测电子","company-wiki\companies_list.txt | revenue-forecast\.planning\2026-09-19-three-project-history-audit\execution_runs\I-14-F-R1\a20260922-01\iso\red-tree\companies_list.txt","42","unverified","Exact code/ticker or normalized text dedupe only; not imported or scanned."
"RAW:索菲亚","unspecified","","索菲亚","索菲亚","company-wiki\companies_list.txt | Research\config\pending_list.txt | revenue-forecast\.planning\2026-09-19-three-project-history-audit\execution_runs\I-14-F-R1\a20260922-01\iso\red-tree\companies_list.txt","43","unverified","Exact code/ticker or normalized text dedupe only; not imported or scanned."
"RAW:紫光股份","unspecified","","紫光股份","紫光股份","company-wiki\companies_list.txt | revenue-forecast\.planning\2026-09-19-three-project-history-audit\execution_runs\I-14-F-R1\a20260922-01\iso\red-tree\companies_list.txt","42","unverified","Exact code/ticker or normalized text dedupe only; not imported or scanned."
"RAW:纳微科技","unspecified","","纳微科技","纳微科技","Research\config\pending_list.txt","1","unverified","Exact code/ticker or normalized text dedupe only; not imported or scanned."
"RAW:绝味食品","unspecified","","绝味食品","绝味食品","company-wiki\companies_list.txt | revenue-forecast\.planning\2026-09-19-three-project-history-audit\execution_runs\I-14-F-R1\a20260922-01\iso\red-tree\companies_list.txt","42","unverified","Exact code/ticker or normalized text dedupe only; not imported or scanned."
"RAW:绿茵生态","unspecified","","绿茵生态","绿茵生态","company-wiki\companies_list.txt | revenue-forecast\.planning\2026-09-19-three-project-history-audit\execution_runs\I-14-F-R1\a20260922-01\iso\red-tree\companies_list.txt","42","unverified","Exact code/ticker or normalized text dedupe only; not imported or scanned."
"RAW:网易","unspecified","","网易","网易","company-wiki\companies_list.txt | revenue-forecast\.planning\2026-09-19-three-project-history-audit\execution_runs\I-14-F-R1\a20260922-01\iso\red-tree\companies_list.txt","42","unverified","Exact code/ticker or normalized text dedupe only; not imported or scanned."
"RAW:美凯龙","unspecified","","美凯龙","美凯龙","company-wiki\companies_list.txt | revenue-forecast\.planning\2026-09-19-three-project-history-audit\execution_runs\I-14-F-R1\a20260922-01\iso\red-tree\companies_list.txt","42","unverified","Exact code/ticker or normalized text dedupe only; not imported or scanned."
"RAW:美团","unspecified","","美团","美团","company-wiki\companies_list.txt | revenue-forecast\.planning\2026-09-19-three-project-history-audit\execution_runs\I-14-F-R1\a20260922-01\iso\red-tree\companies_list.txt","42","unverified","Exact code/ticker or normalized text dedupe only; not imported or scanned."
"RAW:老凤祥","unspecified","","老凤祥","老凤祥","company-wiki\companies_list.txt | revenue-forecast\.planning\2026-09-19-three-project-history-audit\execution_runs\I-14-F-R1\a20260922-01\iso\red-tree\companies_list.txt","42","unverified","Exact code/ticker or normalized text dedupe only; not imported or scanned."
"RAW:老板电器","unspecified","","老板电器","老板电器","Research\config\pending_list.txt","1","unverified","Exact code/ticker or normalized text dedupe only; not imported or scanned."
"RAW:联影医疗","unspecified","","联影医疗","联影医疗","company-wiki\companies_list.txt | revenue-forecast\.planning\2026-09-19-three-project-history-audit\execution_runs\I-14-F-R1\a20260922-01\iso\red-tree\companies_list.txt","42","unverified","Exact code/ticker or normalized text dedupe only; not imported or scanned."
"RAW:能科科技","unspecified","","能科科技","能科科技","Research\config\pending_list.txt","1","unverified","Exact code/ticker or normalized text dedupe only; not imported or scanned."
"RAW:腾讯","unspecified","","腾讯","腾讯","company-wiki\companies_list.txt | revenue-forecast\.planning\2026-09-19-three-project-history-audit\execution_runs\I-14-F-R1\a20260922-01\iso\red-tree\companies_list.txt","42","unverified","Exact code/ticker or normalized text dedupe only; not imported or scanned."
"RAW:至纯科技","unspecified","","至纯科技","至纯科技","company-wiki\companies_list.txt | Research\config\pending_list.txt | revenue-forecast\.planning\2026-09-19-three-project-history-audit\execution_runs\I-14-F-R1\a20260922-01\iso\red-tree\companies_list.txt","43","unverified","Exact code/ticker or normalized text dedupe only; not imported or scanned."
"RAW:航发动力","unspecified","","航发动力","航发动力","company-wiki\companies_list.txt | revenue-forecast\.planning\2026-09-19-three-project-history-audit\execution_runs\I-14-F-R1\a20260922-01\iso\red-tree\companies_list.txt","42","unverified","Exact code/ticker or normalized text dedupe only; not imported or scanned."
"RAW:航发控制","unspecified","","航发控制","航发控制","company-wiki\companies_list.txt | revenue-forecast\.planning\2026-09-19-three-project-history-audit\execution_runs\I-14-F-R1\a20260922-01\iso\red-tree\companies_list.txt","42","unverified","Exact code/ticker or normalized text dedupe only; not imported or scanned."
"RAW:航发科技","unspecified","","航发科技","航发科技","company-wiki\companies_list.txt | revenue-forecast\.planning\2026-09-19-three-project-history-audit\execution_runs\I-14-F-R1\a20260922-01\iso\red-tree\companies_list.txt","42","unverified","Exact code/ticker or normalized text dedupe only; not imported or scanned."
"RAW:航天发展","unspecified","","航天发展","航天发展","company-wiki\companies_list.txt | Research\config\pending_list.txt | revenue-forecast\.planning\2026-09-19-three-project-history-audit\execution_runs\I-14-F-R1\a20260922-01\iso\red-tree\companies_list.txt","43","unverified","Exact code/ticker or normalized text dedupe only; not imported or scanned."
"RAW:艾力斯","unspecified","","艾力斯","艾力斯","Research\config\pending_list.txt","1","unverified","Exact code/ticker or normalized text dedupe only; not imported or scanned."
"RAW:芒果超媒","unspecified","","芒果超媒","芒果超媒","company-wiki\companies_list.txt | revenue-forecast\.planning\2026-09-19-three-project-history-audit\execution_runs\I-14-F-R1\a20260922-01\iso\red-tree\companies_list.txt","42","unverified","Exact code/ticker or normalized text dedupe only; not imported or scanned."
"RAW:苏博特","unspecified","","苏博特","苏博特","company-wiki\companies_list.txt | revenue-forecast\.planning\2026-09-19-three-project-history-audit\execution_runs\I-14-F-R1\a20260922-01\iso\red-tree\companies_list.txt","42","unverified","Exact code/ticker or normalized text dedupe only; not imported or scanned."
"RAW:苏泊尔","unspecified","","苏泊尔","苏泊尔","Research\config\pending_list.txt","1","unverified","Exact code/ticker or normalized text dedupe only; not imported or scanned."
"RAW:苏试试验","unspecified","","苏试试验","苏试试验","company-wiki\companies_list.txt | Research\config\pending_list.txt | revenue-forecast\.planning\2026-09-19-three-project-history-audit\execution_runs\I-14-F-R1\a20260922-01\iso\red-tree\companies_list.txt","43","unverified","Exact code/ticker or normalized text dedupe only; not imported or scanned."
"RAW:英伟达","unspecified","","英伟达","英伟达","company-wiki\companies_list.txt | revenue-forecast\.planning\2026-09-19-three-project-history-audit\execution_runs\I-14-F-R1\a20260922-01\iso\red-tree\companies_list.txt","42","unverified","Exact code/ticker or normalized text dedupe only; not imported or scanned."
"RAW:英维克","unspecified","","英维克","英维克","company-wiki\companies_list.txt | revenue-forecast\.planning\2026-09-19-three-project-history-audit\execution_runs\I-14-F-R1\a20260922-01\iso\red-tree\companies_list.txt","42","unverified","Exact code/ticker or normalized text dedupe only; not imported or scanned."
"RAW:茅台","unspecified","","茅台","茅台","company-wiki\companies_list.txt | revenue-forecast\.planning\2026-09-19-three-project-history-audit\execution_runs\I-14-F-R1\a20260922-01\iso\red-tree\companies_list.txt","42","unverified","Exact code/ticker or normalized text dedupe only; not imported or scanned."
"RAW:药明康德","unspecified","","药明康德","药明康德","company-wiki\companies_list.txt | revenue-forecast\.planning\2026-09-19-three-project-history-audit\execution_runs\I-14-F-R1\a20260922-01\iso\red-tree\companies_list.txt","42","unverified","Exact code/ticker or normalized text dedupe only; not imported or scanned."
"RAW:药明生物","unspecified","","药明生物","药明生物","company-wiki\companies_list.txt | revenue-forecast\.planning\2026-09-19-three-project-history-audit\execution_runs\I-14-F-R1\a20260922-01\iso\red-tree\companies_list.txt","42","unverified","Exact code/ticker or normalized text dedupe only; not imported or scanned."
"RAW:菲利华","unspecified","","菲利华","菲利华","company-wiki\companies_list.txt | Research\config\pending_list.txt | revenue-forecast\.planning\2026-09-19-three-project-history-audit\execution_runs\I-14-F-R1\a20260922-01\iso\red-tree\companies_list.txt","43","unverified","Exact code/ticker or normalized text dedupe only; not imported or scanned."
"RAW:虹软科技","unspecified","","虹软科技","虹软科技","company-wiki\companies_list.txt | revenue-forecast\.planning\2026-09-19-three-project-history-audit\execution_runs\I-14-F-R1\a20260922-01\iso\red-tree\companies_list.txt","42","unverified","Exact code/ticker or normalized text dedupe only; not imported or scanned."
"RAW:视觉中国","unspecified","","视觉中国","视觉中国","company-wiki\companies_list.txt | Research\config\pending_list.txt | revenue-forecast\.planning\2026-09-19-three-project-history-audit\execution_runs\I-14-F-R1\a20260922-01\iso\red-tree\companies_list.txt","43","unverified","Exact code/ticker or normalized text dedupe only; not imported or scanned."
"RAW:许继电气","unspecified","","许继电气","许继电气","company-wiki\companies_list.txt | revenue-forecast\.planning\2026-09-19-three-project-history-audit\execution_runs\I-14-F-R1\a20260922-01\iso\red-tree\companies_list.txt","42","unverified","Exact code/ticker or normalized text dedupe only; not imported or scanned."
"RAW:设计总院","unspecified","","设计总院","设计总院","company-wiki\companies_list.txt | revenue-forecast\.planning\2026-09-19-three-project-history-audit\execution_runs\I-14-F-R1\a20260922-01\iso\red-tree\companies_list.txt","42","unverified","Exact code/ticker or normalized text dedupe only; not imported or scanned."
"RAW:诺瓦星云","unspecified","","诺瓦星云","诺瓦星云","Research\config\pending_list.txt","1","unverified","Exact code/ticker or normalized text dedupe only; not imported or scanned."
"RAW:贝泰妮","unspecified","","贝泰妮","贝泰妮","company-wiki\companies_list.txt | revenue-forecast\.planning\2026-09-19-three-project-history-audit\execution_runs\I-14-F-R1\a20260922-01\iso\red-tree\companies_list.txt","42","unverified","Exact code/ticker or normalized text dedupe only; not imported or scanned."
"RAW:赛轮轮胎","unspecified","","赛轮轮胎","赛轮轮胎","company-wiki\companies_list.txt | revenue-forecast\.planning\2026-09-19-three-project-history-audit\execution_runs\I-14-F-R1\a20260922-01\iso\red-tree\companies_list.txt","42","unverified","Exact code/ticker or normalized text dedupe only; not imported or scanned."
"RAW:辰安科技","unspecified","","辰安科技","辰安科技","Research\config\pending_list.txt","1","unverified","Exact code/ticker or normalized text dedupe only; not imported or scanned."
"RAW:迈瑞医疗","unspecified","","迈瑞医疗","迈瑞医疗","company-wiki\companies_list.txt | Research\config\pending_list.txt | revenue-forecast\.planning\2026-09-19-three-project-history-audit\execution_runs\I-14-F-R1\a20260922-01\iso\red-tree\companies_list.txt","43","unverified","Exact code/ticker or normalized text dedupe only; not imported or scanned."
"RAW:迎驾贡酒","unspecified","","迎驾贡酒","迎驾贡酒","Research\config\pending_list.txt","1","unverified","Exact code/ticker or normalized text dedupe only; not imported or scanned."
"RAW:迪瑞医疗","unspecified","","迪瑞医疗","迪瑞医疗","Research\config\pending_list.txt","1","unverified","Exact code/ticker or normalized text dedupe only; not imported or scanned."
"RAW:迪阿股份","unspecified","","迪阿股份","迪阿股份","Research\config\pending_list.txt","1","unverified","Exact code/ticker or normalized text dedupe only; not imported or scanned."
"RAW:通富微电","unspecified","","通富微电","通富微电","company-wiki\companies_list.txt | revenue-forecast\.planning\2026-09-19-three-project-history-audit\execution_runs\I-14-F-R1\a20260922-01\iso\red-tree\companies_list.txt","42","unverified","Exact code/ticker or normalized text dedupe only; not imported or scanned."
"RAW:道氏技术","unspecified","","道氏技术","道氏技术","company-wiki\companies_list.txt | revenue-forecast\.planning\2026-09-19-three-project-history-audit\execution_runs\I-14-F-R1\a20260922-01\iso\red-tree\companies_list.txt","42","unverified","Exact code/ticker or normalized text dedupe only; not imported or scanned."
"RAW:金开新能","unspecified","","金开新能","金开新能","Research\config\pending_list.txt","1","unverified","Exact code/ticker or normalized text dedupe only; not imported or scanned."
"RAW:金徽股份","unspecified","","金徽股份","金徽股份","Research\config\pending_list.txt","1","unverified","Exact code/ticker or normalized text dedupe only; not imported or scanned."
"RAW:金禾实业","unspecified","","金禾实业","金禾实业","company-wiki\companies_list.txt | Research\config\pending_list.txt | revenue-forecast\.planning\2026-09-19-three-project-history-audit\execution_runs\I-14-F-R1\a20260922-01\iso\red-tree\companies_list.txt","43","unverified","Exact code/ticker or normalized text dedupe only; not imported or scanned."
"RAW:金螳螂","unspecified","","金螳螂","金螳螂","Research\config\pending_list.txt","1","unverified","Exact code/ticker or normalized text dedupe only; not imported or scanned."
"RAW:金达莱","unspecified","","金达莱","金达莱","company-wiki\companies_list.txt | revenue-forecast\.planning\2026-09-19-three-project-history-audit\execution_runs\I-14-F-R1\a20260922-01\iso\red-tree\companies_list.txt","42","unverified","Exact code/ticker or normalized text dedupe only; not imported or scanned."
"RAW:锦江股份","unspecified","","锦江股份","锦江股份","company-wiki\companies_list.txt | revenue-forecast\.planning\2026-09-19-three-project-history-audit\execution_runs\I-14-F-R1\a20260922-01\iso\red-tree\companies_list.txt","42","unverified","Exact code/ticker or normalized text dedupe only; not imported or scanned."
"RAW:锦江酒店","unspecified","","锦江酒店","锦江酒店","Research\config\pending_list.txt","1","unverified","Exact code/ticker or normalized text dedupe only; not imported or scanned."
"RAW:长安汽车","unspecified","","长安汽车","长安汽车","company-wiki\companies_list.txt | Research\config\pending_list.txt | revenue-forecast\.planning\2026-09-19-three-project-history-audit\execution_runs\I-14-F-R1\a20260922-01\iso\red-tree\companies_list.txt","43","unverified","Exact code/ticker or normalized text dedupe only; not imported or scanned."
"RAW:长江证券","unspecified","","长江证券","长江证券","company-wiki\companies_list.txt | revenue-forecast\.planning\2026-09-19-three-project-history-audit\execution_runs\I-14-F-R1\a20260922-01\iso\red-tree\companies_list.txt","42","unverified","Exact code/ticker or normalized text dedupe only; not imported or scanned."
"RAW:长电科技","unspecified","","长电科技","长电科技","company-wiki\companies_list.txt | revenue-forecast\.planning\2026-09-19-three-project-history-audit\execution_runs\I-14-F-R1\a20260922-01\iso\red-tree\companies_list.txt","42","unverified","Exact code/ticker or normalized text dedupe only; not imported or scanned."
"RAW:阳光电源","unspecified","","阳光电源","阳光电源","company-wiki\companies_list.txt | revenue-forecast\.planning\2026-09-19-three-project-history-audit\execution_runs\I-14-F-R1\a20260922-01\iso\red-tree\companies_list.txt","42","unverified","Exact code/ticker or normalized text dedupe only; not imported or scanned."
"RAW:阿拉丁","unspecified","","阿拉丁","阿拉丁","company-wiki\companies_list.txt | revenue-forecast\.planning\2026-09-19-three-project-history-audit\execution_runs\I-14-F-R1\a20260922-01\iso\red-tree\companies_list.txt","42","unverified","Exact code/ticker or normalized text dedupe only; not imported or scanned."
"RAW:阿里巴巴","unspecified","","阿里巴巴","阿里巴巴","company-wiki\companies_list.txt | revenue-forecast\.planning\2026-09-19-three-project-history-audit\execution_runs\I-14-F-R1\a20260922-01\iso\red-tree\companies_list.txt","42","unverified","Exact code/ticker or normalized text dedupe only; not imported or scanned."
"RAW:陆家嘴","unspecified","","陆家嘴","陆家嘴","company-wiki\companies_list.txt | Research\config\pending_list.txt | revenue-forecast\.planning\2026-09-19-three-project-history-audit\execution_runs\I-14-F-R1\a20260922-01\iso\red-tree\companies_list.txt","43","unverified","Exact code/ticker or normalized text dedupe only; not imported or scanned."
"RAW:雅克科技","unspecified","","雅克科技","雅克科技","company-wiki\companies_list.txt | revenue-forecast\.planning\2026-09-19-three-project-history-audit\execution_runs\I-14-F-R1\a20260922-01\iso\red-tree\companies_list.txt","42","unverified","Exact code/ticker or normalized text dedupe only; not imported or scanned."
"RAW:雪榕生物","unspecified","","雪榕生物","雪榕生物","company-wiki\companies_list.txt | revenue-forecast\.planning\2026-09-19-three-project-history-audit\execution_runs\I-14-F-R1\a20260922-01\iso\red-tree\companies_list.txt","42","unverified","Exact code/ticker or normalized text dedupe only; not imported or scanned."
"RAW:顺丰控股","unspecified","","顺丰控股","顺丰控股","Research\config\pending_list.txt","1","unverified","Exact code/ticker or normalized text dedupe only; not imported or scanned."
"RAW:飞亚达","unspecified","","飞亚达","飞亚达","company-wiki\companies_list.txt | revenue-forecast\.planning\2026-09-19-three-project-history-audit\execution_runs\I-14-F-R1\a20260922-01\iso\red-tree\companies_list.txt","42","unverified","Exact code/ticker or normalized text dedupe only; not imported or scanned."
"RAW:飞凯材料","unspecified","","飞凯材料","飞凯材料","company-wiki\companies_list.txt | Research\config\pending_list.txt | revenue-forecast\.planning\2026-09-19-three-project-history-audit\execution_runs\I-14-F-R1\a20260922-01\iso\red-tree\companies_list.txt","43","unverified","Exact code/ticker or normalized text dedupe only; not imported or scanned."
"RAW:飞龙股份","unspecified","","飞龙股份","飞龙股份","company-wiki\companies_list.txt | revenue-forecast\.planning\2026-09-19-three-project-history-audit\execution_runs\I-14-F-R1\a20260922-01\iso\red-tree\companies_list.txt","42","unverified","Exact code/ticker or normalized text dedupe only; not imported or scanned."
"RAW:高澜股份","unspecified","","高澜股份","高澜股份","company-wiki\companies_list.txt | revenue-forecast\.planning\2026-09-19-three-project-history-audit\execution_runs\I-14-F-R1\a20260922-01\iso\red-tree\companies_list.txt","42","unverified","Exact code/ticker or normalized text dedupe only; not imported or scanned."
"RAW:鼎龙股份","unspecified","","鼎龙股份","鼎龙股份","company-wiki\companies_list.txt | revenue-forecast\.planning\2026-09-19-three-project-history-audit\execution_runs\I-14-F-R1\a20260922-01\iso\red-tree\companies_list.txt","42","unverified","Exact code/ticker or normalized text dedupe only; not imported or scanned."
"US:fig","US","FIG","Figma | Figma","FIG|Figma|Figma|nyse","earnings-transcripts\earnings-transcripts\companies.txt","1","unverified","Exact code/ticker or normalized text dedupe only; not imported or scanned."
"US:genb","US","GENB","Generate Biomedicines | Generate Biomedicines","GENB|Generate Biomedicines|Generate Biomedicines|nasdaq","earnings-transcripts\earnings-transcripts\companies.txt","1","unverified","Exact code/ticker or normalized text dedupe only; not imported or scanned."
"US:mdb","US","MDB","MongoDB | MongoDB","MDB|MongoDB|MongoDB|nasdaq","earnings-transcripts\earnings-transcripts\companies.txt","1","unverified","Exact code/ticker or normalized text dedupe only; not imported or scanned."
"US:msft","US","MSFT","微软 | Microsoft","MSFT|微软|Microsoft|nasdaq","earnings-transcripts\earnings-transcripts\companies.txt","1","unverified","Exact code/ticker or normalized text dedupe only; not imported or scanned."
"US:nvo","US","NVO","诺和诺德 | Novo Nordisk","NVO|诺和诺德|Novo Nordisk|nyse","earnings-transcripts\earnings-transcripts\companies.txt","1","unverified","Exact code/ticker or normalized text dedupe only; not imported or scanned."
"US:snow","US","SNOW","Snowflake | Snowflake","SNOW|Snowflake|Snowflake|nyse","earnings-transcripts\earnings-transcripts\companies.txt","1","unverified","Exact code/ticker or normalized text dedupe only; not imported or scanned."
"US:tal","US","TAL","好未来 | TAL Education","TAL|好未来|TAL Education|nyse","earnings-transcripts\earnings-transcripts\companies.txt","1","unverified","Exact code/ticker or normalized text dedupe only; not imported or scanned."
